patientId,sampleId,CANCER_TYPE,CANCER_TYPE_DETAILED,COPY_NUMBER,EXPRESSION_SUBTYPE,FRACTION_GENOME_ALTERED,HYPERMUTATED,ICLUSTER,METHYLATION_STATUS,METHYLATION_SUBTYPE,MLH1_SILENCING,MRNA_DATA,MSI_STATUS,MUTATION_COUNT,ONCOTREE_CODE,PRIMARY_SITE,SAMPLE_TYPE,SEQUENCED,SOMATIC_STATUS,TMB_NONSYNONYMOUS,TUMOR_STAGE_2009,study_id,label_source_field,original_label_value,normalized_msi_label,legacy_SAMPLE_TYPE,legacy_CANCER_TYPE,legacy_CANCER_TYPE_DETAILED,legacy_FRACTION_GENOME_ALTERED,legacy_TMB_NONSYNONYMOUS,ANEUPLOIDY_SCORE,MSI_SCORE_MANTIS,MSI_SENSOR_SCORE,TBL_SCORE,TISSUE_PROSPECTIVE_COLLECTION_INDICATOR,TISSUE_RETROSPECTIVE_COLLECTION_INDICATOR,TISSUE_SOURCE_SITE,TISSUE_SOURCE_SITE_CODE,TUMOR_TISSUE_SITE,TUMOR_TYPE,msi_score_mantis,msi_sensor_score,label_source
TCGA-A6-2670,TCGA-A6-2670-01,Colorectal Cancer,Colon Adenocarcinoma,1.0,CIN,0.5685,0.0,1,1.0,Cluster3,0.0,1.0,MSS,23.0,COAD,3 - left colon,Primary,1.0,Matched,0.766666667,Stage IIA,coadread_tcga_pub,MSI_STATUS,MSS,MSS,Primary,Colorectal Cancer,Colon Adenocarcinoma,,,,,,,,,,,,,,,
TCGA-A6-2671,TCGA-A6-2671-01,Colorectal Cancer,Colon Adenocarcinoma,1.0,,0.4881,,,0.0,,,0.0,MSS,,COAD,3 - left colon,Primary,0.0,Matched,,Stage IV,coadread_tcga_pub,MSI_STATUS,MSS,MSS,Primary,Colorectal Cancer,Colon Adenocarcinoma,0.4881,,,,,,,,,,,,,,
TCGA-A6-2672,TCGA-A6-2672-01,Colorectal Cancer,Colon Adenocarcinoma,1.0,MSI/CIMP,0.0357,1.0,2a,1.0,CIMP.H,1.0,1.0,MSI-H,412.0,COAD,2 - transverse colon,Primary,1.0,Matched,14.03333333,Stage IIIB,coadread_tcga_pub,MSI_STATUS,MSI-H,MSI-H,Primary,Colorectal Cancer,Colon Adenocarcinoma,0.0357,14.0333333333,,,,,,,,,,,,,
TCGA-A6-2674,TCGA-A6-2674-01,Colorectal Cancer,Colorectal Adenocarcinoma,1.0,MSI/CIMP,0.0611,0.0,2b,1.0,Cluster4,0.0,1.0,MSS,19.0,COADREAD,3 - left colon,Primary,1.0,Matched,0.666666667,Stage IV,coadread_tcga_pub,MSI_STATUS,MSS,MSS,Primary,Colorectal Cancer,Mucinous Adenocarcinoma of the Colon and Rectum,0.0611,0.666666666667,,,,,,,,,,,,,
TCGA-A6-2676,TCGA-A6-2676-01,Colorectal Cancer,Colorectal Adenocarcinoma,1.0,MSI/CIMP,0.0434,1.0,2a,1.0,CIMP.H,1.0,1.0,MSI-H,596.0,COADREAD,1 - right colon,Primary,1.0,Matched,20.53333333,Stage IIB,coadread_tcga_pub,MSI_STATUS,MSI-H,MSI-H,Primary,Colorectal Cancer,Colon Adenocarcinoma,0.0434,20.3,,,,,,,,,,,,,
TCGA-A6-2677,TCGA-A6-2677-01,Colorectal Cancer,Colon Adenocarcinoma,1.0,CIN,0.1723,0.0,1,1.0,Cluster3,0.0,1.0,MSS,56.0,COAD,1 - right colon,Primary,1.0,Matched,1.866666667,Stage IIIC,coadread_tcga_pub,MSI_STATUS,MSS,MSS,Primary,Colorectal Cancer,Colon Adenocarcinoma,0.1687,1.86666666667,,,,,,,,,,,,,
TCGA-A6-2678,TCGA-A6-2678-01,Colorectal Cancer,Colon Adenocarcinoma,1.0,Invasive,0.2501,0.0,2b,1.0,Cluster3,0.0,1.0,MSS,62.0,COAD,2 - transverse colon,Primary,1.0,Matched,2.066666667,Stage IIIB,coadread_tcga_pub,MSI_STATUS,MSS,MSS,Primary,Colorectal Cancer,Colon Adenocarcinoma,0.2501,2.06666666667,,,,,,,,,,,,,
TCGA-A6-2679,TCGA-A6-2679-01,Colorectal Cancer,Colon Adenocarcinoma,1.0,,0.3265,,,0.0,,,0.0,MSS,,COAD,1 - right colon,Primary,0.0,Matched,,Stage IIB,coadread_tcga_pub,MSI_STATUS,MSS,MSS,Primary,Colorectal Cancer,Colon Adenocarcinoma,0.3265,,,,,,,,,,,,,,
TCGA-A6-2680,TCGA-A6-2680-01,Colorectal Cancer,Colon Adenocarcinoma,1.0,,0.3938,,,0.0,,,0.0,MSS,,COAD,1 - right colon,Primary,0.0,Matched,,Stage IIA,coadread_tcga_pub,MSI_STATUS,MSS,MSS,Primary,Colorectal Cancer,Colon Adenocarcinoma,0.3938,,,,,,,,,,,,,,
TCGA-A6-2681,TCGA-A6-2681-01,Colorectal Cancer,Colon Adenocarcinoma,1.0,,0.3353,,,0.0,,,0.0,MSS,,COAD,1 - right colon,Primary,0.0,Matched,,Stage IIA,coadread_tcga_pub,MSI_STATUS,MSS,MSS,Primary,Colorectal Cancer,Colon Adenocarcinoma,0.3353,,,,,,,,,,,,,,
TCGA-A6-2682,TCGA-A6-2682-01,Colorectal Cancer,Colon Adenocarcinoma,1.0,,0.0603,,,1.0,,,0.0,MSS,,COAD,1 - right colon,Primary,0.0,Matched,,Stage IV,coadread_tcga_pub,MSI_STATUS,MSS,MSS,Primary,Colorectal Cancer,Colon Adenocarcinoma,0.0603,,,,,,,,,,,,,,
TCGA-A6-2685,TCGA-A6-2685-01,Colorectal Cancer,Colon Adenocarcinoma,1.0,,0.1206,,,1.0,,,0.0,MSS,,COAD,3 - left colon,Primary,0.0,Matched,,Stage IIA,coadread_tcga_pub,MSI_STATUS,MSS,MSS,Primary,Colorectal Cancer,Colon Adenocarcinoma,0.1206,,,,,,,,,,,,,,
TCGA-A6-2686,TCGA-A6-2686-01,Colorectal Cancer,Colon Adenocarcinoma,1.0,,0.3306,,,0.0,,,0.0,MSI-H,,COAD,1 - right colon,Primary,0.0,Matched,,Stage IIA,coadread_tcga_pub,MSI_STATUS,MSI-H,MSI-H,Primary,Colorectal Cancer,Colon Adenocarcinoma,0.3306,,,,,,,,,,,,,,
TCGA-A6-3807,TCGA-A6-3807-01,Colorectal Cancer,Colon Adenocarcinoma,1.0,MSI/CIMP,0.3442,0.0,3,1.0,Cluster4,0.0,1.0,MSS,70.0,COAD,3 - left colon,Primary,1.0,Matched,2.666666667,Stage IIIC,coadread_tcga_pub,MSI_STATUS,MSS,MSS,Primary,Colorectal Cancer,Colon Adenocarcinoma,0.3442,2.66666666667,,,,,,,,,,,,,
TCGA-A6-3809,TCGA-A6-3809-01,Colorectal Cancer,Colorectal Adenocarcinoma,0.0,MSI/CIMP,,,,1.0,CIMP.H,1.0,1.0,MSI-H,,COADREAD,2 - transverse colon,Primary,0.0,Matched,,Stage IIB,coadread_tcga_pub,MSI_STATUS,MSI-H,MSI-H,Primary,Colorectal Cancer,Mucinous Adenocarcinoma of the Colon and Rectum,0.0462,,,,,,,,,,,,,,
TCGA-A6-3810,TCGA-A6-3810-01,Colorectal Cancer,Colon Adenocarcinoma,0.0,MSI/CIMP,0.5157,0.0,,1.0,Cluster4,0.0,1.0,MSS,95.0,COAD,3 - left colon,Primary,1.0,Matched,3.233333333,Stage IIA,coadread_tcga_pub,MSI_STATUS,MSS,MSS,Primary,Colorectal Cancer,Colon Adenocarcinoma,0.4697,3.23333333333,,,,,,,,,,,,,
TCGA-A6-4107,TCGA-A6-4107-01,Colorectal Cancer,Colon Adenocarcinoma,1.0,,0.2565,,,1.0,,,0.0,MSS,,COAD,1 - right colon,Primary,0.0,Matched,,Stage IIIB,coadread_tcga_pub,MSI_STATUS,MSS,MSS,Primary,Colorectal Cancer,Colon Adenocarcinoma,0.2565,,,,,,,,,,,,,,
TCGA-AA-3488,TCGA-AA-3488-01,Colorectal Cancer,Colon Adenocarcinoma,1.0,,0.5933,,,1.0,,,0.0,MSS,,COAD,3 - left colon,Primary,0.0,Matched,,Stage IV,coadread_tcga_pub,MSI_STATUS,MSS,MSS,Primary,Colorectal Cancer,Colon Adenocarcinoma,0.5933,,,,,,,,,,,,,,
TCGA-AA-3492,TCGA-AA-3492-01,Colorectal Cancer,Colon Adenocarcinoma,1.0,,0.0047,,,1.0,,,0.0,MSI-H,,COAD,1 - right colon,Primary,0.0,Matched,,Stage IIA,coadread_tcga_pub,MSI_STATUS,MSI-H,MSI-H,Primary,Colorectal Cancer,Colon Adenocarcinoma,0.0047,,,,,,,,,,,,,,
TCGA-AA-3494,TCGA-AA-3494-01,Colorectal Cancer,Colon Adenocarcinoma,1.0,,0.4035,,,1.0,,,0.0,MSS,,COAD,3 - left colon,Primary,0.0,Matched,,Stage IV,coadread_tcga_pub,MSI_STATUS,MSS,MSS,Primary,Colorectal Cancer,Colon Adenocarcinoma,0.4035,,,,,,,,,,,,,,
TCGA-AA-3495,TCGA-AA-3495-01,Colorectal Cancer,Colon Adenocarcinoma,1.0,,0.2107,,,1.0,,,0.0,MSS,,COAD,1 - right colon,Primary,0.0,Matched,,Stage I,coadread_tcga_pub,MSI_STATUS,MSS,MSS,Primary,Colorectal Cancer,Colon Adenocarcinoma,0.2107,,,,,,,,,,,,,,
TCGA-AA-3506,TCGA-AA-3506-01,Colorectal Cancer,Colon Adenocarcinoma,1.0,,0.1853,,,1.0,,,0.0,MSS,,COAD,1 - right colon,Primary,0.0,Matched,,Stage I,coadread_tcga_pub,MSI_STATUS,MSS,MSS,Primary,Colorectal Cancer,Colon Adenocarcinoma,0.1853,,,,,,,,,,,,,,
TCGA-AA-3509,TCGA-AA-3509-01,Colorectal Cancer,Colon Adenocarcinoma,0.0,,,,,1.0,,,0.0,MSS,,COAD,3 - left colon,Primary,0.0,Matched,,Stage IIA,coadread_tcga_pub,MSI_STATUS,MSS,MSS,Primary,Colorectal Cancer,Colon Adenocarcinoma,,,,,,,,,,,,,,,
TCGA-AA-3510,TCGA-AA-3510-01,Colorectal Cancer,Colon Adenocarcinoma,1.0,,0.0002,,,1.0,,,0.0,MSS,,COAD,2 - transverse colon,Primary,0.0,Matched,,Stage IIA,coadread_tcga_pub,MSI_STATUS,MSS,MSS,Primary,Colorectal Cancer,Colon Adenocarcinoma,0.0002,,,,,,,,,,,,,,
TCGA-AA-3514,TCGA-AA-3514-01,Colorectal Cancer,Colon Adenocarcinoma,1.0,MSI/CIMP,0.0782,0.0,2b,1.0,Cluster3,0.0,1.0,MSS,59.0,COAD,1 - right colon,Primary,1.0,Matched,2.7,Stage I,coadread_tcga_pub,MSI_STATUS,MSS,MSS,Primary,Colorectal Cancer,Colon Adenocarcinoma,0.0782,2.7,,,,,,,,,,,,,
TCGA-AA-3516,TCGA-AA-3516-01,Colorectal Cancer,Colorectal Adenocarcinoma,1.0,MSI/CIMP,0.0096,1.0,2a,1.0,CIMP.H,1.0,1.0,MSI-H,690.0,COADREAD,1 - right colon,Primary,1.0,Matched,23.06666667,Stage IIIB,coadread_tcga_pub,MSI_STATUS,MSI-H,MSI-H,Primary,Colorectal Cancer,Mucinous Adenocarcinoma of the Colon and Rectum,0.0096,22.9333333333,,,,,,,,,,,,,
TCGA-AA-3518,TCGA-AA-3518-01,Colorectal Cancer,Colon Adenocarcinoma,1.0,MSI/CIMP,0.0026,1.0,2a,1.0,CIMP.H,1.0,1.0,MSI-H,411.0,COAD,1 - right colon,Primary,1.0,Matched,14.43333333,Stage IIA,coadread_tcga_pub,MSI_STATUS,MSI-H,MSI-H,Primary,Colorectal Cancer,Colon Adenocarcinoma,0.0026,14.3333333333,,,,,,,,,,,,,
TCGA-AA-3519,TCGA-AA-3519-01,Colorectal Cancer,Colon Adenocarcinoma,1.0,CIN,0.3694,0.0,3,1.0,Cluster3,0.0,1.0,MSS,37.0,COAD,4 - rectum,Primary,1.0,Matched,1.233333333,Stage IIIB,coadread_tcga_pub,MSI_STATUS,MSS,MSS,Primary,Colorectal Cancer,Colon Adenocarcinoma,0.3694,1.23333333333,,,,,,,,,,,,,
TCGA-AA-3521,TCGA-AA-3521-01,Colorectal Cancer,Colon Adenocarcinoma,1.0,CIN,0.2428,0.0,3,1.0,Cluster3,0.0,1.0,MSS,43.0,COAD,3 - left colon,Primary,1.0,Matched,1.433333333,Stage IIA,coadread_tcga_pub,MSI_STATUS,MSS,MSS,Primary,Colorectal Cancer,Colon Adenocarcinoma,0.2428,1.43333333333,,,,,,,,,,,,,
TCGA-AA-3522,TCGA-AA-3522-01,Colorectal Cancer,Colon Adenocarcinoma,1.0,Invasive,0.2992,0.0,2b,1.0,CIMP.L,0.0,1.0,MSS,43.0,COAD,1 - right colon,Primary,1.0,Matched,1.433333333,Stage IIA,coadread_tcga_pub,MSI_STATUS,MSS,MSS,Primary,Colorectal Cancer,Colon Adenocarcinoma,0.2992,1.43333333333,,,,,,,,,,,,,
TCGA-AA-3524,TCGA-AA-3524-01,Colorectal Cancer,Colon Adenocarcinoma,1.0,Invasive,0.1879,0.0,1,1.0,Cluster4,0.0,1.0,MSS,38.0,COAD,3 - left colon,Primary,1.0,Matched,1.3,Stage IIA,coadread_tcga_pub,MSI_STATUS,MSS,MSS,Primary,Colorectal Cancer,Colon Adenocarcinoma,0.1879,1.26666666667,,,,,,,,,,,,,
TCGA-AA-3525,TCGA-AA-3525-01,Colorectal Cancer,Colon Adenocarcinoma,1.0,MSI/CIMP,0.0018,1.0,2a,1.0,CIMP.H,1.0,1.0,MSI-H,469.0,COAD,1 - right colon,Primary,1.0,Matched,15.76666667,Stage IIIB,coadread_tcga_pub,MSI_STATUS,MSI-H,MSI-H,Primary,Colorectal Cancer,Colon Adenocarcinoma,0.0018,15.6,,,,,,,,,,,,,
TCGA-AA-3527,TCGA-AA-3527-01,Colorectal Cancer,Colon Adenocarcinoma,1.0,CIN,0.0639,0.0,2a,1.0,CIMP.L,0.0,1.0,MSS,67.0,COAD,1 - right colon,Primary,1.0,Matched,2.733333333,Stage IIA,coadread_tcga_pub,MSI_STATUS,MSS,MSS,Primary,Colorectal Cancer,Colon Adenocarcinoma,0.0639,2.7,,,,,,,,,,,,,
TCGA-AA-3530,TCGA-AA-3530-01,Colorectal Cancer,Colon Adenocarcinoma,1.0,CIN,0.1065,0.0,3,1.0,Cluster4,0.0,1.0,MSS,70.0,COAD,1 - right colon,Primary,1.0,Matched,2.533333333,Stage I,coadread_tcga_pub,MSI_STATUS,MSS,MSS,Primary,Colorectal Cancer,Colon Adenocarcinoma,0.1065,2.5,,,,,,,,,,,,,
TCGA-AA-3532,TCGA-AA-3532-01,Colorectal Cancer,Colon Adenocarcinoma,1.0,MSI/CIMP,0.3778,0.0,1,1.0,Cluster4,0.0,1.0,MSS,35.0,COAD,3 - left colon,Primary,1.0,Matched,1.2,Stage IIA,coadread_tcga_pub,MSI_STATUS,MSS,MSS,Primary,Colorectal Cancer,Colon Adenocarcinoma,0.3778,1.16666666667,,,,,,,,,,,,,
TCGA-AA-3534,TCGA-AA-3534-01,Colorectal Cancer,Colon Adenocarcinoma,1.0,CIN,0.7359,0.0,2b,1.0,Cluster3,0.0,1.0,MSS,51.0,COAD,1 - right colon,Primary,1.0,Matched,1.733333333,Stage IIA,coadread_tcga_pub,MSI_STATUS,MSS,MSS,Primary,Colorectal Cancer,Colon Adenocarcinoma,0.7359,1.73333333333,,,,,,,,,,,,,
TCGA-AA-3538,TCGA-AA-3538-01,Colorectal Cancer,Colon Adenocarcinoma,1.0,CIN,0.338,0.0,1,1.0,Cluster4,0.0,1.0,MSS,32.0,COAD,3 - left colon,Primary,1.0,Matched,1.066666667,Stage I,coadread_tcga_pub,MSI_STATUS,MSS,MSS,Primary,Colorectal Cancer,Colon Adenocarcinoma,0.338,1.06666666667,,,,,,,,,,,,,
TCGA-AA-3542,TCGA-AA-3542-01,Colorectal Cancer,Colon Adenocarcinoma,1.0,CIN,0.5186,0.0,,0.0,Cluster4,0.0,1.0,MSS,165.0,COAD,3 - left colon,Primary,1.0,Matched,10.86666667,Stage IIIC,coadread_tcga_pub,MSI_STATUS,MSS,MSS,Primary,Colorectal Cancer,Colon Adenocarcinoma,0.5186,10.8666666667,,,,,,,,,,,,,
TCGA-AA-3543,TCGA-AA-3543-01,Colorectal Cancer,Colorectal Adenocarcinoma,1.0,MSI/CIMP,0.0474,1.0,2b,1.0,CIMP.H,1.0,1.0,MSI-H,192.0,COADREAD,1 - right colon,Primary,1.0,Matched,6.433333333,Stage I,coadread_tcga_pub,MSI_STATUS,MSI-H,MSI-H,Primary,Colorectal Cancer,Mucinous Adenocarcinoma of the Colon and Rectum,0.0474,6.33333333333,,,,,,,,,,,,,
TCGA-AA-3544,TCGA-AA-3544-01,Colorectal Cancer,Colon Adenocarcinoma,1.0,CIN,0.3123,0.0,1,1.0,Cluster3,0.0,1.0,MSS,46.0,COAD,3 - left colon,Primary,1.0,Matched,1.533333333,Stage I,coadread_tcga_pub,MSI_STATUS,MSS,MSS,Primary,Colorectal Cancer,Colon Adenocarcinoma,0.3123,1.53333333333,,,,,,,,,,,,,
TCGA-AA-3548,TCGA-AA-3548-01,Colorectal Cancer,Colon Adenocarcinoma,1.0,CIN,0.2886,0.0,,0.0,Cluster3,0.0,1.0,MSS,30.0,COAD,1 - right colon,Primary,1.0,Matched,1.033333333,Stage IIIC,coadread_tcga_pub,MSI_STATUS,MSS,MSS,Primary,Colorectal Cancer,Colon Adenocarcinoma,0.2886,1.03333333333,,,,,,,,,,,,,
TCGA-AA-3549,TCGA-AA-3549-01,Colorectal Cancer,Colon Adenocarcinoma,1.0,CIN,0.2247,0.0,3,1.0,CIMP.L,0.0,1.0,MSS,51.0,COAD,1 - right colon,Primary,1.0,Matched,2.166666667,Stage I,coadread_tcga_pub,MSI_STATUS,MSS,MSS,Primary,Colorectal Cancer,Colon Adenocarcinoma,0.2247,2.16666666667,,,,,,,,,,,,,
TCGA-AA-3552,TCGA-AA-3552-01,Colorectal Cancer,Colon Adenocarcinoma,1.0,Invasive,0.4467,0.0,1,1.0,Cluster3,0.0,1.0,MSS,44.0,COAD,1 - right colon,Primary,1.0,Matched,1.466666667,Stage IIIC,coadread_tcga_pub,MSI_STATUS,MSS,MSS,Primary,Colorectal Cancer,Colon Adenocarcinoma,0.4467,1.46666666667,,,,,,,,,,,,,
TCGA-AA-3554,TCGA-AA-3554-01,Colorectal Cancer,Colon Adenocarcinoma,1.0,MSI/CIMP,0.0054,1.0,2a,1.0,Cluster4,0.0,1.0,MSI-H,245.0,COAD,1 - right colon,Primary,1.0,Matched,8.3,Stage IIA,coadread_tcga_pub,MSI_STATUS,MSI-H,MSI-H,Primary,Colorectal Cancer,Colon Adenocarcinoma,0.0054,8.2,,,,,,,,,,,,,
TCGA-AA-3555,TCGA-AA-3555-01,Colorectal Cancer,Colorectal Adenocarcinoma,1.0,MSI/CIMP,0.0004,1.0,2a,1.0,CIMP.L,0.0,1.0,MSS,723.0,COADREAD,1 - right colon,Primary,1.0,Matched,24.66666667,Stage IIA,coadread_tcga_pub,MSI_STATUS,MSS,MSS,Primary,Colorectal Cancer,Mucinous Adenocarcinoma of the Colon and Rectum,0.0004,24.7,,,,,,,,,,,,,
TCGA-AA-3556,TCGA-AA-3556-01,Colorectal Cancer,Colorectal Adenocarcinoma,1.0,MSI/CIMP,0.1326,0.0,2b,1.0,CIMP.L,0.0,1.0,MSS,30.0,COADREAD,3 - left colon,Primary,1.0,Matched,1.0,Stage I,coadread_tcga_pub,MSI_STATUS,MSS,MSS,Primary,Colorectal Cancer,Mucinous Adenocarcinoma of the Colon and Rectum,0.1326,1.0,,,,,,,,,,,,,
TCGA-AA-3558,TCGA-AA-3558-01,Colorectal Cancer,Colon Adenocarcinoma,1.0,Invasive,0.1554,0.0,2b,1.0,CIMP.L,0.0,1.0,MSS,95.0,COAD,3 - left colon,Primary,1.0,Matched,3.2,,coadread_tcga_pub,MSI_STATUS,MSS,MSS,Primary,Colorectal Cancer,Colon Adenocarcinoma,0.1554,3.2,,,,,,,,,,,,,
TCGA-AA-3560,TCGA-AA-3560-01,Colorectal Cancer,Colon Adenocarcinoma,1.0,CIN,0.4374,0.0,3,1.0,Cluster3,0.0,1.0,MSS,48.0,COAD,3 - left colon,Primary,1.0,Matched,1.633333333,Stage IIIC,coadread_tcga_pub,MSI_STATUS,MSS,MSS,Primary,Colorectal Cancer,Colon Adenocarcinoma,0.4374,1.63333333333,,,,,,,,,,,,,
TCGA-AA-3561,TCGA-AA-3561-01,Colorectal Cancer,Colon Adenocarcinoma,1.0,Invasive,0.2301,0.0,3,1.0,Cluster3,0.0,1.0,MSS,37.0,COAD,1 - right colon,Primary,1.0,Matched,1.266666667,Stage IIA,coadread_tcga_pub,MSI_STATUS,MSS,MSS,Primary,Colorectal Cancer,Colon Adenocarcinoma,0.2301,1.26666666667,,,,,,,,,,,,,
TCGA-AA-3562,TCGA-AA-3562-01,Colorectal Cancer,Colon Adenocarcinoma,1.0,CIN,0.3963,0.0,1,1.0,Cluster3,0.0,1.0,MSS,33.0,COAD,3 - left colon,Primary,1.0,Matched,1.066666667,Stage IIIC,coadread_tcga_pub,MSI_STATUS,MSS,MSS,Primary,Colorectal Cancer,Colon Adenocarcinoma,0.3963,1.06666666667,,,,,,,,,,,,,
TCGA-AA-3664,TCGA-AA-3664-01,Colorectal Cancer,Colon Adenocarcinoma,1.0,MSI/CIMP,0.2556,0.0,2b,1.0,CIMP.H,1.0,1.0,MSS,125.0,COAD,1 - right colon,Primary,1.0,Matched,4.233333333,Stage IIA,coadread_tcga_pub,MSI_STATUS,MSS,MSS,Primary,Colorectal Cancer,Colon Adenocarcinoma,0.2556,4.23333333333,,,,,,,,,,,,,
TCGA-AA-3666,TCGA-AA-3666-01,Colorectal Cancer,Colon Adenocarcinoma,1.0,Invasive,0.5738,0.0,3,1.0,Cluster4,0.0,1.0,MSS,128.0,COAD,1 - right colon,Primary,1.0,Matched,4.4,Stage IIIB,coadread_tcga_pub,MSI_STATUS,MSS,MSS,Primary,Colorectal Cancer,Colon Adenocarcinoma,0.5738,4.4,,,,,,,,,,,,,
TCGA-AA-3672,TCGA-AA-3672-01,Colorectal Cancer,Colon Adenocarcinoma,1.0,MSI/CIMP,0.0463,1.0,2a,1.0,CIMP.H,1.0,1.0,MSI-H,1361.0,COAD,2 - transverse colon,Primary,1.0,Matched,45.53333333,Stage IIIB,coadread_tcga_pub,MSI_STATUS,MSI-H,MSI-H,Primary,Colorectal Cancer,Colon Adenocarcinoma,0.0463,45.2333333333,,,,,,,,,,,,,
TCGA-AA-3673,TCGA-AA-3673-01,Colorectal Cancer,Colon Adenocarcinoma,1.0,Invasive,0.2291,0.0,1,1.0,CIMP.L,0.0,1.0,MSS,65.0,COAD,2 - transverse colon,Primary,1.0,Matched,2.233333333,Stage IIA,coadread_tcga_pub,MSI_STATUS,MSS,MSS,Primary,Colorectal Cancer,Colon Adenocarcinoma,0.2291,2.23333333333,,,,,,,,,,,,,
TCGA-AA-3675,TCGA-AA-3675-01,Colorectal Cancer,Colon Adenocarcinoma,1.0,,0.0556,,,1.0,CIMP.L,0.0,0.0,MSS,,COAD,1 - right colon,Primary,0.0,Matched,,Stage IIA,coadread_tcga_pub,MSI_STATUS,MSS,MSS,Primary,Colorectal Cancer,Colon Adenocarcinoma,0.0556,,,,,,,,,,,,,,
TCGA-AA-3678,TCGA-AA-3678-01,Colorectal Cancer,Colon Adenocarcinoma,1.0,CIN,0.2924,0.0,1,1.0,Cluster4,0.0,1.0,MSS,60.0,COAD,3 - left colon,Primary,1.0,Matched,2.1,Stage IIIA,coadread_tcga_pub,MSI_STATUS,MSS,MSS,Primary,Colorectal Cancer,Colon Adenocarcinoma,0.2924,2.1,,,,,,,,,,,,,
TCGA-AA-3679,TCGA-AA-3679-01,Colorectal Cancer,Colon Adenocarcinoma,1.0,CIN,0.5643,0.0,3,1.0,Cluster4,0.0,1.0,MSS,54.0,COAD,3 - left colon,Primary,1.0,Matched,1.866666667,Stage IV,coadread_tcga_pub,MSI_STATUS,MSS,MSS,Primary,Colorectal Cancer,Colon Adenocarcinoma,0.5643,1.86666666667,,,,,,,,,,,,,
TCGA-AA-3681,TCGA-AA-3681-01,Colorectal Cancer,Colon Adenocarcinoma,1.0,MSI/CIMP,0.3097,0.0,2b,1.0,CIMP.L,0.0,1.0,MSS,94.0,COAD,1 - right colon,Primary,1.0,Matched,3.3,Stage IIIB,coadread_tcga_pub,MSI_STATUS,MSS,MSS,Primary,Colorectal Cancer,Colon Adenocarcinoma,0.3097,3.3,,,,,,,,,,,,,
TCGA-AA-3684,TCGA-AA-3684-01,Colorectal Cancer,Colorectal Adenocarcinoma,1.0,MSI/CIMP,0.016,0.0,2a,1.0,CIMP.L,0.0,1.0,MSS,93.0,COADREAD,1 - right colon,Primary,1.0,Matched,3.2,Stage IV,coadread_tcga_pub,MSI_STATUS,MSS,MSS,Primary,Colorectal Cancer,Mucinous Adenocarcinoma of the Colon and Rectum,0.016,3.2,,,,,,,,,,,,,
TCGA-AA-3685,TCGA-AA-3685-01,Colorectal Cancer,Colon Adenocarcinoma,1.0,Invasive,0.5316,0.0,,0.0,Cluster4,0.0,1.0,MSS,63.0,COAD,3 - left colon,Primary,1.0,Matched,2.166666667,Stage IIA,coadread_tcga_pub,MSI_STATUS,MSS,MSS,Primary,Colorectal Cancer,Colon Adenocarcinoma,0.5316,2.16666666667,,,,,,,,,,,,,
TCGA-AA-3693,TCGA-AA-3693-01,Colorectal Cancer,Colon Adenocarcinoma,1.0,CIN,0.3546,0.0,3,1.0,Cluster4,0.0,1.0,MSS,110.0,COAD,3 - left colon,Primary,1.0,Matched,3.733333333,Stage IV,coadread_tcga_pub,MSI_STATUS,MSS,MSS,Primary,Colorectal Cancer,Colon Adenocarcinoma,0.3546,3.73333333333,,,,,,,,,,,,,
TCGA-AA-3695,TCGA-AA-3695-01,Colorectal Cancer,Colon Adenocarcinoma,1.0,CIN,0.4547,0.0,,0.0,CIMP.L,0.0,1.0,MSS,132.0,COAD,1 - right colon,Primary,1.0,Matched,4.533333333,Stage IV,coadread_tcga_pub,MSI_STATUS,MSS,MSS,Primary,Colorectal Cancer,Colon Adenocarcinoma,0.4547,4.53333333333,,,,,,,,,,,,,
TCGA-AA-3696,TCGA-AA-3696-01,Colorectal Cancer,Colon Adenocarcinoma,1.0,CIN,0.2657,0.0,2b,1.0,Cluster4,0.0,1.0,MSS,75.0,COAD,3 - left colon,Primary,1.0,Matched,2.6,Stage IV,coadread_tcga_pub,MSI_STATUS,MSS,MSS,Primary,Colorectal Cancer,Colon Adenocarcinoma,0.2657,2.56666666667,,,,,,,,,,,,,
TCGA-AA-3710,TCGA-AA-3710-01,Colorectal Cancer,Colon Adenocarcinoma,1.0,MSI/CIMP,0.0505,1.0,2a,1.0,CIMP.H,1.0,1.0,MSI-H,965.0,COAD,1 - right colon,Primary,1.0,Matched,32.4,Stage IIA,coadread_tcga_pub,MSI_STATUS,MSI-H,MSI-H,Primary,Colorectal Cancer,Colon Adenocarcinoma,0.0505,32.2666666667,,,,,,,,,,,,,
TCGA-AA-3715,TCGA-AA-3715-01,Colorectal Cancer,Colon Adenocarcinoma,1.0,MSI/CIMP,0.047,1.0,2b,1.0,CIMP.H,1.0,1.0,MSI-H,1481.0,COAD,1 - right colon,Primary,1.0,Matched,50.06666667,Stage IIA,coadread_tcga_pub,MSI_STATUS,MSI-H,MSI-H,Primary,Colorectal Cancer,Colon Adenocarcinoma,0.047,49.7333333333,,,,,,,,,,,,,
TCGA-AA-3811,TCGA-AA-3811-01,Colorectal Cancer,Colon Adenocarcinoma,0.0,MSI/CIMP,0.2961,1.0,,1.0,Cluster4,1.0,1.0,MSI-H,810.0,COAD,1 - right colon,Primary,1.0,Matched,28.63333333,Stage IIIB,coadread_tcga_pub,MSI_STATUS,MSI-H,MSI-H,Primary,Colorectal Cancer,Colon Adenocarcinoma,0.2961,28.4666666667,,,,,,,,,,,,,
TCGA-AA-3812,TCGA-AA-3812-01,Colorectal Cancer,Colon Adenocarcinoma,1.0,MSI/CIMP,0.0678,0.0,2b,1.0,Cluster4,0.0,1.0,MSS,79.0,COAD,3 - left colon,Primary,1.0,Matched,2.733333333,Stage IIA,coadread_tcga_pub,MSI_STATUS,MSS,MSS,Primary,Colorectal Cancer,Colon Adenocarcinoma,0.0678,2.73333333333,,,,,,,,,,,,,
TCGA-AA-3814,TCGA-AA-3814-01,Colorectal Cancer,Colon Adenocarcinoma,1.0,MSI/CIMP,0.1068,0.0,3,1.0,Cluster3,0.0,1.0,MSS,78.0,COAD,1 - right colon,Primary,1.0,Matched,2.666666667,Stage IIA,coadread_tcga_pub,MSI_STATUS,MSS,MSS,Primary,Colorectal Cancer,Colon Adenocarcinoma,0.1068,2.66666666667,,,,,,,,,,,,,
TCGA-AA-3815,TCGA-AA-3815-01,Colorectal Cancer,Colon Adenocarcinoma,0.0,MSI/CIMP,,,,1.0,CIMP.H,1.0,1.0,MSI-H,,COAD,1 - right colon,Primary,0.0,Matched,,Stage IIA,coadread_tcga_pub,MSI_STATUS,MSI-H,MSI-H,Primary,Colorectal Cancer,Colon Adenocarcinoma,,,,,,,,,,,,,,,
TCGA-AA-3818,TCGA-AA-3818-01,Colorectal Cancer,Colon Adenocarcinoma,1.0,Invasive,0.1748,0.0,2b,1.0,CIMP.L,0.0,1.0,MSS,102.0,COAD,1 - right colon,Primary,1.0,Matched,3.4,Stage IIA,coadread_tcga_pub,MSI_STATUS,MSS,MSS,Primary,Colorectal Cancer,Colon Adenocarcinoma,0.1748,3.4,,,,,,,,,,,,,
TCGA-AA-3821,TCGA-AA-3821-01,Colorectal Cancer,Colorectal Adenocarcinoma,1.0,MSI/CIMP,0.0002,1.0,2a,1.0,CIMP.H,1.0,1.0,MSI-H,633.0,COADREAD,1 - right colon,Primary,1.0,Matched,21.13333333,Stage I,coadread_tcga_pub,MSI_STATUS,MSI-H,MSI-H,Primary,Colorectal Cancer,Mucinous Adenocarcinoma of the Colon and Rectum,0.0002,21.0,,,,,,,,,,,,,
TCGA-AA-3831,TCGA-AA-3831-01,Colorectal Cancer,Colon Adenocarcinoma,1.0,Invasive,0.0012,0.0,2a,1.0,CIMP.L,0.0,1.0,MSS,94.0,COAD,3 - left colon,Primary,1.0,Matched,3.133333333,Stage IIA,coadread_tcga_pub,MSI_STATUS,MSS,MSS,Primary,Colorectal Cancer,Colon Adenocarcinoma,0.0012,3.13333333333,,,,,,,,,,,,,
TCGA-AA-3833,TCGA-AA-3833-01,Colorectal Cancer,Colon Adenocarcinoma,1.0,MSI/CIMP,0.0002,1.0,2a,1.0,CIMP.H,1.0,1.0,MSI-H,383.0,COAD,1 - right colon,Primary,1.0,Matched,12.93333333,Stage IIA,coadread_tcga_pub,MSI_STATUS,MSI-H,MSI-H,Primary,Colorectal Cancer,Colon Adenocarcinoma,0.0002,12.8,,,,,,,,,,,,,
TCGA-AA-3837,TCGA-AA-3837-01,Colorectal Cancer,Colorectal Adenocarcinoma,1.0,CIN,0.2128,0.0,2b,1.0,CIMP.H,0.0,1.0,MSS,105.0,COADREAD,1 - right colon,Primary,1.0,Matched,3.633333333,Stage IIA,coadread_tcga_pub,MSI_STATUS,MSS,MSS,Primary,Colorectal Cancer,Mucinous Adenocarcinoma of the Colon and Rectum,0.2128,3.63333333333,,,,,,,,,,,,,
TCGA-AA-3841,TCGA-AA-3841-01,Colorectal Cancer,Colon Adenocarcinoma,1.0,,0.4617,,,1.0,,,0.0,MSS,,COAD,3 - left colon,Primary,0.0,Matched,,Stage IIA,coadread_tcga_pub,MSI_STATUS,MSS,MSS,Primary,Colorectal Cancer,Colon Adenocarcinoma,0.4617,,,,,,,,,,,,,,
TCGA-AA-3842,TCGA-AA-3842-01,Colorectal Cancer,Colon Adenocarcinoma,1.0,MSI/CIMP,0.4471,0.0,1,1.0,CIMP.L,0.0,1.0,MSS,56.0,COAD,3 - left colon,Primary,1.0,Matched,1.966666667,Stage IIIA,coadread_tcga_pub,MSI_STATUS,MSS,MSS,Primary,Colorectal Cancer,Colon Adenocarcinoma,0.4471,1.96666666667,,,,,,,,,,,,,
TCGA-AA-3844,TCGA-AA-3844-01,Colorectal Cancer,Colon Adenocarcinoma,0.0,Invasive,0.3323,0.0,,1.0,Cluster3,0.0,1.0,MSS,85.0,COAD,3 - left colon,Primary,1.0,Matched,2.933333333,Stage IIIC,coadread_tcga_pub,MSI_STATUS,MSS,MSS,Primary,Colorectal Cancer,Colon Adenocarcinoma,0.3323,2.93333333333,,,,,,,,,,,,,
TCGA-AA-3845,TCGA-AA-3845-01,Colorectal Cancer,Colorectal Adenocarcinoma,1.0,MSI/CIMP,0.0892,1.0,2a,1.0,CIMP.H,1.0,1.0,MSI-H,662.0,COADREAD,1 - right colon,Primary,1.0,Matched,22.3,Stage IIA,coadread_tcga_pub,MSI_STATUS,MSI-H,MSI-H,Primary,Colorectal Cancer,Colon Adenocarcinoma,0.0892,22.1333333333,,,,,,,,,,,,,
TCGA-AA-3846,TCGA-AA-3846-01,Colorectal Cancer,Colon Adenocarcinoma,1.0,CIN,0.3878,0.0,3,1.0,Cluster3,0.0,1.0,MSS,69.0,COAD,3 - left colon,Primary,1.0,Matched,2.4,Stage IIA,coadread_tcga_pub,MSI_STATUS,MSS,MSS,Primary,Colorectal Cancer,Colon Adenocarcinoma,0.3878,2.4,,,,,,,,,,,,,
TCGA-AA-3848,TCGA-AA-3848-01,Colorectal Cancer,Colon Adenocarcinoma,1.0,CIN,0.1757,0.0,3,1.0,CIMP.L,0.0,1.0,MSS,105.0,COAD,3 - left colon,Primary,1.0,Matched,3.533333333,Stage IIIC,coadread_tcga_pub,MSI_STATUS,MSS,MSS,Primary,Colorectal Cancer,Colon Adenocarcinoma,0.1757,3.53333333333,,,,,,,,,,,,,
TCGA-AA-3850,TCGA-AA-3850-01,Colorectal Cancer,Colon Adenocarcinoma,0.0,Invasive,0.001,0.0,,1.0,CIMP.L,0.0,1.0,MSS,76.0,COAD,2 - transverse colon,Primary,1.0,Matched,2.633333333,Stage I,coadread_tcga_pub,MSI_STATUS,MSS,MSS,Primary,Colorectal Cancer,Colon Adenocarcinoma,0.001,2.63333333333,,,,,,,,,,,,,
TCGA-AA-3851,TCGA-AA-3851-01,Colorectal Cancer,Colon Adenocarcinoma,1.0,Invasive,0.4916,0.0,1,1.0,Cluster3,0.0,1.0,MSS,71.0,COAD,1 - right colon,Primary,1.0,Matched,2.433333333,Stage IIA,coadread_tcga_pub,MSI_STATUS,MSS,MSS,Primary,Colorectal Cancer,Colon Adenocarcinoma,0.4916,2.43333333333,,,,,,,,,,,,,
TCGA-AA-3856,TCGA-AA-3856-01,Colorectal Cancer,Colon Adenocarcinoma,1.0,Invasive,0.3329,0.0,1,1.0,Cluster4,0.0,1.0,MSS,48.0,COAD,3 - left colon,Primary,1.0,Matched,1.733333333,Stage IIA,coadread_tcga_pub,MSI_STATUS,MSS,MSS,Primary,Colorectal Cancer,Colon Adenocarcinoma,0.3329,1.73333333333,,,,,,,,,,,,,
TCGA-AA-3858,TCGA-AA-3858-01,Colorectal Cancer,Colon Adenocarcinoma,1.0,CIN,0.2739,0.0,1,1.0,Cluster3,0.0,1.0,MSS,42.0,COAD,3 - left colon,Primary,1.0,Matched,1.566666667,Stage I,coadread_tcga_pub,MSI_STATUS,MSS,MSS,Primary,Colorectal Cancer,Colon Adenocarcinoma,0.2739,1.56666666667,,,,,,,,,,,,,
TCGA-AA-3860,TCGA-AA-3860-01,Colorectal Cancer,Colon Adenocarcinoma,1.0,MSI/CIMP,0.7704,0.0,3,1.0,Cluster4,0.0,1.0,MSS,34.0,COAD,3 - left colon,Primary,1.0,Matched,1.133333333,Stage IIIB,coadread_tcga_pub,MSI_STATUS,MSS,MSS,Primary,Colorectal Cancer,Colon Adenocarcinoma,0.7704,1.13333333333,,,,,,,,,,,,,
TCGA-AA-3862,TCGA-AA-3862-01,Colorectal Cancer,Colon Adenocarcinoma,0.0,Invasive,,,,1.0,Cluster4,0.0,1.0,MSS,,COAD,2 - transverse colon,Primary,0.0,Matched,,Stage IIA,coadread_tcga_pub,MSI_STATUS,MSS,MSS,Primary,Colorectal Cancer,Colon Adenocarcinoma,,,,,,,,,,,,,,,
TCGA-AA-3864,TCGA-AA-3864-01,Colorectal Cancer,Colon Adenocarcinoma,1.0,MSI/CIMP,0.0008,1.0,2a,1.0,Cluster3,0.0,1.0,MSI-H,1938.0,COAD,1 - right colon,Primary,1.0,Matched,64.93333333,Stage IIA,coadread_tcga_pub,MSI_STATUS,MSI-H,MSI-H,Primary,Colorectal Cancer,Colon Adenocarcinoma,0.0008,64.7333333333,,,,,,,,,,,,,
TCGA-AA-3867,TCGA-AA-3867-01,Colorectal Cancer,Colon Adenocarcinoma,0.0,CIN,0.2456,0.0,,1.0,Cluster4,0.0,1.0,MSS,78.0,COAD,3 - left colon,Primary,1.0,Matched,2.833333333,Stage IV,coadread_tcga_pub,MSI_STATUS,MSS,MSS,Primary,Colorectal Cancer,Colon Adenocarcinoma,0.2456,2.83333333333,,,,,,,,,,,,,
TCGA-AA-3869,TCGA-AA-3869-01,Colorectal Cancer,Colon Adenocarcinoma,1.0,Invasive,0.4115,0.0,1,1.0,Cluster4,0.0,1.0,MSS,60.0,COAD,1 - right colon,Primary,1.0,Matched,2.266666667,Stage IV,coadread_tcga_pub,MSI_STATUS,MSS,MSS,Primary,Colorectal Cancer,Colon Adenocarcinoma,0.4115,2.23333333333,,,,,,,,,,,,,
TCGA-AA-3870,TCGA-AA-3870-01,Colorectal Cancer,Colon Adenocarcinoma,1.0,MSI/CIMP,0.314,0.0,2b,1.0,CIMP.H,0.0,1.0,MSS,95.0,COAD,1 - right colon,Primary,1.0,Matched,3.266666667,Stage IV,coadread_tcga_pub,MSI_STATUS,MSS,MSS,Primary,Colorectal Cancer,Colon Adenocarcinoma,0.314,3.26666666667,,,,,,,,,,,,,
TCGA-AA-3872,TCGA-AA-3872-01,Colorectal Cancer,Colon Adenocarcinoma,1.0,MSI/CIMP,0.4529,0.0,1,1.0,Cluster4,0.0,1.0,MSS,46.0,COAD,3 - left colon,Primary,1.0,Matched,1.666666667,Stage IV,coadread_tcga_pub,MSI_STATUS,MSS,MSS,Primary,Colorectal Cancer,Colon Adenocarcinoma,0.4529,1.66666666667,,,,,,,,,,,,,
TCGA-AA-3875,TCGA-AA-3875-01,Colorectal Cancer,Colon Adenocarcinoma,1.0,CIN,0.0867,0.0,2b,1.0,Cluster3,0.0,1.0,MSS,100.0,COAD,1 - right colon,Primary,1.0,Matched,3.4,Stage I,coadread_tcga_pub,MSI_STATUS,MSS,MSS,Primary,Colorectal Cancer,Colon Adenocarcinoma,0.0867,3.4,,,,,,,,,,,,,
TCGA-AA-3877,TCGA-AA-3877-01,Colorectal Cancer,Colorectal Adenocarcinoma,1.0,MSI/CIMP,0.0559,1.0,2a,1.0,CIMP.H,1.0,1.0,MSI-H,773.0,COADREAD,2 - transverse colon,Primary,1.0,Matched,26.16666667,Stage I,coadread_tcga_pub,MSI_STATUS,MSI-H,MSI-H,Primary,Colorectal Cancer,Mucinous Adenocarcinoma of the Colon and Rectum,0.0559,25.9,,,,,,,,,,,,,
TCGA-AA-3939,TCGA-AA-3939-01,Colorectal Cancer,Colon Adenocarcinoma,1.0,Invasive,0.6133,0.0,2b,1.0,Cluster3,0.0,1.0,MSS,101.0,COAD,1 - right colon,Primary,1.0,Matched,3.766666667,Stage IIA,coadread_tcga_pub,MSI_STATUS,MSS,MSS,Primary,Colorectal Cancer,Colon Adenocarcinoma,0.6133,3.76666666667,,,,,,,,,,,,,
TCGA-AA-3947,TCGA-AA-3947-01,Colorectal Cancer,Colorectal Adenocarcinoma,1.0,MSI/CIMP,0.0014,1.0,2a,1.0,CIMP.H,1.0,1.0,MSI-H,1227.0,COADREAD,1 - right colon,Primary,1.0,Matched,43.5,Stage IIB,coadread_tcga_pub,MSI_STATUS,MSI-H,MSI-H,Primary,Colorectal Cancer,Mucinous Adenocarcinoma of the Colon and Rectum,0.0014,43.1666666667,,,,,,,,,,,,,
TCGA-AA-3949,TCGA-AA-3949-01,Colorectal Cancer,Colorectal Adenocarcinoma,1.0,MSI/CIMP,0.0004,1.0,2a,1.0,CIMP.H,1.0,1.0,MSI-H,659.0,COADREAD,1 - right colon,Primary,1.0,Matched,23.06666667,Stage IIIB,coadread_tcga_pub,MSI_STATUS,MSI-H,MSI-H,Primary,Colorectal Cancer,Mucinous Adenocarcinoma of the Colon and Rectum,0.0004,22.8333333333,,,,,,,,,,,,,
TCGA-AA-3950,TCGA-AA-3950-01,Colorectal Cancer,Colorectal Adenocarcinoma,1.0,MSI/CIMP,0.1008,,,1.0,CIMP.H,1.0,1.0,MSI-H,,COADREAD,1 - right colon,Primary,0.0,Matched,,Stage IIA,coadread_tcga_pub,MSI_STATUS,MSI-H,MSI-H,Primary,Colorectal Cancer,Mucinous Adenocarcinoma of the Colon and Rectum,0.1008,,,,,,,,,,,,,,
TCGA-AA-3952,TCGA-AA-3952-01,Colorectal Cancer,Colon Adenocarcinoma,1.0,MSI/CIMP,0.3808,0.0,2b,1.0,Cluster4,0.0,1.0,MSS,64.0,COAD,3 - left colon,Primary,1.0,Matched,2.366666667,Stage IIIC,coadread_tcga_pub,MSI_STATUS,MSS,MSS,Primary,Colorectal Cancer,Colon Adenocarcinoma,0.3808,2.36666666667,,,,,,,,,,,,,
TCGA-AA-3955,TCGA-AA-3955-01,Colorectal Cancer,Colon Adenocarcinoma,1.0,CIN,0.3101,0.0,3,1.0,Cluster4,0.0,1.0,MSS,99.0,COAD,3 - left colon,Primary,1.0,Matched,3.366666667,Stage IIIB,coadread_tcga_pub,MSI_STATUS,MSS,MSS,Primary,Colorectal Cancer,Colon Adenocarcinoma,0.3101,3.33333333333,,,,,,,,,,,,,
TCGA-AA-3956,TCGA-AA-3956-01,Colorectal Cancer,Colon Adenocarcinoma,1.0,CIN,0.1821,0.0,1,1.0,Cluster3,0.0,1.0,MSS,109.0,COAD,1 - right colon,Primary,1.0,Matched,3.833333333,Stage IIA,coadread_tcga_pub,MSI_STATUS,MSS,MSS,Primary,Colorectal Cancer,Colon Adenocarcinoma,0.1821,3.83333333333,,,,,,,,,,,,,
TCGA-AA-3966,TCGA-AA-3966-01,Colorectal Cancer,Colorectal Adenocarcinoma,1.0,MSI/CIMP,0.203,1.0,2b,1.0,CIMP.L,1.0,1.0,MSI-H,900.0,COADREAD,1 - right colon,Primary,1.0,Matched,30.33333333,Stage IIA,coadread_tcga_pub,MSI_STATUS,MSI-H,MSI-H,Primary,Colorectal Cancer,Mucinous Adenocarcinoma of the Colon and Rectum,0.203,30.1,,,,,,,,,,,,,
TCGA-AA-3968,TCGA-AA-3968-01,Colorectal Cancer,Colon Adenocarcinoma,1.0,CIN,0.5075,,,1.0,Cluster3,0.0,1.0,MSS,,COAD,3 - left colon,Primary,0.0,Matched,,Stage I,coadread_tcga_pub,MSI_STATUS,MSS,MSS,Primary,Colorectal Cancer,Colon Adenocarcinoma,0.5075,,,,,,,,,,,,,,
TCGA-AA-3970,TCGA-AA-3970-01,Colorectal Cancer,Colon Adenocarcinoma,0.0,,,,,1.0,Cluster3,0.0,0.0,MSS,,COAD,3 - left colon,Primary,0.0,Matched,,Stage IIA,coadread_tcga_pub,MSI_STATUS,MSS,MSS,Primary,Colorectal Cancer,Colon Adenocarcinoma,,,,,,,,,,,,,,,
TCGA-AA-3971,TCGA-AA-3971-01,Colorectal Cancer,Colon Adenocarcinoma,1.0,CIN,0.4059,0.0,1,1.0,Cluster4,0.0,1.0,MSS,60.0,COAD,3 - left colon,Primary,1.0,Matched,2.5,Stage IIIB,coadread_tcga_pub,MSI_STATUS,MSS,MSS,Primary,Colorectal Cancer,Colon Adenocarcinoma,0.4059,2.5,,,,,,,,,,,,,
TCGA-AA-3975,TCGA-AA-3975-01,Colorectal Cancer,Colon Adenocarcinoma,1.0,CIN,0.2591,0.0,1,1.0,Cluster4,0.0,1.0,MSS,99.0,COAD,3 - left colon,Primary,1.0,Matched,3.466666667,Stage I,coadread_tcga_pub,MSI_STATUS,MSS,MSS,Primary,Colorectal Cancer,Colon Adenocarcinoma,0.2591,3.46666666667,,,,,,,,,,,,,
TCGA-AA-3976,TCGA-AA-3976-01,Colorectal Cancer,Colon Adenocarcinoma,1.0,CIN,0.4991,0.0,1,1.0,Cluster3,0.0,1.0,MSS,68.0,COAD,3 - left colon,Primary,1.0,Matched,2.333333333,Stage IIIA,coadread_tcga_pub,MSI_STATUS,MSS,MSS,Primary,Colorectal Cancer,Colon Adenocarcinoma,0.4991,2.33333333333,,,,,,,,,,,,,
TCGA-AA-3977,TCGA-AA-3977-01,Colorectal Cancer,Colon Adenocarcinoma,1.0,MSI/CIMP,0.0008,1.0,2a,1.0,Cluster3,0.0,1.0,MSS,2914.0,COAD,3 - left colon,Primary,1.0,Matched,97.9,,coadread_tcga_pub,MSI_STATUS,MSS,MSS,Primary,Colorectal Cancer,Colon Adenocarcinoma,0.0008,97.9,,,,,,,,,,,,,
TCGA-AA-3979,TCGA-AA-3979-01,Colorectal Cancer,Colon Adenocarcinoma,1.0,Invasive,0.2946,0.0,1,1.0,CIMP.L,0.0,1.0,MSS,115.0,COAD,3 - left colon,Primary,1.0,Matched,4.3,Stage IIA,coadread_tcga_pub,MSI_STATUS,MSS,MSS,Primary,Colorectal Cancer,Colon Adenocarcinoma,0.2946,4.3,,,,,,,,,,,,,
TCGA-AA-3980,TCGA-AA-3980-01,Colorectal Cancer,Colon Adenocarcinoma,0.0,Invasive,,0.0,,1.0,Cluster3,0.0,1.0,MSS,81.0,COAD,3 - left colon,Primary,1.0,Matched,3.1,Stage I,coadread_tcga_pub,MSI_STATUS,MSS,MSS,Primary,Colorectal Cancer,Colon Adenocarcinoma,,3.1,,,,,,,,,,,,,
TCGA-AA-3984,TCGA-AA-3984-01,Colorectal Cancer,Colon Adenocarcinoma,1.0,Invasive,0.1573,1.0,2b,1.0,Cluster4,0.0,1.0,MSS,3186.0,COAD,3 - left colon,Primary,1.0,Matched,107.9,Stage IIA,coadread_tcga_pub,MSI_STATUS,MSS,MSS,Primary,Colorectal Cancer,Colon Adenocarcinoma,0.1573,107.933333333,,,,,,,,,,,,,
TCGA-AA-3986,TCGA-AA-3986-01,Colorectal Cancer,Colon Adenocarcinoma,1.0,Invasive,0.0551,0.0,2b,1.0,Cluster3,0.0,1.0,MSS,59.0,COAD,2 - transverse colon,Primary,1.0,Matched,2.0,Stage I,coadread_tcga_pub,MSI_STATUS,MSS,MSS,Primary,Colorectal Cancer,Colon Adenocarcinoma,0.0551,2.0,,,,,,,,,,,,,
TCGA-AA-3989,TCGA-AA-3989-01,Colorectal Cancer,Colon Adenocarcinoma,1.0,Invasive,0.2031,0.0,3,1.0,CIMP.L,0.0,1.0,MSS,95.0,COAD,2 - transverse colon,Primary,1.0,Matched,3.433333333,Stage IV,coadread_tcga_pub,MSI_STATUS,MSS,MSS,Primary,Colorectal Cancer,Colon Adenocarcinoma,0.2031,3.43333333333,,,,,,,,,,,,,
TCGA-AA-3994,TCGA-AA-3994-01,Colorectal Cancer,Colorectal Adenocarcinoma,1.0,MSI/CIMP,0.2117,0.0,2a,1.0,CIMP.H,0.0,1.0,MSS,143.0,COADREAD,2 - transverse colon,Primary,1.0,Matched,4.866666667,Stage IIIB,coadread_tcga_pub,MSI_STATUS,MSS,MSS,Primary,Colorectal Cancer,Mucinous Adenocarcinoma of the Colon and Rectum,0.2117,4.86666666667,,,,,,,,,,,,,
TCGA-AA-A00A,TCGA-AA-A00A-01,Colorectal Cancer,Colon Adenocarcinoma,1.0,MSI/CIMP,0.0122,1.0,2a,1.0,CIMP.H,0.0,1.0,MSI-H,323.0,COAD,1 - right colon,Primary,1.0,Matched,11.2,Stage IIA,coadread_tcga_pub,MSI_STATUS,MSI-H,MSI-H,Primary,Colorectal Cancer,Colon Adenocarcinoma,0.0122,11.1666666667,,,,,,,,,,,,,
TCGA-AA-A00D,TCGA-AA-A00D-01,Colorectal Cancer,Colon Adenocarcinoma,1.0,MSI/CIMP,0.1967,0.0,1,1.0,CIMP.H,0.0,1.0,MSS,56.0,COAD,1 - right colon,Primary,1.0,Matched,1.866666667,Stage I,coadread_tcga_pub,MSI_STATUS,MSS,MSS,Primary,Colorectal Cancer,Colon Adenocarcinoma,0.1967,1.83333333333,,,,,,,,,,,,,
TCGA-AA-A00E,TCGA-AA-A00E-01,Colorectal Cancer,Colon Adenocarcinoma,1.0,MSI/CIMP,0.0216,1.0,2a,1.0,CIMP.H,1.0,1.0,MSI-H,471.0,COAD,1 - right colon,Primary,1.0,Matched,15.93333333,Stage IIA,coadread_tcga_pub,MSI_STATUS,MSI-H,MSI-H,Primary,Colorectal Cancer,Colon Adenocarcinoma,0.0216,15.8666666667,,,,,,,,,,,,,
TCGA-AA-A00F,TCGA-AA-A00F-01,Colorectal Cancer,Colon Adenocarcinoma,1.0,CIN,0.5739,0.0,3,1.0,Cluster3,0.0,1.0,MSS,31.0,COAD,3 - left colon,Primary,1.0,Matched,1.033333333,Stage IIIC,coadread_tcga_pub,MSI_STATUS,MSS,MSS,Primary,Colorectal Cancer,Colon Adenocarcinoma,0.5739,1.03333333333,,,,,,,,,,,,,
TCGA-AA-A00J,TCGA-AA-A00J-01,Colorectal Cancer,Colorectal Adenocarcinoma,1.0,MSI/CIMP,0.0444,1.0,2a,1.0,CIMP.H,1.0,1.0,MSI-H,803.0,COADREAD,1 - right colon,Primary,1.0,Matched,29.3,Stage IIIB,coadread_tcga_pub,MSI_STATUS,MSI-H,MSI-H,Primary,Colorectal Cancer,Mucinous Adenocarcinoma of the Colon and Rectum,0.0444,29.1333333333,,,,,,,,,,,,,
TCGA-AA-A00L,TCGA-AA-A00L-01,Colorectal Cancer,Colon Adenocarcinoma,1.0,CIN,0.1802,0.0,3,1.0,Cluster3,0.0,1.0,MSS,47.0,COAD,2 - transverse colon,Primary,1.0,Matched,1.566666667,Stage IIA,coadread_tcga_pub,MSI_STATUS,MSS,MSS,Primary,Colorectal Cancer,Colon Adenocarcinoma,0.1802,1.56666666667,,,,,,,,,,,,,
TCGA-AA-A00Q,TCGA-AA-A00Q-01,Colorectal Cancer,Colon Adenocarcinoma,1.0,CIN,0.2482,0.0,3,1.0,CIMP.L,0.0,1.0,MSS,25.0,COAD,3 - left colon,Primary,1.0,Matched,0.833333333,Stage IIIB,coadread_tcga_pub,MSI_STATUS,MSS,MSS,Primary,Colorectal Cancer,Colon Adenocarcinoma,0.2482,0.833333333333,,,,,,,,,,,,,
TCGA-AA-A00R,TCGA-AA-A00R-01,Colorectal Cancer,Colon Adenocarcinoma,1.0,MSI/CIMP,0.0712,1.0,2b,1.0,CIMP.L,1.0,1.0,MSI-H,304.0,COAD,1 - right colon,Primary,1.0,Matched,10.2,Stage I,coadread_tcga_pub,MSI_STATUS,MSI-H,MSI-H,Primary,Colorectal Cancer,Colon Adenocarcinoma,0.0712,10.1,,,,,,,,,,,,,
TCGA-AA-A00U,TCGA-AA-A00U-01,Colorectal Cancer,Colon Adenocarcinoma,1.0,Invasive,0.1412,0.0,1,1.0,CIMP.L,0.0,1.0,MSS,67.0,COAD,1 - right colon,Primary,1.0,Matched,2.266666667,Stage IIIB,coadread_tcga_pub,MSI_STATUS,MSS,MSS,Primary,Colorectal Cancer,Colon Adenocarcinoma,0.1412,2.26666666667,,,,,,,,,,,,,
TCGA-AA-A00W,TCGA-AA-A00W-01,Colorectal Cancer,Colon Adenocarcinoma,1.0,Invasive,0.154,0.0,3,1.0,Cluster3,0.0,1.0,MSS,22.0,COAD,3 - left colon,Primary,1.0,Matched,0.766666667,Stage I,coadread_tcga_pub,MSI_STATUS,MSS,MSS,Primary,Colorectal Cancer,Colon Adenocarcinoma,0.154,0.766666666667,,,,,,,,,,,,,
TCGA-AA-A00Z,TCGA-AA-A00Z-01,Colorectal Cancer,Colon Adenocarcinoma,1.0,CIN,0.1737,0.0,3,1.0,Cluster4,0.0,1.0,MSS,29.0,COAD,3 - left colon,Primary,1.0,Matched,1.0,Stage IIA,coadread_tcga_pub,MSI_STATUS,MSS,MSS,Primary,Colorectal Cancer,Colon Adenocarcinoma,0.1737,1.0,,,,,,,,,,,,,
TCGA-AA-A017,TCGA-AA-A017-01,Colorectal Cancer,Colon Adenocarcinoma,1.0,CIN,0.231,0.0,1,1.0,Cluster4,0.0,1.0,MSS,49.0,COAD,3 - left colon,Primary,1.0,Matched,1.766666667,Stage IIA,coadread_tcga_pub,MSI_STATUS,MSS,MSS,Primary,Colorectal Cancer,Colon Adenocarcinoma,0.231,1.76666666667,,,,,,,,,,,,,
TCGA-AA-A01C,TCGA-AA-A01C-01,Colorectal Cancer,Colon Adenocarcinoma,1.0,CIN,0.423,,,0.0,Cluster4,0.0,1.0,MSS,,COAD,1 - right colon,Primary,0.0,Matched,,Stage IIIA,coadread_tcga_pub,MSI_STATUS,MSS,MSS,Primary,Colorectal Cancer,Colon Adenocarcinoma,0.423,,,,,,,,,,,,,,
TCGA-AA-A01D,TCGA-AA-A01D-01,Colorectal Cancer,Colorectal Adenocarcinoma,1.0,MSI/CIMP,0.262,0.0,2b,1.0,CIMP.L,0.0,1.0,MSS,121.0,COADREAD,3 - left colon,Primary,1.0,Matched,5.1,Stage IIIC,coadread_tcga_pub,MSI_STATUS,MSS,MSS,Primary,Colorectal Cancer,Mucinous Adenocarcinoma of the Colon and Rectum,0.262,5.1,,,,,,,,,,,,,
TCGA-AA-A01F,TCGA-AA-A01F-01,Colorectal Cancer,Colon Adenocarcinoma,1.0,CIN,0.5492,0.0,3,1.0,Cluster3,0.0,1.0,MSS,48.0,COAD,3 - left colon,Primary,1.0,Matched,1.6,Stage IIIB,coadread_tcga_pub,MSI_STATUS,MSS,MSS,Primary,Colorectal Cancer,Colon Adenocarcinoma,0.5492,1.6,,,,,,,,,,,,,
TCGA-AA-A01I,TCGA-AA-A01I-01,Colorectal Cancer,Colon Adenocarcinoma,1.0,Invasive,0.2417,0.0,2b,1.0,CIMP.L,0.0,1.0,MSS,81.0,COAD,3 - left colon,Primary,1.0,Matched,2.833333333,Stage I,coadread_tcga_pub,MSI_STATUS,MSS,MSS,Primary,Colorectal Cancer,Colon Adenocarcinoma,0.2417,2.83333333333,,,,,,,,,,,,,
TCGA-AA-A01K,TCGA-AA-A01K-01,Colorectal Cancer,Colon Adenocarcinoma,1.0,MSI/CIMP,0.3157,0.0,1,1.0,Cluster3,0.0,1.0,MSS,119.0,COAD,3 - left colon,Primary,1.0,Matched,4.9,Stage IIIC,coadread_tcga_pub,MSI_STATUS,MSS,MSS,Primary,Colorectal Cancer,Colon Adenocarcinoma,0.3157,4.9,,,,,,,,,,,,,
TCGA-AA-A01P,TCGA-AA-A01P-01,Colorectal Cancer,Colon Adenocarcinoma,1.0,,0.0003,1.0,2a,1.0,CIMP.H,1.0,0.0,MSI-H,388.0,COAD,1 - right colon,Primary,1.0,Matched,12.96666667,Stage IIIB,coadread_tcga_pub,MSI_STATUS,MSI-H,MSI-H,Primary,Colorectal Cancer,Colon Adenocarcinoma,0.0003,12.8333333333,,,,,,,,,,,,,
TCGA-AA-A01Q,TCGA-AA-A01Q-01,Colorectal Cancer,Colon Adenocarcinoma,1.0,MSI/CIMP,0.0462,1.0,2a,1.0,CIMP.L,0.0,1.0,MSI-H,597.0,COAD,1 - right colon,Primary,1.0,Matched,20.1,Stage IIA,coadread_tcga_pub,MSI_STATUS,MSI-H,MSI-H,Primary,Colorectal Cancer,Colon Adenocarcinoma,0.0462,19.9666666667,,,,,,,,,,,,,
TCGA-AA-A01R,TCGA-AA-A01R-01,Colorectal Cancer,Colorectal Adenocarcinoma,1.0,,0.0832,1.0,2a,1.0,CIMP.L,0.0,0.0,MSI-H,1230.0,COADREAD,1 - right colon,Primary,1.0,Matched,41.16666667,Stage IIIB,coadread_tcga_pub,MSI_STATUS,MSI-H,MSI-H,Primary,Colorectal Cancer,Mucinous Adenocarcinoma of the Colon and Rectum,0.0832,41.0333333333,,,,,,,,,,,,,
TCGA-AA-A01T,TCGA-AA-A01T-01,Colorectal Cancer,Colon Adenocarcinoma,1.0,,0.3861,0.0,,0.0,Cluster3,0.0,0.0,MSS,75.0,COAD,3 - left colon,Primary,1.0,Matched,2.566666667,Stage IIIB,coadread_tcga_pub,MSI_STATUS,MSS,MSS,Primary,Colorectal Cancer,Colon Adenocarcinoma,0.3861,2.56666666667,,,,,,,,,,,,,
TCGA-AA-A01V,TCGA-AA-A01V-01,Colorectal Cancer,Colon Adenocarcinoma,1.0,,0.0001,0.0,2a,1.0,CIMP.L,0.0,0.0,MSS,92.0,COAD,1 - right colon,Primary,1.0,Matched,3.2,Stage I,coadread_tcga_pub,MSI_STATUS,MSS,MSS,Primary,Colorectal Cancer,Colon Adenocarcinoma,0.0001,3.2,,,,,,,,,,,,,
TCGA-AA-A01X,TCGA-AA-A01X-01,Colorectal Cancer,Colon Adenocarcinoma,1.0,,0.522,0.0,3,1.0,Cluster3,0.0,0.0,MSS,47.0,COAD,3 - left colon,Primary,1.0,Matched,1.633333333,Stage IIIA,coadread_tcga_pub,MSI_STATUS,MSS,MSS,Primary,Colorectal Cancer,Colon Adenocarcinoma,0.522,1.63333333333,,,,,,,,,,,,,
TCGA-AA-A01Z,TCGA-AA-A01Z-01,Colorectal Cancer,Colon Adenocarcinoma,1.0,,0.1752,0.0,1,1.0,CIMP.L,0.0,0.0,MSS,77.0,COAD,1 - right colon,Primary,1.0,Matched,2.666666667,Stage IIA,coadread_tcga_pub,MSI_STATUS,MSS,MSS,Primary,Colorectal Cancer,Colon Adenocarcinoma,0.1752,2.66666666667,,,,,,,,,,,,,
TCGA-AA-A022,TCGA-AA-A022-01,Colorectal Cancer,Colon Adenocarcinoma,1.0,,0.1452,1.0,,0.0,CIMP.H,1.0,0.0,MSI-H,910.0,COAD,1 - right colon,Primary,1.0,Matched,30.36666667,,coadread_tcga_pub,MSI_STATUS,MSI-H,MSI-H,Primary,Colorectal Cancer,Colon Adenocarcinoma,0.1452,30.0666666667,,,,,,,,,,,,,
TCGA-AA-A02F,TCGA-AA-A02F-01,Colorectal Cancer,Colon Adenocarcinoma,1.0,CIN,0.5801,0.0,3,1.0,Cluster4,0.0,1.0,MSS,46.0,COAD,3 - left colon,Primary,1.0,Matched,1.633333333,Stage IV,coadread_tcga_pub,MSI_STATUS,MSS,MSS,Primary,Colorectal Cancer,Colon Adenocarcinoma,0.5801,1.6,,,,,,,,,,,,,
TCGA-AA-A02H,TCGA-AA-A02H-01,Colorectal Cancer,Colon Adenocarcinoma,1.0,CIN,0.4195,0.0,3,1.0,Cluster3,0.0,1.0,MSS,57.0,COAD,3 - left colon,Primary,1.0,Matched,2.1,Stage IV,coadread_tcga_pub,MSI_STATUS,MSS,MSS,Primary,Colorectal Cancer,Colon Adenocarcinoma,0.4195,2.1,,,,,,,,,,,,,
TCGA-AA-A02J,TCGA-AA-A02J-01,Colorectal Cancer,Colon Adenocarcinoma,1.0,CIN,0.1843,0.0,1,1.0,Cluster4,0.0,1.0,MSS,104.0,COAD,3 - left colon,Primary,1.0,Matched,3.833333333,Stage IV,coadread_tcga_pub,MSI_STATUS,MSS,MSS,Primary,Colorectal Cancer,Colon Adenocarcinoma,0.1843,3.83333333333,,,,,,,,,,,,,
TCGA-AA-A02K,TCGA-AA-A02K-01,Colorectal Cancer,Colon Adenocarcinoma,0.0,,,,,0.0,Cluster3,0.0,0.0,MSS,,COAD,1 - right colon,Primary,0.0,Matched,,Stage IV,coadread_tcga_pub,MSI_STATUS,MSS,MSS,Primary,Colorectal Cancer,Colon Adenocarcinoma,,,,,,,,,,,,,,,
TCGA-AA-A02O,TCGA-AA-A02O-01,Colorectal Cancer,Colon Adenocarcinoma,1.0,,0.2498,0.0,,0.0,CIMP.H,0.0,0.0,MSS,137.0,COAD,2 - transverse colon,Primary,1.0,Matched,4.566666667,Stage IIA,coadread_tcga_pub,MSI_STATUS,MSS,MSS,Primary,Colorectal Cancer,Colon Adenocarcinoma,0.2498,4.56666666667,,,,,,,,,,,,,
TCGA-AA-A02R,TCGA-AA-A02R-01,Colorectal Cancer,Colon Adenocarcinoma,1.0,MSI/CIMP,0.0464,,,0.0,CIMP.H,1.0,1.0,MSI-H,,COAD,1 - right colon,Primary,0.0,Matched,,Stage IIA,coadread_tcga_pub,MSI_STATUS,MSI-H,MSI-H,Primary,Colorectal Cancer,Colon Adenocarcinoma,0.0464,,,,,,,,,,,,,,
TCGA-AA-A02Y,TCGA-AA-A02Y-01,Colorectal Cancer,Colon Adenocarcinoma,1.0,,0.1905,0.0,,0.0,CIMP.L,0.0,0.0,MSS,102.0,COAD,1 - right colon,Primary,1.0,Matched,3.433333333,Stage I,coadread_tcga_pub,MSI_STATUS,MSS,MSS,Primary,Colorectal Cancer,Colon Adenocarcinoma,0.1905,3.43333333333,,,,,,,,,,,,,
TCGA-AA-A03F,TCGA-AA-A03F-01,Colorectal Cancer,Colorectal Adenocarcinoma,1.0,,0.0,0.0,,0.0,CIMP.H,0.0,0.0,MSS,103.0,COADREAD,1 - right colon,Primary,1.0,Matched,3.466666667,Stage IIIB,coadread_tcga_pub,MSI_STATUS,MSS,MSS,Primary,Colorectal Cancer,Mucinous Adenocarcinoma of the Colon and Rectum,0.0,3.46666666667,,,,,,,,,,,,,
TCGA-AA-A03J,TCGA-AA-A03J-01,Colorectal Cancer,Colon Adenocarcinoma,1.0,,0.4677,0.0,,0.0,CIMP.L,0.0,0.0,MSS,65.0,COAD,3 - left colon,Primary,1.0,Matched,2.2,Stage I,coadread_tcga_pub,MSI_STATUS,MSS,MSS,Primary,Colorectal Cancer,Colon Adenocarcinoma,0.4677,2.2,,,,,,,,,,,,,
TCGA-AF-2689,TCGA-AF-2689-01,Colorectal Cancer,Rectal Adenocarcinoma,1.0,CIN,0.433,0.0,,1.0,CIMP.L,0.0,1.0,MSS,46.0,READ,4 - rectum,Primary,1.0,Matched,1.533333333,Stage IV,coadread_tcga_pub,MSI_STATUS,MSS,MSS,Primary,Colorectal Cancer,Rectal Adenocarcinoma,0.433,1.53333333333,,,,,,,,,,,,,
TCGA-AF-2691,TCGA-AF-2691-01,Colorectal Cancer,Rectal Adenocarcinoma,1.0,Invasive,0.1282,0.0,,1.0,CIMP.L,0.0,1.0,MSS,57.0,READ,4 - rectum,Primary,1.0,Matched,1.9,Stage I,coadread_tcga_pub,MSI_STATUS,MSS,MSS,Primary,Colorectal Cancer,Rectal Adenocarcinoma,0.1282,1.9,,,,,,,,,,,,,
TCGA-AF-2692,TCGA-AF-2692-01,Colorectal Cancer,Colorectal Adenocarcinoma,1.0,CIN,0.4873,0.0,,1.0,Cluster4,0.0,1.0,MSS,31.0,COADREAD,4 - rectum,Primary,1.0,Matched,1.166666667,Stage IIA,coadread_tcga_pub,MSI_STATUS,MSS,MSS,Primary,Colorectal Cancer,Rectal Adenocarcinoma,0.4873,1.16666666667,,,,,,,,,,,,,
TCGA-AF-3400,TCGA-AF-3400-01,Colorectal Cancer,Colorectal Adenocarcinoma,1.0,MSI/CIMP,0.0601,0.0,,0.0,Cluster4,0.0,1.0,MSS,22.0,COADREAD,4 - rectum,Primary,1.0,Matched,0.8,Stage IIA,coadread_tcga_pub,MSI_STATUS,MSS,MSS,Primary,Colorectal Cancer,Rectal Adenocarcinoma,0.0601,0.8,,,,,,,,,,,,,
TCGA-AF-3913,TCGA-AF-3913-01,Colorectal Cancer,Rectal Adenocarcinoma,1.0,CIN,0.3578,0.0,1,1.0,Cluster4,0.0,1.0,MSS,82.0,READ,4 - rectum,Primary,1.0,Matched,2.866666667,Stage IV,coadread_tcga_pub,MSI_STATUS,MSS,MSS,Primary,Colorectal Cancer,Rectal Adenocarcinoma,0.3578,2.86666666667,,,,,,,,,,,,,
TCGA-AG-3574,TCGA-AG-3574-01,Colorectal Cancer,Rectal Adenocarcinoma,1.0,CIN,0.2278,0.0,,0.0,Cluster3,0.0,1.0,MSS,31.0,READ,4 - rectum,Primary,1.0,Matched,1.066666667,Stage IIA,coadread_tcga_pub,MSI_STATUS,MSS,MSS,Primary,Colorectal Cancer,Rectal Adenocarcinoma,0.2278,1.06666666667,,,,,,,,,,,,,
TCGA-AG-3575,TCGA-AG-3575-01,Colorectal Cancer,Rectal Adenocarcinoma,1.0,MSI/CIMP,0.1788,0.0,,0.0,CIMP.H,0.0,1.0,MSS,42.0,READ,4 - rectum,Primary,1.0,Matched,1.4,Stage IIA,coadread_tcga_pub,MSI_STATUS,MSS,MSS,Primary,Colorectal Cancer,Rectal Adenocarcinoma,0.1788,1.36666666667,,,,,,,,,,,,,
TCGA-AG-3578,TCGA-AG-3578-01,Colorectal Cancer,Colorectal Adenocarcinoma,1.0,Invasive,0.4708,0.0,,0.0,Cluster3,0.0,1.0,MSS,25.0,COADREAD,4 - rectum,Primary,1.0,Matched,0.866666667,Stage IIA,coadread_tcga_pub,MSI_STATUS,MSS,MSS,Primary,Colorectal Cancer,Rectal Adenocarcinoma,0.4708,0.866666666667,,,,,,,,,,,,,
TCGA-AG-3580,TCGA-AG-3580-01,Colorectal Cancer,Rectal Adenocarcinoma,1.0,Invasive,0.0353,0.0,,0.0,Cluster3,0.0,1.0,MSS,31.0,READ,4 - rectum,Primary,1.0,Matched,1.066666667,Stage I,coadread_tcga_pub,MSI_STATUS,MSS,MSS,Primary,Colorectal Cancer,Rectal Adenocarcinoma,0.0353,1.06666666667,,,,,,,,,,,,,
TCGA-AG-3581,TCGA-AG-3581-01,Colorectal Cancer,Rectal Adenocarcinoma,1.0,Invasive,0.2427,0.0,3,1.0,Cluster3,0.0,1.0,MSS,36.0,READ,4 - rectum,Primary,1.0,Matched,1.2,Stage I,coadread_tcga_pub,MSI_STATUS,MSS,MSS,Primary,Colorectal Cancer,Rectal Adenocarcinoma,0.2427,1.2,,,,,,,,,,,,,
TCGA-AG-3582,TCGA-AG-3582-01,Colorectal Cancer,Rectal Adenocarcinoma,1.0,CIN,0.411,0.0,1,1.0,Cluster4,0.0,1.0,MSS,29.0,READ,4 - rectum,Primary,1.0,Matched,0.966666667,Stage IV,coadread_tcga_pub,MSI_STATUS,MSS,MSS,Primary,Colorectal Cancer,Rectal Adenocarcinoma,0.411,0.966666666667,,,,,,,,,,,,,
TCGA-AG-3584,TCGA-AG-3584-01,Colorectal Cancer,Rectal Adenocarcinoma,1.0,CIN,0.4099,0.0,1,1.0,CIMP.L,0.0,1.0,MSS,28.0,READ,4 - rectum,Primary,1.0,Matched,0.966666667,Stage IV,coadread_tcga_pub,MSI_STATUS,MSS,MSS,Primary,Colorectal Cancer,Rectal Adenocarcinoma,0.4099,0.966666666667,,,,,,,,,,,,,
TCGA-AG-3586,TCGA-AG-3586-01,Colorectal Cancer,Colorectal Adenocarcinoma,1.0,Invasive,0.133,0.0,2b,1.0,Cluster3,0.0,1.0,MSS,39.0,COADREAD,4 - rectum,Primary,1.0,Matched,1.666666667,Stage IIIB,coadread_tcga_pub,MSI_STATUS,MSS,MSS,Primary,Colorectal Cancer,Rectal Adenocarcinoma,0.133,1.63333333333,,,,,,,,,,,,,
TCGA-AG-3587,TCGA-AG-3587-01,Colorectal Cancer,Rectal Adenocarcinoma,1.0,Invasive,0.3226,0.0,1,1.0,Cluster4,0.0,1.0,MSS,52.0,READ,4 - rectum,Primary,1.0,Matched,1.733333333,Stage I,coadread_tcga_pub,MSI_STATUS,MSS,MSS,Primary,Colorectal Cancer,Rectal Adenocarcinoma,0.3226,1.73333333333,,,,,,,,,,,,,
TCGA-AG-3593,TCGA-AG-3593-01,Colorectal Cancer,Rectal Adenocarcinoma,1.0,CIN,0.4804,0.0,3,1.0,Cluster3,0.0,1.0,MSS,58.0,READ,4 - rectum,Primary,1.0,Matched,2.0,Stage IIA,coadread_tcga_pub,MSI_STATUS,MSS,MSS,Primary,Colorectal Cancer,Rectal Adenocarcinoma,0.4804,2.0,,,,,,,,,,,,,
TCGA-AG-3594,TCGA-AG-3594-01,Colorectal Cancer,Colorectal Adenocarcinoma,1.0,MSI/CIMP,0.299,0.0,2b,0.0,Cluster3,0.0,1.0,MSS,31.0,COADREAD,4 - rectum,Primary,1.0,Matched,1.133333333,Stage IIA,coadread_tcga_pub,MSI_STATUS,MSS,MSS,Primary,Colorectal Cancer,Rectal Adenocarcinoma,0.299,1.1,,,,,,,,,,,,,
TCGA-AG-3598,TCGA-AG-3598-01,Colorectal Cancer,Rectal Adenocarcinoma,1.0,Invasive,0.1909,0.0,1,1.0,CIMP.L,0.0,1.0,MSS,55.0,READ,4 - rectum,Primary,1.0,Matched,1.866666667,Stage IIA,coadread_tcga_pub,MSI_STATUS,MSS,MSS,Primary,Colorectal Cancer,Rectal Adenocarcinoma,0.1909,1.86666666667,,,,,,,,,,,,,
TCGA-AG-3599,TCGA-AG-3599-01,Colorectal Cancer,Colorectal Adenocarcinoma,1.0,Invasive,0.0382,0.0,2b,1.0,CIMP.L,0.0,1.0,MSS,54.0,COADREAD,4 - rectum,Primary,1.0,Matched,1.8,Stage I,coadread_tcga_pub,MSI_STATUS,MSS,MSS,Primary,Colorectal Cancer,Rectal Adenocarcinoma,0.0382,1.76666666667,,,,,,,,,,,,,
TCGA-AG-3600,TCGA-AG-3600-01,Colorectal Cancer,Rectal Adenocarcinoma,1.0,MSI/CIMP,0.6084,0.0,1,1.0,CIMP.H,0.0,1.0,MSS,76.0,READ,4 - rectum,Primary,1.0,Matched,2.533333333,Stage IIIC,coadread_tcga_pub,MSI_STATUS,MSS,MSS,Primary,Colorectal Cancer,Rectal Adenocarcinoma,0.6084,2.53333333333,,,,,,,,,,,,,
TCGA-AG-3602,TCGA-AG-3602-01,Colorectal Cancer,Rectal Adenocarcinoma,1.0,Invasive,0.2499,0.0,3,1.0,Cluster3,0.0,1.0,MSS,35.0,READ,4 - rectum,Primary,1.0,Matched,1.2,Stage IIIC,coadread_tcga_pub,MSI_STATUS,MSS,MSS,Primary,Colorectal Cancer,Rectal Adenocarcinoma,0.2499,1.2,,,,,,,,,,,,,
TCGA-AG-3605,TCGA-AG-3605-01,Colorectal Cancer,Rectal Adenocarcinoma,1.0,Invasive,0.1912,0.0,2b,1.0,CIMP.L,0.0,1.0,MSS,41.0,READ,4 - rectum,Primary,1.0,Matched,1.533333333,Stage IV,coadread_tcga_pub,MSI_STATUS,MSS,MSS,Primary,Colorectal Cancer,Rectal Adenocarcinoma,0.1912,1.53333333333,,,,,,,,,,,,,
TCGA-AG-3609,TCGA-AG-3609-01,Colorectal Cancer,Rectal Adenocarcinoma,1.0,MSI/CIMP,0.7741,0.0,3,1.0,Cluster4,0.0,1.0,MSS,63.0,READ,4 - rectum,Primary,1.0,Matched,2.233333333,Stage IIIC,coadread_tcga_pub,MSI_STATUS,MSS,MSS,Primary,Colorectal Cancer,Rectal Adenocarcinoma,0.7741,2.23333333333,,,,,,,,,,,,,
TCGA-AG-3611,TCGA-AG-3611-01,Colorectal Cancer,Rectal Adenocarcinoma,1.0,Invasive,0.6328,0.0,3,1.0,Cluster3,0.0,1.0,MSS,40.0,READ,4 - rectum,Primary,1.0,Matched,1.3,Stage IIA,coadread_tcga_pub,MSI_STATUS,MSS,MSS,Primary,Colorectal Cancer,Rectal Adenocarcinoma,0.6328,1.3,,,,,,,,,,,,,
TCGA-AG-3612,TCGA-AG-3612-01,Colorectal Cancer,Rectal Adenocarcinoma,1.0,CIN,0.4729,0.0,1,1.0,Cluster4,0.0,1.0,MSS,51.0,READ,4 - rectum,Primary,1.0,Matched,1.7,Stage IIIB,coadread_tcga_pub,MSI_STATUS,MSS,MSS,Primary,Colorectal Cancer,Rectal Adenocarcinoma,0.4729,1.7,,,,,,,,,,,,,
TCGA-AG-3726,TCGA-AG-3726-01,Colorectal Cancer,Rectal Adenocarcinoma,1.0,CIN,0.2224,0.0,1,1.0,Cluster3,0.0,1.0,MSS,110.0,READ,4 - rectum,Primary,1.0,Matched,4.266666667,Stage I,coadread_tcga_pub,MSI_STATUS,MSS,MSS,Primary,Colorectal Cancer,Rectal Adenocarcinoma,0.2224,4.26666666667,,,,,,,,,,,,,
TCGA-AG-3727,TCGA-AG-3727-01,Colorectal Cancer,Rectal Adenocarcinoma,1.0,CIN,0.1934,0.0,3,1.0,Cluster3,0.0,1.0,MSS,68.0,READ,4 - rectum,Primary,1.0,Matched,2.4,Stage IIIB,coadread_tcga_pub,MSI_STATUS,MSS,MSS,Primary,Colorectal Cancer,Rectal Adenocarcinoma,0.1934,2.4,,,,,,,,,,,,,
TCGA-AG-3728,TCGA-AG-3728-01,Colorectal Cancer,Rectal Adenocarcinoma,1.0,MSI/CIMP,0.4891,,,0.0,Cluster4,0.0,1.0,MSS,,READ,4 - rectum,Primary,0.0,Matched,,Stage IIIB,coadread_tcga_pub,MSI_STATUS,MSS,MSS,Primary,Colorectal Cancer,Rectal Adenocarcinoma,0.4891,,,,,,,,,,,,,,
TCGA-AG-3878,TCGA-AG-3878-01,Colorectal Cancer,Rectal Adenocarcinoma,1.0,MSI/CIMP,0.0,0.0,2a,1.0,CIMP.L,0.0,1.0,MSS,67.0,READ,4 - rectum,Primary,1.0,Matched,2.466666667,Stage I,coadread_tcga_pub,MSI_STATUS,MSS,MSS,Primary,Colorectal Cancer,Rectal Adenocarcinoma,0.0,2.46666666667,,,,,,,,,,,,,
TCGA-AG-3881,TCGA-AG-3881-01,Colorectal Cancer,Colorectal Adenocarcinoma,1.0,MSI/CIMP,0.3911,0.0,2b,0.0,CIMP.L,0.0,1.0,MSS,77.0,COADREAD,4 - rectum,Primary,1.0,Matched,2.566666667,Stage IIA,coadread_tcga_pub,MSI_STATUS,MSS,MSS,Primary,Colorectal Cancer,Rectal Adenocarcinoma,0.3911,2.56666666667,,,,,,,,,,,,,
TCGA-AG-3882,TCGA-AG-3882-01,Colorectal Cancer,Rectal Adenocarcinoma,1.0,CIN,0.386,0.0,3,1.0,Cluster4,0.0,1.0,MSS,52.0,READ,4 - rectum,Primary,1.0,Matched,1.8,Stage I,coadread_tcga_pub,MSI_STATUS,MSS,MSS,Primary,Colorectal Cancer,Rectal Adenocarcinoma,0.386,1.8,,,,,,,,,,,,,
TCGA-AG-3883,TCGA-AG-3883-01,Colorectal Cancer,Rectal Adenocarcinoma,1.0,MSI/CIMP,0.47,0.0,1,1.0,Cluster3,0.0,1.0,MSS,93.0,READ,4 - rectum,Primary,1.0,Matched,3.2,Stage I,coadread_tcga_pub,MSI_STATUS,MSS,MSS,Primary,Colorectal Cancer,Rectal Adenocarcinoma,0.47,3.2,,,,,,,,,,,,,
TCGA-AG-3885,TCGA-AG-3885-01,Colorectal Cancer,Rectal Adenocarcinoma,1.0,Invasive,0.3742,,,0.0,CIMP.L,0.0,1.0,MSS,,READ,4 - rectum,Primary,0.0,Matched,,Stage IIIB,coadread_tcga_pub,MSI_STATUS,MSS,MSS,Primary,Colorectal Cancer,Rectal Adenocarcinoma,0.3742,,,,,,,,,,,,,,
TCGA-AG-3887,TCGA-AG-3887-01,Colorectal Cancer,Colorectal Adenocarcinoma,1.0,CIN,0.1855,0.0,1,1.0,Cluster4,0.0,1.0,MSS,59.0,COADREAD,4 - rectum,Primary,1.0,Matched,2.033333333,Stage IIA,coadread_tcga_pub,MSI_STATUS,MSS,MSS,Primary,Colorectal Cancer,Rectal Adenocarcinoma,0.1855,2.03333333333,,,,,,,,,,,,,
TCGA-AG-3890,TCGA-AG-3890-01,Colorectal Cancer,Rectal Adenocarcinoma,1.0,CIN,0.2781,0.0,3,1.0,Cluster3,0.0,1.0,MSS,61.0,READ,4 - rectum,Primary,1.0,Matched,2.0,Stage I,coadread_tcga_pub,MSI_STATUS,MSS,MSS,Primary,Colorectal Cancer,Rectal Adenocarcinoma,0.2781,2.0,,,,,,,,,,,,,
TCGA-AG-3892,TCGA-AG-3892-01,Colorectal Cancer,Rectal Adenocarcinoma,1.0,Invasive,0.0003,1.0,2a,1.0,Cluster4,0.0,1.0,MSS,1806.0,READ,4 - rectum,Primary,1.0,Matched,62.0,Stage I,coadread_tcga_pub,MSI_STATUS,MSS,MSS,Primary,Colorectal Cancer,Rectal Adenocarcinoma,0.0003,61.9666666667,,,,,,,,,,,,,
TCGA-AG-3893,TCGA-AG-3893-01,Colorectal Cancer,Rectal Adenocarcinoma,1.0,CIN,0.2903,0.0,3,1.0,Cluster4,0.0,1.0,MSS,86.0,READ,4 - rectum,Primary,1.0,Matched,2.9,Stage IIIB,coadread_tcga_pub,MSI_STATUS,MSS,MSS,Primary,Colorectal Cancer,Rectal Adenocarcinoma,0.2903,2.9,,,,,,,,,,,,,
TCGA-AG-3894,TCGA-AG-3894-01,Colorectal Cancer,Rectal Adenocarcinoma,1.0,CIN,0.0548,0.0,2b,1.0,Cluster3,0.0,1.0,MSS,76.0,READ,4 - rectum,Primary,1.0,Matched,2.566666667,Stage IIA,coadread_tcga_pub,MSI_STATUS,MSS,MSS,Primary,Colorectal Cancer,Rectal Adenocarcinoma,0.0548,2.56666666667,,,,,,,,,,,,,
TCGA-AG-3896,TCGA-AG-3896-01,Colorectal Cancer,Rectal Adenocarcinoma,1.0,CIN,0.1588,0.0,3,1.0,Cluster3,0.0,1.0,MSS,79.0,READ,4 - rectum,Primary,1.0,Matched,2.666666667,Stage I,coadread_tcga_pub,MSI_STATUS,MSS,MSS,Primary,Colorectal Cancer,Rectal Adenocarcinoma,0.1588,2.66666666667,,,,,,,,,,,,,
TCGA-AG-3898,TCGA-AG-3898-01,Colorectal Cancer,Rectal Adenocarcinoma,1.0,CIN,0.3854,0.0,3,1.0,Cluster3,0.0,1.0,MSS,80.0,READ,4 - rectum,Primary,1.0,Matched,2.633333333,Stage IIA,coadread_tcga_pub,MSI_STATUS,MSS,MSS,Primary,Colorectal Cancer,Rectal Adenocarcinoma,0.3854,2.63333333333,,,,,,,,,,,,,
TCGA-AG-3901,TCGA-AG-3901-01,Colorectal Cancer,Colorectal Adenocarcinoma,1.0,MSI/CIMP,0.0817,0.0,2a,1.0,Cluster3,0.0,1.0,MSS,47.0,COADREAD,4 - rectum,Primary,1.0,Matched,1.6,Stage IIIB,coadread_tcga_pub,MSI_STATUS,MSS,MSS,Primary,Colorectal Cancer,Rectal Adenocarcinoma,0.0817,1.56666666667,,,,,,,,,,,,,
TCGA-AG-3902,TCGA-AG-3902-01,Colorectal Cancer,Rectal Adenocarcinoma,1.0,MSI/CIMP,0.2552,0.0,2b,0.0,CIMP.L,0.0,1.0,MSS,102.0,READ,4 - rectum,Primary,1.0,Matched,3.4,Stage IIA,coadread_tcga_pub,MSI_STATUS,MSS,MSS,Primary,Colorectal Cancer,Rectal Adenocarcinoma,0.2552,3.4,,,,,,,,,,,,,
TCGA-AG-3909,TCGA-AG-3909-01,Colorectal Cancer,Rectal Adenocarcinoma,1.0,CIN,0.3082,0.0,3,1.0,Cluster3,0.0,1.0,MSS,73.0,READ,4 - rectum,Primary,1.0,Matched,2.433333333,Stage IIIB,coadread_tcga_pub,MSI_STATUS,MSS,MSS,Primary,Colorectal Cancer,Rectal Adenocarcinoma,0.3082,2.43333333333,,,,,,,,,,,,,
TCGA-AG-3999,TCGA-AG-3999-01,Colorectal Cancer,Rectal Adenocarcinoma,1.0,CIN,0.5863,0.0,1,1.0,Cluster3,0.0,1.0,MSS,78.0,READ,4 - rectum,Primary,1.0,Matched,2.833333333,Stage IIIC,coadread_tcga_pub,MSI_STATUS,MSS,MSS,Primary,Colorectal Cancer,Rectal Adenocarcinoma,0.5863,2.83333333333,,,,,,,,,,,,,
TCGA-AG-4005,TCGA-AG-4005-01,Colorectal Cancer,Rectal Adenocarcinoma,1.0,CIN,0.4102,0.0,1,1.0,Cluster3,0.0,1.0,MSS,79.0,READ,4 - rectum,Primary,1.0,Matched,2.766666667,Stage IV,coadread_tcga_pub,MSI_STATUS,MSS,MSS,Primary,Colorectal Cancer,Rectal Adenocarcinoma,0.4102,2.76666666667,,,,,,,,,,,,,
TCGA-AG-4008,TCGA-AG-4008-01,Colorectal Cancer,Rectal Adenocarcinoma,1.0,CIN,0.2393,0.0,1,1.0,Cluster3,0.0,1.0,MSS,62.0,READ,4 - rectum,Primary,1.0,Matched,2.133333333,Stage IIA,coadread_tcga_pub,MSI_STATUS,MSS,MSS,Primary,Colorectal Cancer,Rectal Adenocarcinoma,0.2393,2.13333333333,,,,,,,,,,,,,
TCGA-AG-4015,TCGA-AG-4015-01,Colorectal Cancer,Rectal Adenocarcinoma,1.0,CIN,0.5071,0.0,1,1.0,Cluster4,0.0,1.0,MSS,77.0,READ,4 - rectum,Primary,1.0,Matched,2.8,Stage IIA,coadread_tcga_pub,MSI_STATUS,MSS,MSS,Primary,Colorectal Cancer,Rectal Adenocarcinoma,0.5071,2.8,,,,,,,,,,,,,
TCGA-AG-A002,TCGA-AG-A002-01,Colorectal Cancer,Rectal Adenocarcinoma,1.0,MSI/CIMP,0.0005,1.0,2a,1.0,Cluster3,0.0,1.0,MSS,9901.0,READ,4 - rectum,Primary,1.0,Matched,524.7,Stage I,coadread_tcga_pub,MSI_STATUS,MSS,MSS,Primary,Colorectal Cancer,Rectal Adenocarcinoma,0.0005,330.733333333,,,,,,,,,,,,,
TCGA-AG-A008,TCGA-AG-A008-01,Colorectal Cancer,Colorectal Adenocarcinoma,1.0,Invasive,0.726,0.0,3,1.0,Cluster4,0.0,1.0,MSS,42.0,COADREAD,4 - rectum,Primary,1.0,Matched,1.4,Stage I,coadread_tcga_pub,MSI_STATUS,MSS,MSS,Primary,Colorectal Cancer,Rectal Adenocarcinoma,0.726,1.3,,,,,,,,,,,,,
TCGA-AG-A00C,TCGA-AG-A00C-01,Colorectal Cancer,Rectal Adenocarcinoma,1.0,Invasive,0.12,0.0,3,1.0,Cluster3,0.0,1.0,MSS,52.0,READ,4 - rectum,Primary,1.0,Matched,1.733333333,Stage IIIB,coadread_tcga_pub,MSI_STATUS,MSS,MSS,Primary,Colorectal Cancer,Rectal Adenocarcinoma,0.12,1.73333333333,,,,,,,,,,,,,
TCGA-AG-A00H,TCGA-AG-A00H-01,Colorectal Cancer,Rectal Adenocarcinoma,1.0,Invasive,0.2629,0.0,1,1.0,Cluster4,0.0,1.0,MSS,53.0,READ,4 - rectum,Primary,1.0,Matched,1.866666667,Stage IIA,coadread_tcga_pub,MSI_STATUS,MSS,MSS,Primary,Colorectal Cancer,Rectal Adenocarcinoma,0.2629,1.86666666667,,,,,,,,,,,,,
TCGA-AG-A00Y,TCGA-AG-A00Y-01,Colorectal Cancer,Rectal Adenocarcinoma,0.0,Invasive,0.2973,0.0,,0.0,Cluster3,0.0,1.0,MSS,83.0,READ,4 - rectum,Primary,1.0,Matched,6.5,Stage IIA,coadread_tcga_pub,MSI_STATUS,MSS,MSS,Primary,Colorectal Cancer,Rectal Adenocarcinoma,0.2973,6.5,,,,,,,,,,,,,
TCGA-AG-A011,TCGA-AG-A011-01,Colorectal Cancer,Rectal Adenocarcinoma,1.0,Invasive,0.3248,0.0,1,1.0,CIMP.L,0.0,1.0,MSS,89.0,READ,4 - rectum,Primary,1.0,Matched,4.2,Stage IIA,coadread_tcga_pub,MSI_STATUS,MSS,MSS,Primary,Colorectal Cancer,Rectal Adenocarcinoma,0.3248,3.0,,,,,,,,,,,,,
TCGA-AG-A014,TCGA-AG-A014-01,Colorectal Cancer,Rectal Adenocarcinoma,1.0,CIN,0.4536,0.0,1,1.0,Cluster4,0.0,1.0,MSS,106.0,READ,4 - rectum,Primary,1.0,Matched,5.566666667,Stage I,coadread_tcga_pub,MSI_STATUS,MSS,MSS,Primary,Colorectal Cancer,Rectal Adenocarcinoma,0.4536,4.5,,,,,,,,,,,,,
TCGA-AG-A015,TCGA-AG-A015-01,Colorectal Cancer,Rectal Adenocarcinoma,1.0,Invasive,0.9472,0.0,3,1.0,Cluster3,0.0,1.0,MSS,54.0,READ,4 - rectum,Primary,1.0,Matched,1.8,Stage I,coadread_tcga_pub,MSI_STATUS,MSS,MSS,Primary,Colorectal Cancer,Rectal Adenocarcinoma,0.9472,1.73333333333,,,,,,,,,,,,,
TCGA-AG-A016,TCGA-AG-A016-01,Colorectal Cancer,Rectal Adenocarcinoma,1.0,CIN,0.7687,0.0,1,1.0,Cluster3,0.0,1.0,MSS,40.0,READ,4 - rectum,Primary,1.0,Matched,1.333333333,Stage IV,coadread_tcga_pub,MSI_STATUS,MSS,MSS,Primary,Colorectal Cancer,Rectal Adenocarcinoma,0.7687,1.26666666667,,,,,,,,,,,,,
TCGA-AG-A01J,TCGA-AG-A01J-01,Colorectal Cancer,Rectal Adenocarcinoma,1.0,CIN,0.1856,,,0.0,Cluster4,0.0,1.0,MSS,,READ,4 - rectum,Primary,0.0,Matched,,Stage IIA,coadread_tcga_pub,MSI_STATUS,MSS,MSS,Primary,Colorectal Cancer,Rectal Adenocarcinoma,0.1856,,,,,,,,,,,,,,
TCGA-AG-A01L,TCGA-AG-A01L-01,Colorectal Cancer,Rectal Adenocarcinoma,1.0,Invasive,0.3084,0.0,3,1.0,Cluster3,0.0,1.0,MSS,61.0,READ,4 - rectum,Primary,1.0,Matched,3.066666667,Stage IIIB,coadread_tcga_pub,MSI_STATUS,MSS,MSS,Primary,Colorectal Cancer,Rectal Adenocarcinoma,0.3084,2.0,,,,,,,,,,,,,
TCGA-AG-A01N,TCGA-AG-A01N-01,Colorectal Cancer,Rectal Adenocarcinoma,1.0,CIN,0.329,,,0.0,Cluster4,0.0,1.0,MSS,,READ,4 - rectum,Primary,0.0,Matched,,Stage IV,coadread_tcga_pub,MSI_STATUS,MSS,MSS,Primary,Colorectal Cancer,Rectal Adenocarcinoma,0.329,,,,,,,,,,,,,,
TCGA-AG-A01W,TCGA-AG-A01W-01,Colorectal Cancer,Rectal Adenocarcinoma,1.0,,0.5073,0.0,,0.0,,,0.0,MSS,98.0,READ,4 - rectum,Primary,1.0,Matched,3.266666667,Stage IIA,coadread_tcga_pub,MSI_STATUS,MSS,MSS,Primary,Colorectal Cancer,Rectal Adenocarcinoma,0.5073,3.26666666667,,,,,,,,,,,,,
TCGA-AG-A01Y,TCGA-AG-A01Y-01,Colorectal Cancer,Rectal Adenocarcinoma,1.0,,0.3297,0.0,,0.0,,,0.0,MSS,68.0,READ,4 - rectum,Primary,1.0,Matched,2.266666667,Stage IIA,coadread_tcga_pub,MSI_STATUS,MSS,MSS,Primary,Colorectal Cancer,Rectal Adenocarcinoma,0.3297,2.26666666667,,,,,,,,,,,,,
TCGA-AG-A020,TCGA-AG-A020-01,Colorectal Cancer,Colorectal Adenocarcinoma,1.0,,0.1809,0.0,,0.0,,,0.0,MSS,60.0,COADREAD,4 - rectum,Primary,1.0,Matched,2.033333333,Stage IIIB,coadread_tcga_pub,MSI_STATUS,MSS,MSS,Primary,Colorectal Cancer,Rectal Adenocarcinoma,0.1809,2.03333333333,,,,,,,,,,,,,
TCGA-AG-A023,TCGA-AG-A023-01,Colorectal Cancer,Rectal Adenocarcinoma,1.0,MSI/CIMP,0.2104,,,0.0,Cluster4,0.0,1.0,MSS,,READ,4 - rectum,Primary,0.0,Matched,,Stage IV,coadread_tcga_pub,MSI_STATUS,MSS,MSS,Primary,Colorectal Cancer,Rectal Adenocarcinoma,0.2104,,,,,,,,,,,,,,
TCGA-AG-A025,TCGA-AG-A025-01,Colorectal Cancer,Rectal Adenocarcinoma,1.0,Invasive,0.0333,0.0,2a,1.0,Cluster3,0.0,1.0,MSS,67.0,READ,4 - rectum,Primary,1.0,Matched,2.366666667,Stage I,coadread_tcga_pub,MSI_STATUS,MSS,MSS,Primary,Colorectal Cancer,Rectal Adenocarcinoma,0.0333,2.36666666667,,,,,,,,,,,,,
TCGA-AG-A026,TCGA-AG-A026-01,Colorectal Cancer,Rectal Adenocarcinoma,1.0,,0.4292,0.0,1,1.0,Cluster3,0.0,0.0,MSS,171.0,READ,4 - rectum,Primary,1.0,Matched,5.7,,coadread_tcga_pub,MSI_STATUS,MSS,MSS,Primary,Colorectal Cancer,Rectal Adenocarcinoma,0.4292,5.7,,,,,,,,,,,,,
TCGA-AG-A02G,TCGA-AG-A02G-01,Colorectal Cancer,Rectal Adenocarcinoma,1.0,CIN,0.4973,0.0,3,1.0,Cluster4,0.0,1.0,MSS,41.0,READ,4 - rectum,Primary,1.0,Matched,1.5,Stage IV,coadread_tcga_pub,MSI_STATUS,MSS,MSS,Primary,Colorectal Cancer,Rectal Adenocarcinoma,0.4973,1.5,,,,,,,,,,,,,
TCGA-AG-A02N,TCGA-AG-A02N-01,Colorectal Cancer,Rectal Adenocarcinoma,1.0,,0.098,1.0,,0.0,,,0.0,MSI-H,907.0,READ,4 - rectum,Primary,1.0,Matched,30.33333333,Stage IIA,coadread_tcga_pub,MSI_STATUS,MSI-H,MSI-H,Primary,Colorectal Cancer,Rectal Adenocarcinoma,0.098,30.0,,,,,,,,,,,,,
TCGA-AG-A02X,TCGA-AG-A02X-01,Colorectal Cancer,Rectal Adenocarcinoma,1.0,Invasive,0.9653,0.0,3,1.0,CIMP.H,0.0,1.0,MSS,98.0,READ,4 - rectum,Primary,1.0,Matched,3.633333333,Stage I,coadread_tcga_pub,MSI_STATUS,MSS,MSS,Primary,Colorectal Cancer,Rectal Adenocarcinoma,0.9653,3.6,,,,,,,,,,,,,
TCGA-AG-A032,TCGA-AG-A032-01,Colorectal Cancer,Rectal Adenocarcinoma,1.0,CIN,0.4336,0.0,3,1.0,Cluster4,0.0,1.0,MSS,61.0,READ,4 - rectum,Primary,1.0,Matched,2.266666667,Stage IIIB,coadread_tcga_pub,MSI_STATUS,MSS,MSS,Primary,Colorectal Cancer,Rectal Adenocarcinoma,0.4336,2.26666666667,,,,,,,,,,,,,
TCGA-AG-A036,TCGA-AG-A036-01,Colorectal Cancer,Rectal Adenocarcinoma,0.0,,,0.0,,0.0,,,0.0,MSS,109.0,READ,4 - rectum,Primary,1.0,Matched,3.733333333,Stage IIIB,coadread_tcga_pub,MSI_STATUS,MSS,MSS,Primary,Colorectal Cancer,Rectal Adenocarcinoma,,3.73333333333,,,,,,,,,,,,,
TCGA-AY-4070,TCGA-AY-4070-01,Colorectal Cancer,Colon Adenocarcinoma,1.0,CIN,0.3407,0.0,1,1.0,Cluster3,0.0,1.0,MSS,90.0,COAD,1 - right colon,Primary,1.0,Matched,3.566666667,Stage IIIC,coadread_tcga_pub,MSI_STATUS,MSS,MSS,Primary,Colorectal Cancer,Colon Adenocarcinoma,0.3407,3.56666666667,,,,,,,,,,,,,
TCGA-AY-4071,TCGA-AY-4071-01,Colorectal Cancer,Colorectal Adenocarcinoma,1.0,CIN,0.332,0.0,3,1.0,Cluster3,0.0,1.0,MSS,83.0,COADREAD,,Primary,1.0,Matched,2.766666667,Stage I,coadread_tcga_pub,MSI_STATUS,MSS,MSS,Primary,Colorectal Cancer,Colon Adenocarcinoma,0.332,2.76666666667,,,,,,,,,,,,,
TCGA-AZ-4308,TCGA-AZ-4308-01,Colorectal Cancer,Colon Adenocarcinoma,1.0,,0.1974,,,0.0,,,0.0,MSS,,COAD,3 - left colon,Primary,0.0,Matched,,Stage IIIB,coadread_tcga_pub,MSI_STATUS,MSS,MSS,Primary,Colorectal Cancer,Colon Adenocarcinoma,0.1974,,,,,,,,,,,,,,
TCGA-AZ-4313,TCGA-AZ-4313-01,Colorectal Cancer,Colon Adenocarcinoma,1.0,,0.1381,,,,,,0.0,MSI-H,,COAD,1 - right colon,Primary,0.0,Matched,,Stage I,coadread_tcga_pub,MSI_STATUS,MSI-H,MSI-H,Primary,Colorectal Cancer,Colon Adenocarcinoma,0.1381,,,,,,,,,,,,,,
TCGA-AZ-4315,TCGA-AZ-4315-01,Colorectal Cancer,Colon Adenocarcinoma,1.0,,0.0013,,,,,,0.0,MSS,,COAD,1 - right colon,Primary,0.0,Matched,,Stage IIA,coadread_tcga_pub,MSI_STATUS,MSS,MSS,Primary,Colorectal Cancer,Colon Adenocarcinoma,0.0013,,,,,,,,,,,,,,
TCGA-AZ-4615,TCGA-AZ-4615-01,Colorectal Cancer,Colon Adenocarcinoma,1.0,,0.0587,,,,,,0.0,MSI-H,,COAD,,Primary,0.0,Matched,,Stage IIIB,coadread_tcga_pub,MSI_STATUS,MSI-H,MSI-H,Primary,Colorectal Cancer,Colon Adenocarcinoma,0.0587,,,,,,,,,,,,,,
TCGA-AZ-4681,TCGA-AZ-4681-01,Colorectal Cancer,Colon Adenocarcinoma,1.0,,0.238,,,,,,0.0,MSS,,COAD,1 - right colon,Primary,0.0,Matched,,Stage IIA,coadread_tcga_pub,MSI_STATUS,MSS,MSS,Primary,Colorectal Cancer,Colon Adenocarcinoma,0.238,,,,,,,,,,,,,,
TCGA-AZ-4682,TCGA-AZ-4682-01,Colorectal Cancer,Colon Adenocarcinoma,1.0,,0.354,,,,,,0.0,MSS,,COAD,3 - left colon,Primary,0.0,Matched,,Stage IVA,coadread_tcga_pub,MSI_STATUS,MSS,MSS,Primary,Colorectal Cancer,Colon Adenocarcinoma,0.354,,,,,,,,,,,,,,
TCGA-CA-5256,TCGA-CA-5256-01,Colorectal Cancer,Colon Adenocarcinoma,1.0,,0.4695,,,,,,0.0,MSS,,COAD,1 - right colon,Primary,0.0,Matched,,Stage IIA,coadread_tcga_pub,MSI_STATUS,MSS,MSS,Primary,Colorectal Cancer,Colon Adenocarcinoma,0.4695,,,,,,,,,,,,,,
TCGA-CK-4951,TCGA-CK-4951-01,Colorectal Cancer,Colorectal Adenocarcinoma,1.0,,0.0026,,,,,,0.0,MSI-H,,COADREAD,1 - right colon,Primary,0.0,Matched,,Stage IIA,coadread_tcga_pub,MSI_STATUS,MSI-H,MSI-H,Primary,Colorectal Cancer,Mucinous Adenocarcinoma of the Colon and Rectum,0.0026,,,,,,,,,,,,,,
TCGA-CM-4744,TCGA-CM-4744-01,Colorectal Cancer,Colon Adenocarcinoma,1.0,,0.1898,,,,,,0.0,MSS,,COAD,1 - right colon,Primary,0.0,Matched,,Stage I,coadread_tcga_pub,MSI_STATUS,MSS,MSS,Primary,Colorectal Cancer,Colon Adenocarcinoma,0.1898,,,,,,,,,,,,,,
TCGA-CM-4746,TCGA-CM-4746-01,Colorectal Cancer,Colon Adenocarcinoma,1.0,,0.1196,,,,,,0.0,MSI-H,,COAD,3 - left colon,Primary,0.0,Matched,,Stage I,coadread_tcga_pub,MSI_STATUS,MSI-H,MSI-H,Primary,Colorectal Cancer,Colon Adenocarcinoma,0.1196,,,,,,,,,,,,,,
TCGA-CM-4748,TCGA-CM-4748-01,Colorectal Cancer,Colon Adenocarcinoma,1.0,,0.0119,,,,,,0.0,MSS,,COAD,2 - transverse colon,Primary,0.0,Matched,,Stage IIIB,coadread_tcga_pub,MSI_STATUS,MSS,MSS,Primary,Colorectal Cancer,Mucinous Adenocarcinoma of the Colon and Rectum,0.0119,,,,,,,,,,,,,,
TCGA-CM-4752,TCGA-CM-4752-01,Colorectal Cancer,Colon Adenocarcinoma,1.0,,0.4029,,,,,,0.0,MSS,,COAD,1 - right colon,Primary,0.0,Matched,,Stage IIA,coadread_tcga_pub,MSI_STATUS,MSS,MSS,Primary,Colorectal Cancer,Colon Adenocarcinoma,0.4029,,,,,,,,,,,,,,
TCGA-CM-5341,TCGA-CM-5341-01,Colorectal Cancer,Colon Adenocarcinoma,1.0,,0.2701,,,,,,0.0,MSS,,COAD,3 - left colon,Primary,0.0,Matched,,Stage IIIA,coadread_tcga_pub,MSI_STATUS,MSS,MSS,Primary,Colorectal Cancer,Colon Adenocarcinoma,0.2701,,,,,,,,,,,,,,
TCGA-3L-AA1B,TCGA-3L-AA1B-01,Colorectal Cancer,Colon Adenocarcinoma,,,0.1127,,,,,,,,120.0,COAD,,Primary,,Matched,4.033333333,,coadread_tcga_pan_can_atlas_2018,MANTIS_MSISENSOR_THRESHOLD,MSS,MSS,Primary,Colorectal Cancer,Colorectal Adenocarcinoma,0.1127,,19.0,0.3057,0.05,19.0,Yes,No,Indivumed,3L,Colon,Colon Adenocarcinoma,0.3057,0.05,cBioPortal PanCancer Atlas; MANTIS/MSIsensor thresholds
TCGA-4N-A93T,TCGA-4N-A93T-01,Colorectal Cancer,Colon Adenocarcinoma,,,0.313,,,,,,,,85.0,COAD,,Primary,,Matched,2.9,,coadread_tcga_pan_can_atlas_2018,MANTIS_MSISENSOR_THRESHOLD,MSS,MSS,Primary,Colorectal Cancer,Colon Adenocarcinoma,0.313,,13.0,0.3317,0.69,30.0,Yes,No,Indivumed,4N,Colon,Colon Adenocarcinoma,0.3317,0.69,cBioPortal PanCancer Atlas; MANTIS/MSIsensor thresholds
TCGA-4T-AA8H,TCGA-4T-AA8H-01,Colorectal Cancer,Mucinous Adenocarcinoma of the Colon and Rectum,,,0.2816,,,,,,,,120.0,MACR,,Primary,,Matched,4.0,,coadread_tcga_pan_can_atlas_2018,MANTIS_MSISENSOR_THRESHOLD,MSS,MSS,Primary,Colorectal Cancer,Mucinous Adenocarcinoma of the Colon and Rectum,0.2816,,18.0,0.3144,0.17,14.0,No,Yes,Indivumed,4T,Colon,"Colon Adenocarcinoma, Mucinous Type",0.3144,0.17,cBioPortal PanCancer Atlas; MANTIS/MSIsensor thresholds
TCGA-5M-AAT4,TCGA-5M-AAT4-01,Colorectal Cancer,Colon Adenocarcinoma,,,0.4095,,,,,,,,176.0,COAD,,Primary,,Matched,5.833333333,,coadread_tcga_pan_can_atlas_2018,MANTIS_MSISENSOR_THRESHOLD,MSS,MSS,Primary,Colorectal Cancer,Colon Adenocarcinoma,0.4095,,18.0,0.3232,0.55,82.0,No,Yes,Indivumed,5M,Colon,Colon Adenocarcinoma,0.3232,0.55,cBioPortal PanCancer Atlas; MANTIS/MSIsensor thresholds
TCGA-5M-AAT5,TCGA-5M-AAT5-01,Colorectal Cancer,Colon Adenocarcinoma,,,0.3435,,,,,,,,79.0,COAD,,Primary,,Matched,2.633333333,,coadread_tcga_pan_can_atlas_2018,MANTIS_MSISENSOR_THRESHOLD,MSS,MSS,Primary,Colorectal Cancer,Colorectal Adenocarcinoma,0.3435,,10.0,0.3131,0.35,27.0,,,Molecular Response,5M,,Colon Adenocarcinoma,0.3131,0.35,cBioPortal PanCancer Atlas; MANTIS/MSIsensor thresholds
TCGA-5M-AAT6,TCGA-5M-AAT6-01,Colorectal Cancer,Colon Adenocarcinoma,,,0.05,,,,,,,,1860.0,COAD,,Primary,,Matched,62.16666667,,coadread_tcga_pan_can_atlas_2018,MANTIS_MSISENSOR_THRESHOLD,MSI-H,MSI-H,Primary,Colorectal Cancer,Colon Adenocarcinoma,0.05,,3.0,0.66,20.58,1.0,No,Yes,Indivumed,5M,Colon,Colon Adenocarcinoma,0.66,20.58,cBioPortal PanCancer Atlas; MANTIS/MSIsensor thresholds
TCGA-5M-AATA,TCGA-5M-AATA-01,Colorectal Cancer,Colon Adenocarcinoma,,,0.1744,,,,,,,,71.0,COAD,,Primary,,Matched,2.366666667,,coadread_tcga_pan_can_atlas_2018,MANTIS_MSISENSOR_THRESHOLD,MSS,MSS,Primary,Colorectal Cancer,Colorectal Adenocarcinoma,0.1744,,14.0,0.3123,0.08,56.0,,,University of Kansas,5M,,Colon Adenocarcinoma,0.3123,0.08,cBioPortal PanCancer Atlas; MANTIS/MSIsensor thresholds
TCGA-5M-AATE,TCGA-5M-AATE-01,Colorectal Cancer,Colon Adenocarcinoma,,,0.4018,,,,,,,,113.0,COAD,,Primary,,Matched,3.8,,coadread_tcga_pan_can_atlas_2018,MANTIS_MSISENSOR_THRESHOLD,MSS,MSS,Primary,Colorectal Cancer,Colon Adenocarcinoma,0.4018,,20.0,0.3252,0.47,27.0,No,Yes,Indivumed,5M,Colon,Colon Adenocarcinoma,0.3252,0.47,cBioPortal PanCancer Atlas; MANTIS/MSIsensor thresholds
TCGA-A6-2671,TCGA-A6-2671-01,Colorectal Cancer,Colon Adenocarcinoma,,,0.4881,,,,,,,,64.0,COAD,,Primary,,Matched,4.066666667,,coadread_tcga_pan_can_atlas_2018,MANTIS_MSISENSOR_THRESHOLD,MSS,MSS,Primary,Colorectal Cancer,Colon Adenocarcinoma,0.4881,,25.0,0.35,0.37,78.5,Yes,No,Indivumed,A6,Colon,Colon Adenocarcinoma,0.35,0.37,cBioPortal PanCancer Atlas; MANTIS/MSIsensor thresholds
TCGA-A6-2672,TCGA-A6-2672-01,Colorectal Cancer,Colon Adenocarcinoma,,,0.0357,,,,,,,,,COAD,,Primary,,Matched,,,coadread_tcga_pan_can_atlas_2018,MANTIS_MSISENSOR_THRESHOLD,MSI-H,MSI-H,Primary,Colorectal Cancer,Colon Adenocarcinoma,0.0357,14.0333333333,1.0,0.9618,31.87,39.7,Yes,No,Indivumed,A6,Colon,Colon Adenocarcinoma,0.9618,31.87,cBioPortal PanCancer Atlas; MANTIS/MSIsensor thresholds
TCGA-A6-2675,TCGA-A6-2675-01,Colorectal Cancer,Colon Adenocarcinoma,,,0.2208,,,,,,,,88.0,COAD,,Primary,,Matched,5.833333333,,coadread_tcga_pan_can_atlas_2018,MANTIS_MSISENSOR_THRESHOLD,MSS,MSS,Primary,Colorectal Cancer,Colon Adenocarcinoma,0.2208,,21.0,0.363,0.05,116.0,Yes,No,Indivumed,A6,Colon,Colon Adenocarcinoma,0.363,0.05,cBioPortal PanCancer Atlas; MANTIS/MSIsensor thresholds
TCGA-A6-2676,TCGA-A6-2676-01,Colorectal Cancer,Colon Adenocarcinoma,,,0.0434,,,,,,,,,COAD,,Primary,,Matched,,,coadread_tcga_pan_can_atlas_2018,MANTIS_MSISENSOR_THRESHOLD,MSI-H,MSI-H,Primary,Colorectal Cancer,Colon Adenocarcinoma,0.0434,20.3,1.0,,17.34,101.0,Yes,No,Indivumed,A6,Colon,Colon Adenocarcinoma,,17.34,cBioPortal PanCancer Atlas; MANTIS/MSIsensor thresholds
TCGA-A6-2677,TCGA-A6-2677-01,Colorectal Cancer,Colon Adenocarcinoma,,,,,,,,,,,116.0,COAD,,Primary,,Matched,7.766666667,,coadread_tcga_pan_can_atlas_2018,MANTIS_MSISENSOR_THRESHOLD,MSS,MSS,Primary,Colorectal Cancer,Colon Adenocarcinoma,0.1687,1.86666666667,8.0,0.319,0.0,97.0,Yes,No,Indivumed,A6,Colon,Colon Adenocarcinoma,0.319,0.0,cBioPortal PanCancer Atlas; MANTIS/MSIsensor thresholds
TCGA-A6-2678,TCGA-A6-2678-01,Colorectal Cancer,Colon Adenocarcinoma,,,0.2501,,,,,,,,26.0,COAD,,Primary,,Matched,1.733333333,,coadread_tcga_pan_can_atlas_2018,MANTIS_MSISENSOR_THRESHOLD,MSS,MSS,Primary,Colorectal Cancer,Colon Adenocarcinoma,0.2501,2.06666666667,7.0,0.36,0.64,79.5,Yes,No,Indivumed,A6,Colon,Colon Adenocarcinoma,0.36,0.64,cBioPortal PanCancer Atlas; MANTIS/MSIsensor thresholds
TCGA-A6-2679,TCGA-A6-2679-01,Colorectal Cancer,Colon Adenocarcinoma,,,0.3265,,,,,,,,,COAD,,Primary,,Matched,,,coadread_tcga_pan_can_atlas_2018,MANTIS_MSISENSOR_THRESHOLD,MSS,MSS,Primary,Colorectal Cancer,Colon Adenocarcinoma,0.3265,,23.0,0.3403,0.19,69.5,Yes,No,Indivumed,A6,Colon,Colon Adenocarcinoma,0.3403,0.19,cBioPortal PanCancer Atlas; MANTIS/MSIsensor thresholds
TCGA-A6-2680,TCGA-A6-2680-01,Colorectal Cancer,Colon Adenocarcinoma,,,0.3938,,,,,,,,,COAD,,Primary,,Matched,,,coadread_tcga_pan_can_atlas_2018,MANTIS_MSISENSOR_THRESHOLD,MSS,MSS,Primary,Colorectal Cancer,Colon Adenocarcinoma,0.3938,,18.0,0.3468,,7.5,Yes,No,Indivumed,A6,Colon,Colon Adenocarcinoma,0.3468,,cBioPortal PanCancer Atlas; MANTIS/MSIsensor thresholds
TCGA-A6-2681,TCGA-A6-2681-01,Colorectal Cancer,Colon Adenocarcinoma,,,0.3353,,,,,,,,130.0,COAD,,Primary,,Matched,8.666666667,,coadread_tcga_pan_can_atlas_2018,MANTIS_MSISENSOR_THRESHOLD,MSS,MSS,Primary,Colorectal Cancer,Colon Adenocarcinoma,0.3353,,13.0,0.3456,0.13,87.5,Yes,No,Indivumed,A6,Colon,Colon Adenocarcinoma,0.3456,0.13,cBioPortal PanCancer Atlas; MANTIS/MSIsensor thresholds
TCGA-A6-2682,TCGA-A6-2682-01,Colorectal Cancer,Colon Adenocarcinoma,,,0.0603,,,,,,,,,COAD,,Primary,,Matched,,,coadread_tcga_pan_can_atlas_2018,MANTIS_MSISENSOR_THRESHOLD,MSS,MSS,Primary,Colorectal Cancer,Colon Adenocarcinoma,0.0603,,,0.3444,,15.0,Yes,No,Indivumed,A6,Colon,Colon Adenocarcinoma,0.3444,,cBioPortal PanCancer Atlas; MANTIS/MSIsensor thresholds
TCGA-A6-2683,TCGA-A6-2683-01,Colorectal Cancer,Colon Adenocarcinoma,,,0.4112,,,,,,,,33.0,COAD,,Primary,,Matched,2.133333333,,coadread_tcga_pan_can_atlas_2018,MANTIS_MSISENSOR_THRESHOLD,MSS,MSS,Primary,Colorectal Cancer,Colon Adenocarcinoma,0.4112,2.46666666667,20.0,0.3644,1.46,81.0,Yes,No,Indivumed,A6,Colon,Colon Adenocarcinoma,0.3644,1.46,cBioPortal PanCancer Atlas; MANTIS/MSIsensor thresholds
TCGA-A6-2685,TCGA-A6-2685-01,Colorectal Cancer,Colon Adenocarcinoma,,,0.1206,,,,,,,,46.0,COAD,,Primary,,Matched,2.966666667,,coadread_tcga_pan_can_atlas_2018,MANTIS_MSISENSOR_THRESHOLD,MSS,MSS,Primary,Colorectal Cancer,Colon Adenocarcinoma,0.1206,,11.0,0.3571,0.0,53.5,Yes,No,Indivumed,A6,Colon,Colon Adenocarcinoma,0.3571,0.0,cBioPortal PanCancer Atlas; MANTIS/MSIsensor thresholds
TCGA-A6-2686,TCGA-A6-2686-01,Colorectal Cancer,Colon Adenocarcinoma,,,0.3306,,,,,,,,2139.0,COAD,,Primary,,Matched,135.7666667,,coadread_tcga_pan_can_atlas_2018,MANTIS_MSISENSOR_THRESHOLD,MSI-H,MSI-H,Primary,Colorectal Cancer,Colon Adenocarcinoma,0.3306,,19.0,1.2375,41.35,129.5,Yes,No,Indivumed,A6,Colon,Colon Adenocarcinoma,1.2375,41.35,cBioPortal PanCancer Atlas; MANTIS/MSIsensor thresholds
TCGA-A6-3809,TCGA-A6-3809-01,Colorectal Cancer,Mucinous Adenocarcinoma of the Colon and Rectum,,,,,,,,,,,1165.0,MACR,,Primary,,Matched,39.1,,coadread_tcga_pan_can_atlas_2018,MANTIS_MSISENSOR_THRESHOLD,MSI-H,MSI-H,Primary,Colorectal Cancer,Mucinous Adenocarcinoma of the Colon and Rectum,0.0462,,2.0,0.9595,36.48,7.0,Yes,No,Indivumed,A6,Colon,"Colon Adenocarcinoma, Mucinous Type",0.9595,36.48,cBioPortal PanCancer Atlas; MANTIS/MSIsensor thresholds
TCGA-A6-3810,TCGA-A6-3810-01,Colorectal Cancer,Colon Adenocarcinoma,,,,,,,,,,,166.0,COAD,,Primary,,Matched,5.533333333,,coadread_tcga_pan_can_atlas_2018,MANTIS_MSISENSOR_THRESHOLD,MSS,MSS,Primary,Colorectal Cancer,Colon Adenocarcinoma,0.4697,3.23333333333,22.0,0.3137,1.08,98.3,Yes,No,Indivumed,A6,Colon,Colon Adenocarcinoma,0.3137,1.08,cBioPortal PanCancer Atlas; MANTIS/MSIsensor thresholds
TCGA-A6-4105,TCGA-A6-4105-01,Colorectal Cancer,Colon Adenocarcinoma,,,0.3692,,,,,,,,145.0,COAD,,Primary,,Matched,4.866666667,,coadread_tcga_pan_can_atlas_2018,MANTIS_MSISENSOR_THRESHOLD,MSS,MSS,Primary,Colorectal Cancer,Colon Adenocarcinoma,0.3692,,17.0,0.3528,0.3,50.0,Yes,No,Indivumed,A6,Colon,Colon Adenocarcinoma,0.3528,0.3,cBioPortal PanCancer Atlas; MANTIS/MSIsensor thresholds
TCGA-A6-4107,TCGA-A6-4107-01,Colorectal Cancer,Colon Adenocarcinoma,,,0.2565,,,,,,,,169.0,COAD,,Primary,,Matched,11.13333333,,coadread_tcga_pan_can_atlas_2018,MANTIS_MSISENSOR_THRESHOLD,MSS,MSS,Primary,Colorectal Cancer,Colon Adenocarcinoma,0.2565,,27.0,0.3809,0.01,61.0,Yes,No,Indivumed,A6,Colon,Colon Adenocarcinoma,0.3809,0.01,cBioPortal PanCancer Atlas; MANTIS/MSIsensor thresholds
TCGA-A6-5656,TCGA-A6-5656-01,Colorectal Cancer,Colon Adenocarcinoma,,,,,,,,,,,107.0,COAD,,Primary,,Matched,3.6,,coadread_tcga_pan_can_atlas_2018,MANTIS_MSISENSOR_THRESHOLD,MSS,MSS,Primary,Colorectal Cancer,Colon Adenocarcinoma,0.2757,,10.0,0.3197,15.42,60.3,Yes,No,Indivumed,A6,Colon,Colon Adenocarcinoma,0.3197,15.42,cBioPortal PanCancer Atlas; MANTIS/MSIsensor thresholds
TCGA-A6-5657,TCGA-A6-5657-01,Colorectal Cancer,Colon Adenocarcinoma,,,0.0871,,,,,,,,101.0,COAD,,Primary,,Matched,6.633333333,,coadread_tcga_pan_can_atlas_2018,MANTIS_MSISENSOR_THRESHOLD,MSS,MSS,Primary,Colorectal Cancer,Colon Adenocarcinoma,0.0871,,8.0,0.3201,0.13,23.0,Yes,No,Indivumed,A6,Colon,Colon Adenocarcinoma,0.3201,0.13,cBioPortal PanCancer Atlas; MANTIS/MSIsensor thresholds
TCGA-A6-5660,TCGA-A6-5660-01,Colorectal Cancer,Colon Adenocarcinoma,,,0.3504,,,,,,,,117.0,COAD,,Primary,,Matched,7.533333333,,coadread_tcga_pan_can_atlas_2018,MANTIS_MSISENSOR_THRESHOLD,MSS,MSS,Primary,Colorectal Cancer,Colon Adenocarcinoma,0.3504,,16.0,0.3322,0.73,70.0,Yes,No,Indivumed,A6,Colon,Colon Adenocarcinoma,0.3322,0.73,cBioPortal PanCancer Atlas; MANTIS/MSIsensor thresholds
TCGA-A6-5661,TCGA-A6-5661-01,Colorectal Cancer,Colon Adenocarcinoma,,,0.0323,,,,,,,,1269.0,COAD,,Primary,,Matched,81.33333333,,coadread_tcga_pan_can_atlas_2018,MANTIS_MSISENSOR_THRESHOLD,MSI-H,MSI-H,Primary,Colorectal Cancer,Colon Adenocarcinoma,0.0323,,0.0,,33.38,47.0,Yes,No,Indivumed,A6,Colon,Colon Adenocarcinoma,,33.38,cBioPortal PanCancer Atlas; MANTIS/MSIsensor thresholds
TCGA-A6-5662,TCGA-A6-5662-01,Colorectal Cancer,Colon Adenocarcinoma,,,0.2434,,,,,,,,64.0,COAD,,Primary,,Matched,4.2,,coadread_tcga_pan_can_atlas_2018,MANTIS_MSISENSOR_THRESHOLD,MSS,MSS,Primary,Colorectal Cancer,Colon Adenocarcinoma,0.2434,,8.0,,1.0,48.0,Yes,No,Indivumed,A6,Colon,Colon Adenocarcinoma,,1.0,cBioPortal PanCancer Atlas; MANTIS/MSIsensor thresholds
TCGA-A6-5665,TCGA-A6-5665-01,Colorectal Cancer,Colon Adenocarcinoma,,,0.0133,,,,,,,,1859.0,COAD,,Primary,,Matched,117.7666667,,coadread_tcga_pan_can_atlas_2018,MANTIS_MSISENSOR_THRESHOLD,MSI-H,MSI-H,Primary,Colorectal Cancer,Colon Adenocarcinoma,0.0133,,1.0,1.1824,46.78,27.5,Yes,No,Indivumed,A6,Colon,Colon Adenocarcinoma,1.1824,46.78,cBioPortal PanCancer Atlas; MANTIS/MSIsensor thresholds
TCGA-A6-5666,TCGA-A6-5666-01,Colorectal Cancer,Colon Adenocarcinoma,,,0.2756,,,,,,,,91.0,COAD,,Primary,,Matched,5.933333333,,coadread_tcga_pan_can_atlas_2018,MANTIS_MSISENSOR_THRESHOLD,MSS,MSS,Primary,Colorectal Cancer,Colon Adenocarcinoma,0.2756,,11.0,0.3139,1.0,38.0,Yes,No,Indivumed,A6,Colon,Colon Adenocarcinoma,0.3139,1.0,cBioPortal PanCancer Atlas; MANTIS/MSIsensor thresholds
TCGA-A6-5667,TCGA-A6-5667-01,Colorectal Cancer,Colon Adenocarcinoma,,,0.5465,,,,,,,,58.0,COAD,,Primary,,Matched,3.766666667,,coadread_tcga_pan_can_atlas_2018,MANTIS_MSISENSOR_THRESHOLD,MSS,MSS,Primary,Colorectal Cancer,Colon Adenocarcinoma,0.5465,,22.0,0.3604,1.11,56.0,Yes,No,Indivumed,A6,Colon,Colon Adenocarcinoma,0.3604,1.11,cBioPortal PanCancer Atlas; MANTIS/MSIsensor thresholds
TCGA-A6-6137,TCGA-A6-6137-01,Colorectal Cancer,Colon Adenocarcinoma,,,0.1679,,,,,,,,115.0,COAD,,Primary,,Matched,3.733333333,,coadread_tcga_pan_can_atlas_2018,MANTIS_MSISENSOR_THRESHOLD,MSS,MSS,Primary,Colorectal Cancer,Colon Adenocarcinoma,0.1679,,8.0,0.3386,0.08,85.0,Yes,No,Indivumed,A6,Colon,Colon Adenocarcinoma,0.3386,0.08,cBioPortal PanCancer Atlas; MANTIS/MSIsensor thresholds
TCGA-A6-6138,TCGA-A6-6138-01,Colorectal Cancer,Colon Adenocarcinoma,,,0.2186,,,,,,,,100.0,COAD,,Primary,,Matched,3.333333333,,coadread_tcga_pan_can_atlas_2018,MANTIS_MSISENSOR_THRESHOLD,MSS,MSS,Primary,Colorectal Cancer,Colon Adenocarcinoma,0.2186,,9.0,0.3495,0.22,46.0,Yes,No,Indivumed,A6,Colon,Colon Adenocarcinoma,0.3495,0.22,cBioPortal PanCancer Atlas; MANTIS/MSIsensor thresholds
TCGA-A6-6140,TCGA-A6-6140-01,Colorectal Cancer,Colon Adenocarcinoma,,,0.2804,,,,,,,,,COAD,,Primary,,Matched,,,coadread_tcga_pan_can_atlas_2018,MANTIS_MSISENSOR_THRESHOLD,MSS,MSS,Primary,Colorectal Cancer,Colon Adenocarcinoma,0.2804,,14.0,0.3659,,37.0,Yes,No,Indivumed,A6,Colon,Colon Adenocarcinoma,0.3659,,cBioPortal PanCancer Atlas; MANTIS/MSIsensor thresholds
TCGA-A6-6141,TCGA-A6-6141-01,Colorectal Cancer,Colon Adenocarcinoma,,,0.0002,,,,,,,,,COAD,,Primary,,Matched,,,coadread_tcga_pan_can_atlas_2018,MANTIS_MSISENSOR_THRESHOLD,MSS,MSS,Primary,Colorectal Cancer,Colon Adenocarcinoma,0.0002,,0.0,0.3495,0.01,3.0,Yes,No,Indivumed,A6,Colon,Colon Adenocarcinoma,0.3495,0.01,cBioPortal PanCancer Atlas; MANTIS/MSIsensor thresholds
TCGA-A6-6142,TCGA-A6-6142-01,Colorectal Cancer,Colon Adenocarcinoma,,,0.2569,,,,,,,,79.0,COAD,,Primary,,Matched,2.633333333,,coadread_tcga_pan_can_atlas_2018,MANTIS_MSISENSOR_THRESHOLD,MSS,MSS,Primary,Colorectal Cancer,Colon Adenocarcinoma,0.2569,,21.0,0.3596,0.07,49.0,Yes,No,Indivumed,A6,Colon,Colon Adenocarcinoma,0.3596,0.07,cBioPortal PanCancer Atlas; MANTIS/MSIsensor thresholds
TCGA-A6-6648,TCGA-A6-6648-01,Colorectal Cancer,Colon Adenocarcinoma,,,0.3655,,,,,,,,88.0,COAD,,Primary,,Matched,2.966666667,,coadread_tcga_pan_can_atlas_2018,MANTIS_MSISENSOR_THRESHOLD,MSS,MSS,Primary,Colorectal Cancer,Colon Adenocarcinoma,0.3655,,20.0,0.3926,0.52,96.0,Yes,No,Indivumed,A6,Colon,Colon Adenocarcinoma,0.3926,0.52,cBioPortal PanCancer Atlas; MANTIS/MSIsensor thresholds
TCGA-A6-6651,TCGA-A6-6651-01,Colorectal Cancer,Colon Adenocarcinoma,,,0.0914,,,,,,,,84.0,COAD,,Primary,,Matched,2.8,,coadread_tcga_pan_can_atlas_2018,MANTIS_MSISENSOR_THRESHOLD,MSS,MSS,Primary,Colorectal Cancer,Colon Adenocarcinoma,0.0914,,26.0,0.3785,0.08,25.0,Yes,No,Indivumed,A6,Colon,Colon Adenocarcinoma,0.3785,0.08,cBioPortal PanCancer Atlas; MANTIS/MSIsensor thresholds
TCGA-A6-6652,TCGA-A6-6652-01,Colorectal Cancer,Colon Adenocarcinoma,,,0.3395,,,,,,,,76.0,COAD,,Primary,,Matched,2.533333333,,coadread_tcga_pan_can_atlas_2018,MANTIS_MSISENSOR_THRESHOLD,MSS,MSS,Primary,Colorectal Cancer,Colon Adenocarcinoma,0.3395,,13.0,0.3866,0.3,36.0,Yes,No,Indivumed,A6,Colon,Colon Adenocarcinoma,0.3866,0.3,cBioPortal PanCancer Atlas; MANTIS/MSIsensor thresholds
TCGA-A6-6653,TCGA-A6-6653-01,Colorectal Cancer,Colon Adenocarcinoma,,,0.0132,,,,,,,,1067.0,COAD,,Primary,,Matched,35.63333333,,coadread_tcga_pan_can_atlas_2018,MANTIS_MSISENSOR_THRESHOLD,MSI-H,MSI-H,Primary,Colorectal Cancer,Colon Adenocarcinoma,0.0132,,1.0,1.0708,33.02,36.0,Yes,No,Indivumed,A6,Colon,Colon Adenocarcinoma,1.0708,33.02,cBioPortal PanCancer Atlas; MANTIS/MSIsensor thresholds
TCGA-A6-6654,TCGA-A6-6654-01,Colorectal Cancer,Colon Adenocarcinoma,,,0.1377,,,,,,,,170.0,COAD,,Primary,,Matched,5.666666667,,coadread_tcga_pan_can_atlas_2018,MANTIS_MSISENSOR_THRESHOLD,MSS,MSS,Primary,Colorectal Cancer,Colon Adenocarcinoma,0.1377,,26.0,0.3351,0.07,100.0,Yes,No,Indivumed,A6,Colon,Colon Adenocarcinoma,0.3351,0.07,cBioPortal PanCancer Atlas; MANTIS/MSIsensor thresholds
TCGA-A6-6780,TCGA-A6-6780-01,Colorectal Cancer,Mucinous Adenocarcinoma of the Colon and Rectum,,,,,,,,,,,1179.0,MACR,,Primary,,Matched,39.43333333,,coadread_tcga_pan_can_atlas_2018,MANTIS_MSISENSOR_THRESHOLD,MSI-H,MSI-H,Primary,Colorectal Cancer,Mucinous Adenocarcinoma of the Colon and Rectum,0.0772,,2.0,1.1071,37.25,19.0,Yes,No,Indivumed,A6,Colon,"Colon Adenocarcinoma, Mucinous Type",1.1071,37.25,cBioPortal PanCancer Atlas; MANTIS/MSIsensor thresholds
TCGA-A6-6781,TCGA-A6-6781-01,Colorectal Cancer,Mucinous Adenocarcinoma of the Colon and Rectum,,,,,,,,,,,1916.0,MACR,,Primary,,Matched,64.2,,coadread_tcga_pan_can_atlas_2018,MANTIS_MSISENSOR_THRESHOLD,MSI-H,MSI-H,Primary,Colorectal Cancer,Mucinous Adenocarcinoma of the Colon and Rectum,0.0001,,0.0,0.771,25.58,9.7,Yes,No,Indivumed,A6,Colon,"Colon Adenocarcinoma, Mucinous Type",0.771,25.58,cBioPortal PanCancer Atlas; MANTIS/MSIsensor thresholds
TCGA-A6-6782,TCGA-A6-6782-01,Colorectal Cancer,Colon Adenocarcinoma,,,0.2152,,,,,,,,126.0,COAD,,Primary,,Matched,4.133333333,,coadread_tcga_pan_can_atlas_2018,MANTIS_MSISENSOR_THRESHOLD,MSS,MSS,Primary,Colorectal Cancer,Colon Adenocarcinoma,0.2152,,11.0,0.3922,0.0,85.0,Yes,No,Indivumed,A6,Colon,Colon Adenocarcinoma,0.3922,0.0,cBioPortal PanCancer Atlas; MANTIS/MSIsensor thresholds
TCGA-A6-A565,TCGA-A6-A565-01,Colorectal Cancer,Mucinous Adenocarcinoma of the Colon and Rectum,,,0.0001,,,,,,,,364.0,MACR,,Primary,,Matched,12.2,,coadread_tcga_pan_can_atlas_2018,MANTIS_MSISENSOR_THRESHOLD,MSS,MSS,Primary,Colorectal Cancer,Mucinous Adenocarcinoma of the Colon and Rectum,0.0001,,0.0,0.3972,0.41,0.0,No,Yes,Indivumed,A6,Colon,"Colon Adenocarcinoma, Mucinous Type",0.3972,0.41,cBioPortal PanCancer Atlas; MANTIS/MSIsensor thresholds
TCGA-A6-A566,TCGA-A6-A566-01,Colorectal Cancer,Mucinous Adenocarcinoma of the Colon and Rectum,,,0.1209,,,,,,,,151.0,MACR,,Primary,,Matched,5.133333333,,coadread_tcga_pan_can_atlas_2018,MANTIS_MSISENSOR_THRESHOLD,MSS,MSS,Primary,Colorectal Cancer,Mucinous Adenocarcinoma of the Colon and Rectum,0.1209,,4.0,0.2956,0.0,14.0,No,Yes,Indivumed,A6,Colon,"Colon Adenocarcinoma, Mucinous Type",0.2956,0.0,cBioPortal PanCancer Atlas; MANTIS/MSIsensor thresholds
TCGA-A6-A567,TCGA-A6-A567-01,Colorectal Cancer,Colon Adenocarcinoma,,,0.308,,,,,,,,52.0,COAD,,Primary,,Matched,1.7,,coadread_tcga_pan_can_atlas_2018,MANTIS_MSISENSOR_THRESHOLD,MSS,MSS,Primary,Colorectal Cancer,Colon Adenocarcinoma,0.308,,14.0,0.2929,0.07,48.0,No,Yes,Indivumed,A6,Colon,Colon Adenocarcinoma,0.2929,0.07,cBioPortal PanCancer Atlas; MANTIS/MSIsensor thresholds
TCGA-A6-A56B,TCGA-A6-A56B-01,Colorectal Cancer,Colon Adenocarcinoma,,,0.4576,,,,,,,,84.0,COAD,,Primary,,Matched,2.8,,coadread_tcga_pan_can_atlas_2018,MANTIS_MSISENSOR_THRESHOLD,MSS,MSS,Primary,Colorectal Cancer,Colon Adenocarcinoma,0.4576,,11.0,0.3073,0.22,145.0,No,Yes,Indivumed,A6,Colon,Colon Adenocarcinoma,0.3073,0.22,cBioPortal PanCancer Atlas; MANTIS/MSIsensor thresholds
TCGA-A6-A5ZU,TCGA-A6-A5ZU-01,Colorectal Cancer,Colon Adenocarcinoma,,,0.4935,,,,,,,,,COAD,,Primary,,Matched,,,coadread_tcga_pan_can_atlas_2018,MANTIS_MSISENSOR_THRESHOLD,MSS,MSS,Primary,Colorectal Cancer,Colon Adenocarcinoma,0.4935,,,,2.59,35.0,Yes,No,Indivumed,A6,Colon,Colon Adenocarcinoma,,2.59,cBioPortal PanCancer Atlas; MANTIS/MSIsensor thresholds
TCGA-AA-3488,TCGA-AA-3488-01,Colorectal Cancer,Colon Adenocarcinoma,,,0.5933,,,,,,,,,COAD,,Primary,,Matched,,,coadread_tcga_pan_can_atlas_2018,MANTIS_MSISENSOR_THRESHOLD,MSS,MSS,Primary,Colorectal Cancer,Colon Adenocarcinoma,0.5933,,22.0,0.3711,,97.0,No,Yes,Indivumed,AA,Colon,Colon Adenocarcinoma,0.3711,,cBioPortal PanCancer Atlas; MANTIS/MSIsensor thresholds
TCGA-AA-3489,TCGA-AA-3489-01,Colorectal Cancer,Colon Adenocarcinoma,,,0.091,,,,,,,,111.0,COAD,,Primary,,Matched,3.7,,coadread_tcga_pan_can_atlas_2018,MANTIS_MSISENSOR_THRESHOLD,MSS,MSS,Primary,Colorectal Cancer,Colon Adenocarcinoma,0.091,,9.0,0.3996,0.0,35.0,No,Yes,Indivumed,AA,Colon,Colon Adenocarcinoma,0.3996,0.0,cBioPortal PanCancer Atlas; MANTIS/MSIsensor thresholds
TCGA-AA-3492,TCGA-AA-3492-01,Colorectal Cancer,Colon Adenocarcinoma,,,0.0047,,,,,,,,2009.0,COAD,,Primary,,Matched,67.43333333,,coadread_tcga_pan_can_atlas_2018,MANTIS_MSISENSOR_THRESHOLD,MSI-H,MSI-H,Primary,Colorectal Cancer,Colon Adenocarcinoma,0.0047,,0.0,1.2602,35.82,25.0,No,Yes,Indivumed,AA,Colon,Colon Adenocarcinoma,1.2602,35.82,cBioPortal PanCancer Atlas; MANTIS/MSIsensor thresholds
TCGA-AA-3494,TCGA-AA-3494-01,Colorectal Cancer,Colon Adenocarcinoma,,,0.4035,,,,,,,,,COAD,,Primary,,Matched,,,coadread_tcga_pan_can_atlas_2018,MANTIS_MSISENSOR_THRESHOLD,MSS,MSS,Primary,Colorectal Cancer,Colon Adenocarcinoma,0.4035,,18.0,0.3581,,36.0,No,Yes,Indivumed,AA,Colon,Colon Adenocarcinoma,0.3581,,cBioPortal PanCancer Atlas; MANTIS/MSIsensor thresholds
TCGA-AA-3495,TCGA-AA-3495-01,Colorectal Cancer,Colon Adenocarcinoma,,,0.2107,,,,,,,,,COAD,,Primary,,Matched,,,coadread_tcga_pan_can_atlas_2018,MANTIS_MSISENSOR_THRESHOLD,MSS,MSS,Primary,Colorectal Cancer,Colon Adenocarcinoma,0.2107,,11.0,0.3588,,89.0,No,Yes,Indivumed,AA,Colon,Colon Adenocarcinoma,0.3588,,cBioPortal PanCancer Atlas; MANTIS/MSIsensor thresholds
TCGA-AA-3502,TCGA-AA-3502-01,Colorectal Cancer,Colon Adenocarcinoma,,,0.1218,,,,,,,,168.0,COAD,,Primary,,Matched,5.666666667,,coadread_tcga_pan_can_atlas_2018,MANTIS_MSISENSOR_THRESHOLD,MSS,MSS,Primary,Colorectal Cancer,Colon Adenocarcinoma,0.1218,,5.0,0.3387,0.19,15.0,No,Yes,International Genomics Consortium,AA,Colon,Colon Adenocarcinoma,0.3387,0.19,cBioPortal PanCancer Atlas; MANTIS/MSIsensor thresholds
TCGA-AA-3506,TCGA-AA-3506-01,Colorectal Cancer,Colon Adenocarcinoma,,,0.1853,,,,,,,,138.0,COAD,,Primary,,Matched,4.6,,coadread_tcga_pan_can_atlas_2018,MANTIS_MSISENSOR_THRESHOLD,MSS,MSS,Primary,Colorectal Cancer,Colon Adenocarcinoma,0.1853,,9.0,0.3453,0.03,35.0,No,Yes,International Genomics Consortium,AA,Colon,Colon Adenocarcinoma,0.3453,0.03,cBioPortal PanCancer Atlas; MANTIS/MSIsensor thresholds
TCGA-AA-3510,TCGA-AA-3510-01,Colorectal Cancer,Colon Adenocarcinoma,,,0.0002,,,,,,,,3070.0,COAD,,Primary,,Matched,102.9333333,,coadread_tcga_pan_can_atlas_2018,MANTIS_MSISENSOR_THRESHOLD,MSS,MSS,Primary,Colorectal Cancer,Colon Adenocarcinoma,0.0002,,0.0,0.341,0.0,12.0,No,Yes,International Genomics Consortium,AA,Colon,Colon Adenocarcinoma,0.341,0.0,cBioPortal PanCancer Atlas; MANTIS/MSIsensor thresholds
TCGA-AA-3511,TCGA-AA-3511-01,Colorectal Cancer,Colon Adenocarcinoma,,,0.3049,,,,,,,,122.0,COAD,,Primary,,Matched,4.033333333,,coadread_tcga_pan_can_atlas_2018,MANTIS_MSISENSOR_THRESHOLD,MSS,MSS,Primary,Colorectal Cancer,Colon Adenocarcinoma,0.3049,,19.0,0.391,0.06,51.0,No,Yes,International Genomics Consortium,AA,Colon,Colon Adenocarcinoma,0.391,0.06,cBioPortal PanCancer Atlas; MANTIS/MSIsensor thresholds
TCGA-AA-3514,TCGA-AA-3514-01,Colorectal Cancer,Colon Adenocarcinoma,,,0.0782,,,,,,,,31.0,COAD,,Primary,,Matched,1.933333333,,coadread_tcga_pan_can_atlas_2018,MANTIS_MSISENSOR_THRESHOLD,MSS,MSS,Primary,Colorectal Cancer,Colon Adenocarcinoma,0.0782,2.7,4.0,0.3123,1.1,12.0,No,Yes,International Genomics Consortium,AA,Colon,Colon Adenocarcinoma,0.3123,1.1,cBioPortal PanCancer Atlas; MANTIS/MSIsensor thresholds
TCGA-AA-3517,TCGA-AA-3517-01,Colorectal Cancer,Colon Adenocarcinoma,,,0.371,,,,,,,,11.0,COAD,,Primary,,Matched,0.733333333,,coadread_tcga_pan_can_atlas_2018,MANTIS_MSISENSOR_THRESHOLD,MSS,MSS,Primary,Colorectal Cancer,Colon Adenocarcinoma,0.371,0.933333333333,21.0,0.3204,0.26,82.0,No,Yes,International Genomics Consortium,AA,Colon,Colon Adenocarcinoma,0.3204,0.26,cBioPortal PanCancer Atlas; MANTIS/MSIsensor thresholds
TCGA-AA-3519,TCGA-AA-3519-01,Colorectal Cancer,Colon Adenocarcinoma,,,0.3694,,,,,,,,21.0,COAD,,Primary,,Matched,1.333333333,,coadread_tcga_pan_can_atlas_2018,MANTIS_MSISENSOR_THRESHOLD,MSS,MSS,Primary,Colorectal Cancer,Colon Adenocarcinoma,0.3694,1.23333333333,16.0,0.3647,0.69,51.5,No,Yes,International Genomics Consortium,AA,Colon,Colon Adenocarcinoma,0.3647,0.69,cBioPortal PanCancer Atlas; MANTIS/MSIsensor thresholds
TCGA-AA-3520,TCGA-AA-3520-01,Colorectal Cancer,Colon Adenocarcinoma,,,0.1899,,,,,,,,20.0,COAD,,Primary,,Matched,0.666666667,,coadread_tcga_pan_can_atlas_2018,MANTIS_MSISENSOR_THRESHOLD,MSS,MSS,Primary,Colorectal Cancer,Colon Adenocarcinoma,0.1899,1.8,8.0,0.3835,1.72,58.5,No,Yes,International Genomics Consortium,AA,Colon,Colon Adenocarcinoma,0.3835,1.72,cBioPortal PanCancer Atlas; MANTIS/MSIsensor thresholds
TCGA-AA-3521,TCGA-AA-3521-01,Colorectal Cancer,Colon Adenocarcinoma,,,0.2428,,,,,,,,17.0,COAD,,Primary,,Matched,0.566666667,,coadread_tcga_pan_can_atlas_2018,MANTIS_MSISENSOR_THRESHOLD,MSS,MSS,Primary,Colorectal Cancer,Colon Adenocarcinoma,0.2428,1.43333333333,30.0,0.3496,2.03,50.0,No,Yes,International Genomics Consortium,AA,Colon,Colon Adenocarcinoma,0.3496,2.03,cBioPortal PanCancer Atlas; MANTIS/MSIsensor thresholds
TCGA-AA-3522,TCGA-AA-3522-01,Colorectal Cancer,Colon Adenocarcinoma,,,0.2992,,,,,,,,16.0,COAD,,Primary,,Matched,1.033333333,,coadread_tcga_pan_can_atlas_2018,MANTIS_MSISENSOR_THRESHOLD,MSS,MSS,Primary,Colorectal Cancer,Colon Adenocarcinoma,0.2992,1.43333333333,9.0,0.3234,0.05,47.0,No,Yes,International Genomics Consortium,AA,Colon,Colon Adenocarcinoma,0.3234,0.05,cBioPortal PanCancer Atlas; MANTIS/MSIsensor thresholds
TCGA-AA-3524,TCGA-AA-3524-01,Colorectal Cancer,Colon Adenocarcinoma,,,0.1879,,,,,,,,18.0,COAD,,Primary,,Matched,0.6,,coadread_tcga_pan_can_atlas_2018,MANTIS_MSISENSOR_THRESHOLD,MSS,MSS,Primary,Colorectal Cancer,Colon Adenocarcinoma,0.1879,1.26666666667,7.0,0.3154,0.1,54.5,No,Yes,International Genomics Consortium,AA,Colon,Colon Adenocarcinoma,0.3154,0.1,cBioPortal PanCancer Atlas; MANTIS/MSIsensor thresholds
TCGA-AA-3525,TCGA-AA-3525-01,Colorectal Cancer,Colon Adenocarcinoma,,,0.0018,,,,,,,,,COAD,,Primary,,Matched,,,coadread_tcga_pan_can_atlas_2018,MANTIS_MSISENSOR_THRESHOLD,MSI-H,MSI-H,Primary,Colorectal Cancer,Colon Adenocarcinoma,0.0018,15.6,0.0,,11.72,23.0,No,Yes,Christiana Healthcare,AA,Colon,Colon Adenocarcinoma,,11.72,cBioPortal PanCancer Atlas; MANTIS/MSIsensor thresholds
TCGA-AA-3526,TCGA-AA-3526-01,Colorectal Cancer,Colon Adenocarcinoma,,,0.1245,,,,,,,,25.0,COAD,,Primary,,Matched,0.833333333,,coadread_tcga_pan_can_atlas_2018,MANTIS_MSISENSOR_THRESHOLD,MSS,MSS,Primary,Colorectal Cancer,Colon Adenocarcinoma,0.1245,1.53333333333,5.0,0.3851,1.33,12.0,No,Yes,Christiana Healthcare,AA,Colon,Colon Adenocarcinoma,0.3851,1.33,cBioPortal PanCancer Atlas; MANTIS/MSIsensor thresholds
TCGA-AA-3527,TCGA-AA-3527-01,Colorectal Cancer,Colon Adenocarcinoma,,,0.0639,,,,,,,,22.0,COAD,,Primary,,Matched,1.4,,coadread_tcga_pan_can_atlas_2018,MANTIS_MSISENSOR_THRESHOLD,MSS,MSS,Primary,Colorectal Cancer,Colon Adenocarcinoma,0.0639,2.7,3.0,0.3161,2.03,7.0,No,Yes,Christiana Healthcare,AA,Colon,Colon Adenocarcinoma,0.3161,2.03,cBioPortal PanCancer Atlas; MANTIS/MSIsensor thresholds
TCGA-AA-3530,TCGA-AA-3530-01,Colorectal Cancer,Colon Adenocarcinoma,,,0.1065,,,,,,,,86.0,COAD,,Primary,,Matched,2.866666667,,coadread_tcga_pan_can_atlas_2018,MANTIS_MSISENSOR_THRESHOLD,MSS,MSS,Primary,Colorectal Cancer,Colon Adenocarcinoma,0.1065,2.5,6.0,0.3164,0.4,5.0,No,Yes,Christiana Healthcare,AA,Colon,Colon Adenocarcinoma,0.3164,0.4,cBioPortal PanCancer Atlas; MANTIS/MSIsensor thresholds
TCGA-AA-3531,TCGA-AA-3531-01,Colorectal Cancer,Colon Adenocarcinoma,,,0.2786,,,,,,,,18.0,COAD,,Primary,,Matched,1.166666667,,coadread_tcga_pan_can_atlas_2018,MANTIS_MSISENSOR_THRESHOLD,MSS,MSS,Primary,Colorectal Cancer,Colon Adenocarcinoma,0.2786,1.93333333333,6.0,0.3268,0.86,31.5,No,Yes,Christiana Healthcare,AA,Colon,Colon Adenocarcinoma,0.3268,0.86,cBioPortal PanCancer Atlas; MANTIS/MSIsensor thresholds
TCGA-AA-3532,TCGA-AA-3532-01,Colorectal Cancer,Colon Adenocarcinoma,,,0.3778,,,,,,,,21.0,COAD,,Primary,,Matched,0.7,,coadread_tcga_pan_can_atlas_2018,MANTIS_MSISENSOR_THRESHOLD,MSS,MSS,Primary,Colorectal Cancer,Colon Adenocarcinoma,0.3778,1.16666666667,30.0,0.3244,1.6,65.0,No,Yes,Christiana Healthcare,AA,Colon,Colon Adenocarcinoma,0.3244,1.6,cBioPortal PanCancer Atlas; MANTIS/MSIsensor thresholds
TCGA-AA-3534,TCGA-AA-3534-01,Colorectal Cancer,Colon Adenocarcinoma,,,0.7359,,,,,,,,20.0,COAD,,Primary,,Matched,0.666666667,,coadread_tcga_pan_can_atlas_2018,MANTIS_MSISENSOR_THRESHOLD,MSS,MSS,Primary,Colorectal Cancer,Colon Adenocarcinoma,0.7359,1.73333333333,16.0,0.3252,0.16,4.0,No,Yes,Christiana Healthcare,AA,Colon,Colon Adenocarcinoma,0.3252,0.16,cBioPortal PanCancer Atlas; MANTIS/MSIsensor thresholds
TCGA-AA-3538,TCGA-AA-3538-01,Colorectal Cancer,Colon Adenocarcinoma,,,0.338,,,,,,,,15.0,COAD,,Primary,,Matched,0.5,,coadread_tcga_pan_can_atlas_2018,MANTIS_MSISENSOR_THRESHOLD,MSS,MSS,Primary,Colorectal Cancer,Colon Adenocarcinoma,0.338,1.06666666667,10.0,0.3368,0.0,33.0,No,Yes,Christiana Healthcare,AA,Colon,Colon Adenocarcinoma,0.3368,0.0,cBioPortal PanCancer Atlas; MANTIS/MSIsensor thresholds
TCGA-AA-3542,TCGA-AA-3542-01,Colorectal Cancer,Colon Adenocarcinoma,,,0.5186,,,,,,,,,COAD,,Primary,,Matched,,,coadread_tcga_pan_can_atlas_2018,MANTIS_MSISENSOR_THRESHOLD,MSS,MSS,Primary,Colorectal Cancer,Colon Adenocarcinoma,0.5186,10.8666666667,22.0,,0.0,172.0,No,Yes,Christiana Healthcare,AA,Colon,Colon Adenocarcinoma,,0.0,cBioPortal PanCancer Atlas; MANTIS/MSIsensor thresholds
TCGA-AA-3544,TCGA-AA-3544-01,Colorectal Cancer,Colon Adenocarcinoma,,,0.3123,,,,,,,,19.0,COAD,,Primary,,Matched,0.633333333,,coadread_tcga_pan_can_atlas_2018,MANTIS_MSISENSOR_THRESHOLD,MSS,MSS,Primary,Colorectal Cancer,Colon Adenocarcinoma,0.3123,1.53333333333,12.0,0.3291,0.0,69.0,No,Yes,Christiana Healthcare,AA,Colon,Colon Adenocarcinoma,0.3291,0.0,cBioPortal PanCancer Atlas; MANTIS/MSIsensor thresholds
TCGA-AA-3548,TCGA-AA-3548-01,Colorectal Cancer,Colon Adenocarcinoma,,,0.2886,,,,,,,,18.0,COAD,,Primary,,Matched,0.6,,coadread_tcga_pan_can_atlas_2018,MANTIS_MSISENSOR_THRESHOLD,MSS,MSS,Primary,Colorectal Cancer,Colon Adenocarcinoma,0.2886,1.03333333333,14.0,0.3218,0.04,37.0,No,Yes,Christiana Healthcare,AA,Colon,Colon Adenocarcinoma,0.3218,0.04,cBioPortal PanCancer Atlas; MANTIS/MSIsensor thresholds
TCGA-AA-3549,TCGA-AA-3549-01,Colorectal Cancer,Colon Adenocarcinoma,,,0.2247,,,,,,,,18.0,COAD,,Primary,,Matched,0.6,,coadread_tcga_pan_can_atlas_2018,MANTIS_MSISENSOR_THRESHOLD,MSS,MSS,Primary,Colorectal Cancer,Colon Adenocarcinoma,0.2247,2.16666666667,8.0,0.2966,0.0,98.0,No,Yes,Christiana Healthcare,AA,Colon,Colon Adenocarcinoma,0.2966,0.0,cBioPortal PanCancer Atlas; MANTIS/MSIsensor thresholds
TCGA-AA-3552,TCGA-AA-3552-01,Colorectal Cancer,Colon Adenocarcinoma,,,0.4467,,,,,,,,,COAD,,Primary,,Matched,,,coadread_tcga_pan_can_atlas_2018,MANTIS_MSISENSOR_THRESHOLD,MSS,MSS,Primary,Colorectal Cancer,Colon Adenocarcinoma,0.4467,1.46666666667,25.0,,0.04,78.0,No,Yes,Christiana Healthcare,AA,Colon,Colon Adenocarcinoma,,0.04,cBioPortal PanCancer Atlas; MANTIS/MSIsensor thresholds
TCGA-AA-3553,TCGA-AA-3553-01,Colorectal Cancer,Colon Adenocarcinoma,,,0.4086,,,,,,,,,COAD,,Primary,,Matched,,,coadread_tcga_pan_can_atlas_2018,MANTIS_MSISENSOR_THRESHOLD,MSS,MSS,Primary,Colorectal Cancer,Colon Adenocarcinoma,0.4086,0.966666666667,22.0,,0.0,17.0,No,Yes,Christiana Healthcare,AA,Colon,Colon Adenocarcinoma,,0.0,cBioPortal PanCancer Atlas; MANTIS/MSIsensor thresholds
TCGA-AA-3555,TCGA-AA-3555-01,Colorectal Cancer,Mucinous Adenocarcinoma of the Colon and Rectum,,,0.0004,,,,,,,,,MACR,,Primary,,Matched,,,coadread_tcga_pan_can_atlas_2018,MANTIS_MSISENSOR_THRESHOLD,MSS,MSS,Primary,Colorectal Cancer,Mucinous Adenocarcinoma of the Colon and Rectum,0.0004,24.7,0.0,,0.05,4.0,No,Yes,Indivumed,AA,Colon,"Colon Adenocarcinoma, Mucinous Type",,0.05,cBioPortal PanCancer Atlas; MANTIS/MSIsensor thresholds
TCGA-AA-3558,TCGA-AA-3558-01,Colorectal Cancer,Colon Adenocarcinoma,,,0.1554,,,,,,,,16.0,COAD,,Primary,,Matched,0.533333333,,coadread_tcga_pan_can_atlas_2018,MANTIS_MSISENSOR_THRESHOLD,MSS,MSS,Primary,Colorectal Cancer,Colon Adenocarcinoma,0.1554,3.2,7.0,0.3523,0.11,10.0,No,Yes,Indivumed,AA,Colon,Colon Adenocarcinoma,0.3523,0.11,cBioPortal PanCancer Atlas; MANTIS/MSIsensor thresholds
TCGA-AA-3560,TCGA-AA-3560-01,Colorectal Cancer,Colon Adenocarcinoma,,,0.4374,,,,,,,,19.0,COAD,,Primary,,Matched,0.633333333,,coadread_tcga_pan_can_atlas_2018,MANTIS_MSISENSOR_THRESHOLD,MSS,MSS,Primary,Colorectal Cancer,Colon Adenocarcinoma,0.4374,1.63333333333,12.0,0.3648,0.03,45.0,No,Yes,Indivumed,AA,Colon,Colon Adenocarcinoma,0.3648,0.03,cBioPortal PanCancer Atlas; MANTIS/MSIsensor thresholds
TCGA-AA-3561,TCGA-AA-3561-01,Colorectal Cancer,Colon Adenocarcinoma,,,0.2301,,,,,,,,17.0,COAD,,Primary,,Matched,0.566666667,,coadread_tcga_pan_can_atlas_2018,MANTIS_MSISENSOR_THRESHOLD,MSS,MSS,Primary,Colorectal Cancer,Colon Adenocarcinoma,0.2301,1.26666666667,9.0,0.3413,0.27,55.0,No,Yes,Indivumed,AA,Colon,Colon Adenocarcinoma,0.3413,0.27,cBioPortal PanCancer Atlas; MANTIS/MSIsensor thresholds
TCGA-AA-3655,TCGA-AA-3655-01,Colorectal Cancer,Colon Adenocarcinoma,,,0.1393,,,,,,,,75.0,COAD,,Primary,,Matched,2.566666667,,coadread_tcga_pan_can_atlas_2018,MANTIS_MSISENSOR_THRESHOLD,MSS,MSS,Primary,Colorectal Cancer,Colon Adenocarcinoma,0.1393,,5.0,0.3473,0.2,31.0,No,Yes,Indivumed,AA,Colon,Colon Adenocarcinoma,0.3473,0.2,cBioPortal PanCancer Atlas; MANTIS/MSIsensor thresholds
TCGA-AA-3660,TCGA-AA-3660-01,Colorectal Cancer,Colon Adenocarcinoma,,,0.3384,,,,,,,,130.0,COAD,,Primary,,Matched,4.366666667,,coadread_tcga_pan_can_atlas_2018,MANTIS_MSISENSOR_THRESHOLD,MSS,MSS,Primary,Colorectal Cancer,Colon Adenocarcinoma,0.3384,,15.0,0.3366,0.3,143.0,No,Yes,Indivumed,AA,Colon,Colon Adenocarcinoma,0.3366,0.3,cBioPortal PanCancer Atlas; MANTIS/MSIsensor thresholds
TCGA-AA-3663,TCGA-AA-3663-01,Colorectal Cancer,Colon Adenocarcinoma,,,0.0983,,,,,,,,1937.0,COAD,,Primary,,Matched,64.86666667,,coadread_tcga_pan_can_atlas_2018,MANTIS_MSISENSOR_THRESHOLD,MSI-H,MSI-H,Primary,Colorectal Cancer,Colon Adenocarcinoma,0.0983,,4.0,1.2565,41.51,11.0,No,Yes,Indivumed,AA,Colon,Colon Adenocarcinoma,1.2565,41.51,cBioPortal PanCancer Atlas; MANTIS/MSIsensor thresholds
TCGA-AA-3664,TCGA-AA-3664-01,Colorectal Cancer,Colon Adenocarcinoma,,,0.2556,,,,,,,,145.0,COAD,,Primary,,Matched,4.833333333,,coadread_tcga_pan_can_atlas_2018,MANTIS_MSISENSOR_THRESHOLD,MSS,MSS,Primary,Colorectal Cancer,Colon Adenocarcinoma,0.2556,4.23333333333,4.0,0.2631,0.79,99.0,No,Yes,Indivumed,AA,Colon,Colon Adenocarcinoma,0.2631,0.79,cBioPortal PanCancer Atlas; MANTIS/MSIsensor thresholds
TCGA-AA-3666,TCGA-AA-3666-01,Colorectal Cancer,Colon Adenocarcinoma,,,0.5738,,,,,,,,170.0,COAD,,Primary,,Matched,5.666666667,,coadread_tcga_pan_can_atlas_2018,MANTIS_MSISENSOR_THRESHOLD,MSS,MSS,Primary,Colorectal Cancer,Colon Adenocarcinoma,0.5738,4.4,24.0,0.2807,1.17,136.0,No,Yes,Indivumed,AA,Colon,Colon Adenocarcinoma,0.2807,1.17,cBioPortal PanCancer Atlas; MANTIS/MSIsensor thresholds
TCGA-AA-3667,TCGA-AA-3667-01,Colorectal Cancer,Colon Adenocarcinoma,,,0.2932,,,,,,,,71.0,COAD,,Primary,,Matched,2.366666667,,coadread_tcga_pan_can_atlas_2018,MANTIS_MSISENSOR_THRESHOLD,MSS,MSS,Primary,Colorectal Cancer,Colon Adenocarcinoma,0.2932,1.96666666667,12.0,0.2649,0.71,24.0,No,Yes,Indivumed,AA,Colon,Colon Adenocarcinoma,0.2649,0.71,cBioPortal PanCancer Atlas; MANTIS/MSIsensor thresholds
TCGA-AA-3673,TCGA-AA-3673-01,Colorectal Cancer,Colon Adenocarcinoma,,,0.2291,,,,,,,,71.0,COAD,,Primary,,Matched,2.366666667,,coadread_tcga_pan_can_atlas_2018,MANTIS_MSISENSOR_THRESHOLD,MSS,MSS,Primary,Colorectal Cancer,Colon Adenocarcinoma,0.2291,2.23333333333,11.0,0.284,0.51,18.0,No,Yes,Indivumed,AA,Colon,Colon Adenocarcinoma,0.284,0.51,cBioPortal PanCancer Atlas; MANTIS/MSIsensor thresholds
TCGA-AA-3675,TCGA-AA-3675-01,Colorectal Cancer,Colon Adenocarcinoma,,,0.0556,,,,,,,,77.0,COAD,,Primary,,Matched,2.566666667,,coadread_tcga_pan_can_atlas_2018,MANTIS_MSISENSOR_THRESHOLD,MSS,MSS,Primary,Colorectal Cancer,Colon Adenocarcinoma,0.0556,,3.0,0.2618,0.31,1.0,No,Yes,Indivumed,AA,Colon,Colon Adenocarcinoma,0.2618,0.31,cBioPortal PanCancer Atlas; MANTIS/MSIsensor thresholds
TCGA-AA-3678,TCGA-AA-3678-01,Colorectal Cancer,Colon Adenocarcinoma,,,0.2924,,,,,,,,66.0,COAD,,Primary,,Matched,2.2,,coadread_tcga_pan_can_atlas_2018,MANTIS_MSISENSOR_THRESHOLD,MSS,MSS,Primary,Colorectal Cancer,Colon Adenocarcinoma,0.2924,2.1,9.0,0.2741,0.65,25.0,No,Yes,Indivumed,AA,Colon,Colon Adenocarcinoma,0.2741,0.65,cBioPortal PanCancer Atlas; MANTIS/MSIsensor thresholds
TCGA-AA-3679,TCGA-AA-3679-01,Colorectal Cancer,Colon Adenocarcinoma,,,0.5643,,,,,,,,59.0,COAD,,Primary,,Matched,2.033333333,,coadread_tcga_pan_can_atlas_2018,MANTIS_MSISENSOR_THRESHOLD,MSS,MSS,Primary,Colorectal Cancer,Colon Adenocarcinoma,0.5643,1.86666666667,16.0,0.2575,0.41,86.0,No,Yes,Indivumed,AA,Colon,Colon Adenocarcinoma,0.2575,0.41,cBioPortal PanCancer Atlas; MANTIS/MSIsensor thresholds
TCGA-AA-3680,TCGA-AA-3680-01,Colorectal Cancer,Colon Adenocarcinoma,,,0.1345,,,,,,,,104.0,COAD,,Primary,,Matched,3.5,,coadread_tcga_pan_can_atlas_2018,MANTIS_MSISENSOR_THRESHOLD,MSS,MSS,Primary,Colorectal Cancer,Colon Adenocarcinoma,0.1345,3.06666666667,2.0,0.2615,0.33,53.0,No,Yes,Indivumed,AA,Colon,Colon Adenocarcinoma,0.2615,0.33,cBioPortal PanCancer Atlas; MANTIS/MSIsensor thresholds
TCGA-AA-3681,TCGA-AA-3681-01,Colorectal Cancer,Colon Adenocarcinoma,,,0.3097,,,,,,,,100.0,COAD,,Primary,,Matched,3.366666667,,coadread_tcga_pan_can_atlas_2018,MANTIS_MSISENSOR_THRESHOLD,MSS,MSS,Primary,Colorectal Cancer,Colon Adenocarcinoma,0.3097,3.3,13.0,0.263,0.52,65.0,No,Yes,Indivumed,AA,Colon,Colon Adenocarcinoma,0.263,0.52,cBioPortal PanCancer Atlas; MANTIS/MSIsensor thresholds
TCGA-AA-3684,TCGA-AA-3684-01,Colorectal Cancer,Mucinous Adenocarcinoma of the Colon and Rectum,,,0.016,,,,,,,,128.0,MACR,,Primary,,Matched,4.3,,coadread_tcga_pan_can_atlas_2018,MANTIS_MSISENSOR_THRESHOLD,MSS,MSS,Primary,Colorectal Cancer,Mucinous Adenocarcinoma of the Colon and Rectum,0.016,3.2,15.0,0.2513,0.09,27.0,No,Yes,Indivumed,AA,Colon,"Colon Adenocarcinoma, Mucinous Type",0.2513,0.09,cBioPortal PanCancer Atlas; MANTIS/MSIsensor thresholds
TCGA-AA-3685,TCGA-AA-3685-01,Colorectal Cancer,Colon Adenocarcinoma,,,0.5316,,,,,,,,83.0,COAD,,Primary,,Matched,2.766666667,,coadread_tcga_pan_can_atlas_2018,MANTIS_MSISENSOR_THRESHOLD,MSS,MSS,Primary,Colorectal Cancer,Colon Adenocarcinoma,0.5316,2.16666666667,26.0,0.2703,0.49,147.0,No,Yes,Indivumed,AA,Colon,Colon Adenocarcinoma,0.2703,0.49,cBioPortal PanCancer Atlas; MANTIS/MSIsensor thresholds
TCGA-AA-3688,TCGA-AA-3688-01,Colorectal Cancer,Colon Adenocarcinoma,,,0.369,,,,,,,,64.0,COAD,,Primary,,Matched,2.133333333,,coadread_tcga_pan_can_atlas_2018,MANTIS_MSISENSOR_THRESHOLD,MSS,MSS,Primary,Colorectal Cancer,Colon Adenocarcinoma,0.369,1.76666666667,16.0,0.3017,1.27,35.0,No,Yes,Indivumed,AA,Colon,Colon Adenocarcinoma,0.3017,1.27,cBioPortal PanCancer Atlas; MANTIS/MSIsensor thresholds
TCGA-AA-3692,TCGA-AA-3692-01,Colorectal Cancer,Mucinous Adenocarcinoma of the Colon and Rectum,,,0.2305,,,,,,,,67.0,MACR,,Primary,,Matched,2.233333333,,coadread_tcga_pan_can_atlas_2018,MANTIS_MSISENSOR_THRESHOLD,MSS,MSS,Primary,Colorectal Cancer,Mucinous Adenocarcinoma of the Colon and Rectum,0.2305,1.86666666667,8.0,0.2721,0.31,14.0,No,Yes,Indivumed,AA,Colon,"Colon Adenocarcinoma, Mucinous Type",0.2721,0.31,cBioPortal PanCancer Atlas; MANTIS/MSIsensor thresholds
TCGA-AA-3693,TCGA-AA-3693-01,Colorectal Cancer,Colon Adenocarcinoma,,,0.3546,,,,,,,,133.0,COAD,,Primary,,Matched,4.433333333,,coadread_tcga_pan_can_atlas_2018,MANTIS_MSISENSOR_THRESHOLD,MSS,MSS,Primary,Colorectal Cancer,Colon Adenocarcinoma,0.3546,3.73333333333,13.0,0.2829,1.09,51.0,No,Yes,Indivumed,AA,Colon,Colon Adenocarcinoma,0.2829,1.09,cBioPortal PanCancer Atlas; MANTIS/MSIsensor thresholds
TCGA-AA-3695,TCGA-AA-3695-01,Colorectal Cancer,Colon Adenocarcinoma,,,0.4547,,,,,,,,148.0,COAD,,Primary,,Matched,4.9,,coadread_tcga_pan_can_atlas_2018,MANTIS_MSISENSOR_THRESHOLD,MSS,MSS,Primary,Colorectal Cancer,Colon Adenocarcinoma,0.4547,4.53333333333,19.0,0.2817,0.65,26.0,No,Yes,Indivumed,AA,Colon,Colon Adenocarcinoma,0.2817,0.65,cBioPortal PanCancer Atlas; MANTIS/MSIsensor thresholds
TCGA-AA-3696,TCGA-AA-3696-01,Colorectal Cancer,Colon Adenocarcinoma,,,0.2657,,,,,,,,81.0,COAD,,Primary,,Matched,2.7,,coadread_tcga_pan_can_atlas_2018,MANTIS_MSISENSOR_THRESHOLD,MSS,MSS,Primary,Colorectal Cancer,Colon Adenocarcinoma,0.2657,2.56666666667,10.0,0.2665,0.4,14.0,No,Yes,Indivumed,AA,Colon,Colon Adenocarcinoma,0.2665,0.4,cBioPortal PanCancer Atlas; MANTIS/MSIsensor thresholds
TCGA-AA-3710,TCGA-AA-3710-01,Colorectal Cancer,Colon Adenocarcinoma,,,0.0505,,,,,,,,,COAD,,Primary,,Matched,,,coadread_tcga_pan_can_atlas_2018,MANTIS_MSISENSOR_THRESHOLD,MSI-H,MSI-H,Primary,Colorectal Cancer,Colon Adenocarcinoma,0.0505,32.2666666667,2.0,0.8652,31.62,23.0,No,Yes,Indivumed,AA,Colon,Colon Adenocarcinoma,0.8652,31.62,cBioPortal PanCancer Atlas; MANTIS/MSIsensor thresholds
TCGA-AA-3712,TCGA-AA-3712-01,Colorectal Cancer,Colon Adenocarcinoma,,,0.5642,,,,,,,,115.0,COAD,,Primary,,Matched,3.833333333,,coadread_tcga_pan_can_atlas_2018,MANTIS_MSISENSOR_THRESHOLD,MSS,MSS,Primary,Colorectal Cancer,Colon Adenocarcinoma,0.5642,,21.0,0.3407,0.53,68.0,No,Yes,Indivumed,AA,Colon,Colon Adenocarcinoma,0.3407,0.53,cBioPortal PanCancer Atlas; MANTIS/MSIsensor thresholds
TCGA-AA-3713,TCGA-AA-3713-01,Colorectal Cancer,Colon Adenocarcinoma,,,0.0517,,,,,,,,1018.0,COAD,,Primary,,Matched,34.0,,coadread_tcga_pan_can_atlas_2018,MANTIS_MSISENSOR_THRESHOLD,MSI-H,MSI-H,Primary,Colorectal Cancer,Colon Adenocarcinoma,0.0517,,2.0,0.8168,26.26,14.0,No,Yes,Indivumed,AA,Colon,Colon Adenocarcinoma,0.8168,26.26,cBioPortal PanCancer Atlas; MANTIS/MSIsensor thresholds
TCGA-AA-3715,TCGA-AA-3715-01,Colorectal Cancer,Colon Adenocarcinoma,,,0.047,,,,,,,,2119.0,COAD,,Primary,,Matched,70.83333333,,coadread_tcga_pan_can_atlas_2018,MANTIS_MSISENSOR_THRESHOLD,MSI-H,MSI-H,Primary,Colorectal Cancer,Colon Adenocarcinoma,0.047,49.7333333333,6.0,1.092,44.26,64.0,No,Yes,Indivumed,AA,Colon,Colon Adenocarcinoma,1.092,44.26,cBioPortal PanCancer Atlas; MANTIS/MSIsensor thresholds
TCGA-AA-3811,TCGA-AA-3811-01,Colorectal Cancer,Colon Adenocarcinoma,,,0.2961,,,,,,,,1916.0,COAD,,Primary,,Matched,64.1,,coadread_tcga_pan_can_atlas_2018,MANTIS_MSISENSOR_THRESHOLD,MSI-H,MSI-H,Primary,Colorectal Cancer,Colon Adenocarcinoma,0.2961,28.4666666667,,1.1337,38.84,66.0,No,Yes,Indivumed,AA,Colon,Colon Adenocarcinoma,1.1337,38.84,cBioPortal PanCancer Atlas; MANTIS/MSIsensor thresholds
TCGA-AA-3812,TCGA-AA-3812-01,Colorectal Cancer,Colon Adenocarcinoma,,,0.0678,,,,,,,,107.0,COAD,,Primary,,Matched,3.6,,coadread_tcga_pan_can_atlas_2018,MANTIS_MSISENSOR_THRESHOLD,MSS,MSS,Primary,Colorectal Cancer,Colon Adenocarcinoma,0.0678,2.73333333333,13.0,0.2659,0.18,50.0,No,Yes,Indivumed,AA,Colon,Colon Adenocarcinoma,0.2659,0.18,cBioPortal PanCancer Atlas; MANTIS/MSIsensor thresholds
TCGA-AA-3814,TCGA-AA-3814-01,Colorectal Cancer,Colon Adenocarcinoma,,,0.1068,,,,,,,,91.0,COAD,,Primary,,Matched,3.033333333,,coadread_tcga_pan_can_atlas_2018,MANTIS_MSISENSOR_THRESHOLD,MSS,MSS,Primary,Colorectal Cancer,Colon Adenocarcinoma,0.1068,2.66666666667,26.0,0.2754,0.35,21.0,No,Yes,Indivumed,AA,Colon,Colon Adenocarcinoma,0.2754,0.35,cBioPortal PanCancer Atlas; MANTIS/MSIsensor thresholds
TCGA-AA-3818,TCGA-AA-3818-01,Colorectal Cancer,Colon Adenocarcinoma,,,0.1748,,,,,,,,138.0,COAD,,Primary,,Matched,4.6,,coadread_tcga_pan_can_atlas_2018,MANTIS_MSISENSOR_THRESHOLD,MSS,MSS,Primary,Colorectal Cancer,Colon Adenocarcinoma,0.1748,3.4,9.0,0.268,0.57,22.0,No,Yes,Indivumed,AA,Colon,Colon Adenocarcinoma,0.268,0.57,cBioPortal PanCancer Atlas; MANTIS/MSIsensor thresholds
TCGA-AA-3819,TCGA-AA-3819-01,Colorectal Cancer,Colon Adenocarcinoma,,,0.1242,,,,,,,,177.0,COAD,,Primary,,Matched,6.033333333,,coadread_tcga_pan_can_atlas_2018,MANTIS_MSISENSOR_THRESHOLD,MSS,MSS,Primary,Colorectal Cancer,Colon Adenocarcinoma,0.1242,4.6,6.0,0.261,0.25,47.0,No,Yes,Indivumed,AA,Colon,Colon Adenocarcinoma,0.261,0.25,cBioPortal PanCancer Atlas; MANTIS/MSIsensor thresholds
TCGA-AA-3821,TCGA-AA-3821-01,Colorectal Cancer,Mucinous Adenocarcinoma of the Colon and Rectum,,,0.0002,,,,,,,,791.0,MACR,,Primary,,Matched,26.5,,coadread_tcga_pan_can_atlas_2018,MANTIS_MSISENSOR_THRESHOLD,MSI-H,MSI-H,Primary,Colorectal Cancer,Mucinous Adenocarcinoma of the Colon and Rectum,0.0002,21.0,0.0,0.942,30.92,34.0,No,Yes,Indivumed,AA,Colon,"Colon Adenocarcinoma, Mucinous Type",0.942,30.92,cBioPortal PanCancer Atlas; MANTIS/MSIsensor thresholds
TCGA-AA-3831,TCGA-AA-3831-01,Colorectal Cancer,Colon Adenocarcinoma,,,0.0012,,,,,,,,104.0,COAD,,Primary,,Matched,3.5,,coadread_tcga_pan_can_atlas_2018,MANTIS_MSISENSOR_THRESHOLD,MSS,MSS,Primary,Colorectal Cancer,Colon Adenocarcinoma,0.0012,3.13333333333,0.0,0.276,1.61,23.0,No,Yes,Indivumed,AA,Colon,Colon Adenocarcinoma,0.276,1.61,cBioPortal PanCancer Atlas; MANTIS/MSIsensor thresholds
TCGA-AA-3833,TCGA-AA-3833-01,Colorectal Cancer,Colon Adenocarcinoma,,,0.0002,,,,,,,,578.0,COAD,,Primary,,Matched,19.13333333,,coadread_tcga_pan_can_atlas_2018,MANTIS_MSISENSOR_THRESHOLD,MSI-H,MSI-H,Primary,Colorectal Cancer,Colon Adenocarcinoma,0.0002,12.8,0.0,0.9553,27.18,7.0,No,Yes,Indivumed,AA,Colon,Colon Adenocarcinoma,0.9553,27.18,cBioPortal PanCancer Atlas; MANTIS/MSIsensor thresholds
TCGA-AA-3837,TCGA-AA-3837-01,Colorectal Cancer,Mucinous Adenocarcinoma of the Colon and Rectum,,,0.2128,,,,,,,,118.0,MACR,,Primary,,Matched,3.933333333,,coadread_tcga_pan_can_atlas_2018,MANTIS_MSISENSOR_THRESHOLD,MSS,MSS,Primary,Colorectal Cancer,Mucinous Adenocarcinoma of the Colon and Rectum,0.2128,3.63333333333,16.0,0.2784,0.82,18.0,No,Yes,Indivumed,AA,Colon,"Colon Adenocarcinoma, Mucinous Type",0.2784,0.82,cBioPortal PanCancer Atlas; MANTIS/MSIsensor thresholds
TCGA-AA-3841,TCGA-AA-3841-01,Colorectal Cancer,Colon Adenocarcinoma,,,0.4617,,,,,,,,67.0,COAD,,Primary,,Matched,2.233333333,,coadread_tcga_pan_can_atlas_2018,MANTIS_MSISENSOR_THRESHOLD,MSS,MSS,Primary,Colorectal Cancer,Colon Adenocarcinoma,0.4617,,18.0,0.2896,0.79,36.0,No,Yes,Indivumed,AA,Colon,Colon Adenocarcinoma,0.2896,0.79,cBioPortal PanCancer Atlas; MANTIS/MSIsensor thresholds
TCGA-AA-3842,TCGA-AA-3842-01,Colorectal Cancer,Colon Adenocarcinoma,,,0.4471,,,,,,,,87.0,COAD,,Primary,,Matched,2.933333333,,coadread_tcga_pan_can_atlas_2018,MANTIS_MSISENSOR_THRESHOLD,MSS,MSS,Primary,Colorectal Cancer,Colon Adenocarcinoma,0.4471,1.96666666667,18.0,0.3246,0.68,52.0,No,Yes,Indivumed,AA,Colon,Colon Adenocarcinoma,0.3246,0.68,cBioPortal PanCancer Atlas; MANTIS/MSIsensor thresholds
TCGA-AA-3844,TCGA-AA-3844-01,Colorectal Cancer,Colon Adenocarcinoma,,,0.3323,,,,,,,,112.0,COAD,,Primary,,Matched,3.8,,coadread_tcga_pan_can_atlas_2018,MANTIS_MSISENSOR_THRESHOLD,MSS,MSS,Primary,Colorectal Cancer,Colon Adenocarcinoma,0.3323,2.93333333333,16.0,0.3264,0.87,25.0,No,Yes,Indivumed,AA,Colon,Colon Adenocarcinoma,0.3264,0.87,cBioPortal PanCancer Atlas; MANTIS/MSIsensor thresholds
TCGA-AA-3845,TCGA-AA-3845-01,Colorectal Cancer,Colon Adenocarcinoma,,,0.0892,,,,,,,,908.0,COAD,,Primary,,Matched,30.4,,coadread_tcga_pan_can_atlas_2018,MANTIS_MSISENSOR_THRESHOLD,MSI-H,MSI-H,Primary,Colorectal Cancer,Colon Adenocarcinoma,0.0892,22.1333333333,5.0,0.9169,30.53,15.0,No,Yes,Indivumed,AA,Colon,Colon Adenocarcinoma,0.9169,30.53,cBioPortal PanCancer Atlas; MANTIS/MSIsensor thresholds
TCGA-AA-3846,TCGA-AA-3846-01,Colorectal Cancer,Colon Adenocarcinoma,,,0.3878,,,,,,,,101.0,COAD,,Primary,,Matched,3.333333333,,coadread_tcga_pan_can_atlas_2018,MANTIS_MSISENSOR_THRESHOLD,MSS,MSS,Primary,Colorectal Cancer,Colon Adenocarcinoma,0.3878,2.4,19.0,0.3293,0.67,26.0,No,Yes,Indivumed,AA,Colon,Colon Adenocarcinoma,0.3293,0.67,cBioPortal PanCancer Atlas; MANTIS/MSIsensor thresholds
TCGA-AA-3848,TCGA-AA-3848-01,Colorectal Cancer,Colon Adenocarcinoma,,,0.1757,,,,,,,,133.0,COAD,,Primary,,Matched,4.433333333,,coadread_tcga_pan_can_atlas_2018,MANTIS_MSISENSOR_THRESHOLD,MSS,MSS,Primary,Colorectal Cancer,Colon Adenocarcinoma,0.1757,3.53333333333,4.0,0.2571,0.66,85.0,No,Yes,Indivumed,AA,Colon,Colon Adenocarcinoma,0.2571,0.66,cBioPortal PanCancer Atlas; MANTIS/MSIsensor thresholds
TCGA-AA-3850,TCGA-AA-3850-01,Colorectal Cancer,Colon Adenocarcinoma,,,0.001,,,,,,,,105.0,COAD,,Primary,,Matched,3.533333333,,coadread_tcga_pan_can_atlas_2018,MANTIS_MSISENSOR_THRESHOLD,MSS,MSS,Primary,Colorectal Cancer,Colon Adenocarcinoma,0.001,2.63333333333,20.0,0.3018,0.07,120.0,No,Yes,Indivumed,AA,Colon,Colon Adenocarcinoma,0.3018,0.07,cBioPortal PanCancer Atlas; MANTIS/MSIsensor thresholds
TCGA-AA-3851,TCGA-AA-3851-01,Colorectal Cancer,Colon Adenocarcinoma,,,0.4916,,,,,,,,89.0,COAD,,Primary,,Matched,2.966666667,,coadread_tcga_pan_can_atlas_2018,MANTIS_MSISENSOR_THRESHOLD,MSS,MSS,Primary,Colorectal Cancer,Colon Adenocarcinoma,0.4916,2.43333333333,19.0,0.3204,0.43,28.0,No,Yes,Indivumed,AA,Colon,Colon Adenocarcinoma,0.3204,0.43,cBioPortal PanCancer Atlas; MANTIS/MSIsensor thresholds
TCGA-AA-3852,TCGA-AA-3852-01,Colorectal Cancer,Mucinous Adenocarcinoma of the Colon and Rectum,,,0.2282,,,,,,,,144.0,MACR,,Primary,,Matched,4.8,,coadread_tcga_pan_can_atlas_2018,MANTIS_MSISENSOR_THRESHOLD,MSS,MSS,Primary,Colorectal Cancer,Mucinous Adenocarcinoma of the Colon and Rectum,0.2282,3.8,9.0,0.2731,0.32,5.0,No,Yes,Indivumed,AA,Colon,"Colon Adenocarcinoma, Mucinous Type",0.2731,0.32,cBioPortal PanCancer Atlas; MANTIS/MSIsensor thresholds
TCGA-AA-3854,TCGA-AA-3854-01,Colorectal Cancer,Mucinous Adenocarcinoma of the Colon and Rectum,,,0.1273,,,,,,,,139.0,MACR,,Primary,,Matched,4.666666667,,coadread_tcga_pan_can_atlas_2018,MANTIS_MSISENSOR_THRESHOLD,MSS,MSS,Primary,Colorectal Cancer,Mucinous Adenocarcinoma of the Colon and Rectum,0.1273,3.66666666667,2.0,0.2733,0.89,45.0,No,Yes,Indivumed,AA,Colon,"Colon Adenocarcinoma, Mucinous Type",0.2733,0.89,cBioPortal PanCancer Atlas; MANTIS/MSIsensor thresholds
TCGA-AA-3855,TCGA-AA-3855-01,Colorectal Cancer,Colon Adenocarcinoma,,,0.3279,,,,,,,,147.0,COAD,,Primary,,Matched,4.9,,coadread_tcga_pan_can_atlas_2018,MANTIS_MSISENSOR_THRESHOLD,MSS,MSS,Primary,Colorectal Cancer,Colon Adenocarcinoma,0.3279,3.7,8.0,0.3187,0.11,11.0,No,Yes,Indivumed,AA,Colon,Colon Adenocarcinoma,0.3187,0.11,cBioPortal PanCancer Atlas; MANTIS/MSIsensor thresholds
TCGA-AA-3856,TCGA-AA-3856-01,Colorectal Cancer,Colon Adenocarcinoma,,,0.3329,,,,,,,,57.0,COAD,,Primary,,Matched,1.9,,coadread_tcga_pan_can_atlas_2018,MANTIS_MSISENSOR_THRESHOLD,MSS,MSS,Primary,Colorectal Cancer,Colon Adenocarcinoma,0.3329,1.73333333333,21.0,0.2645,0.3,19.0,No,Yes,Indivumed,AA,Colon,Colon Adenocarcinoma,0.2645,0.3,cBioPortal PanCancer Atlas; MANTIS/MSIsensor thresholds
TCGA-AA-3858,TCGA-AA-3858-01,Colorectal Cancer,Colon Adenocarcinoma,,,0.2739,,,,,,,,60.0,COAD,,Primary,,Matched,2.0,,coadread_tcga_pan_can_atlas_2018,MANTIS_MSISENSOR_THRESHOLD,MSS,MSS,Primary,Colorectal Cancer,Colon Adenocarcinoma,0.2739,1.56666666667,13.0,0.2586,0.37,48.0,No,Yes,Indivumed,AA,Colon,Colon Adenocarcinoma,0.2586,0.37,cBioPortal PanCancer Atlas; MANTIS/MSIsensor thresholds
TCGA-AA-3864,TCGA-AA-3864-01,Colorectal Cancer,Colon Adenocarcinoma,,,0.0008,,,,,,,,2440.0,COAD,,Primary,,Matched,81.76666667,,coadread_tcga_pan_can_atlas_2018,MANTIS_MSISENSOR_THRESHOLD,MSI-H,MSI-H,Primary,Colorectal Cancer,Colon Adenocarcinoma,0.0008,64.7333333333,0.0,0.8915,23.86,18.0,No,Yes,Indivumed,AA,Colon,Colon Adenocarcinoma,0.8915,23.86,cBioPortal PanCancer Atlas; MANTIS/MSIsensor thresholds
TCGA-AA-3866,TCGA-AA-3866-01,Colorectal Cancer,Colon Adenocarcinoma,,,0.346,,,,,,,,100.0,COAD,,Primary,,Matched,3.4,,coadread_tcga_pan_can_atlas_2018,MANTIS_MSISENSOR_THRESHOLD,MSS,MSS,Primary,Colorectal Cancer,Colon Adenocarcinoma,0.346,3.13333333333,26.0,0.3267,0.43,98.0,No,Yes,Indivumed,AA,Colon,Colon Adenocarcinoma,0.3267,0.43,cBioPortal PanCancer Atlas; MANTIS/MSIsensor thresholds
TCGA-AA-3867,TCGA-AA-3867-01,Colorectal Cancer,Colon Adenocarcinoma,,,0.2456,,,,,,,,91.0,COAD,,Primary,,Matched,3.066666667,,coadread_tcga_pan_can_atlas_2018,MANTIS_MSISENSOR_THRESHOLD,MSS,MSS,Primary,Colorectal Cancer,Colon Adenocarcinoma,0.2456,2.83333333333,26.0,0.3148,0.42,129.0,No,Yes,Indivumed,AA,Colon,Colon Adenocarcinoma,0.3148,0.42,cBioPortal PanCancer Atlas; MANTIS/MSIsensor thresholds
TCGA-AA-3870,TCGA-AA-3870-01,Colorectal Cancer,Colon Adenocarcinoma,,,0.314,,,,,,,,,COAD,,Primary,,Matched,,,coadread_tcga_pan_can_atlas_2018,MANTIS_MSISENSOR_THRESHOLD,MSS,MSS,Primary,Colorectal Cancer,Colon Adenocarcinoma,0.314,3.26666666667,9.0,0.3807,0.6,127.0,No,Yes,Indivumed,AA,Colon,Colon Adenocarcinoma,0.3807,0.6,cBioPortal PanCancer Atlas; MANTIS/MSIsensor thresholds
TCGA-AA-3872,TCGA-AA-3872-01,Colorectal Cancer,Colon Adenocarcinoma,,,0.4529,,,,,,,,,COAD,,Primary,,Matched,,,coadread_tcga_pan_can_atlas_2018,MANTIS_MSISENSOR_THRESHOLD,MSS,MSS,Primary,Colorectal Cancer,Colon Adenocarcinoma,0.4529,1.66666666667,24.0,0.3976,1.08,53.0,No,Yes,Indivumed,AA,Colon,Colon Adenocarcinoma,0.3976,1.08,cBioPortal PanCancer Atlas; MANTIS/MSIsensor thresholds
TCGA-AA-3875,TCGA-AA-3875-01,Colorectal Cancer,Colon Adenocarcinoma,,,0.0867,,,,,,,,118.0,COAD,,Primary,,Matched,3.9,,coadread_tcga_pan_can_atlas_2018,MANTIS_MSISENSOR_THRESHOLD,MSS,MSS,Primary,Colorectal Cancer,Colon Adenocarcinoma,0.0867,3.4,17.0,0.2689,0.14,111.0,No,Yes,Indivumed,AA,Colon,Colon Adenocarcinoma,0.2689,0.14,cBioPortal PanCancer Atlas; MANTIS/MSIsensor thresholds
TCGA-AA-3877,TCGA-AA-3877-01,Colorectal Cancer,Mucinous Adenocarcinoma of the Colon and Rectum,,,0.0559,,,,,,,,1083.0,MACR,,Primary,,Matched,36.16666667,,coadread_tcga_pan_can_atlas_2018,MANTIS_MSISENSOR_THRESHOLD,MSI-H,MSI-H,Primary,Colorectal Cancer,Mucinous Adenocarcinoma of the Colon and Rectum,0.0559,25.9,2.0,0.8655,32.33,28.0,No,Yes,Indivumed,AA,Colon,"Colon Adenocarcinoma, Mucinous Type",0.8655,32.33,cBioPortal PanCancer Atlas; MANTIS/MSIsensor thresholds
TCGA-AA-3930,TCGA-AA-3930-01,Colorectal Cancer,Colon Adenocarcinoma,,,0.3057,,,,,,,,,COAD,,Primary,,Matched,,,coadread_tcga_pan_can_atlas_2018,MANTIS_MSISENSOR_THRESHOLD,MSS,MSS,Primary,Colorectal Cancer,Colon Adenocarcinoma,0.3057,4.1,9.0,0.3672,0.43,32.0,No,Yes,Indivumed,AA,Colon,Colon Adenocarcinoma,0.3672,0.43,cBioPortal PanCancer Atlas; MANTIS/MSIsensor thresholds
TCGA-AA-3939,TCGA-AA-3939-01,Colorectal Cancer,Colon Adenocarcinoma,,,0.6133,,,,,,,,,COAD,,Primary,,Matched,,,coadread_tcga_pan_can_atlas_2018,MANTIS_MSISENSOR_THRESHOLD,MSS,MSS,Primary,Colorectal Cancer,Colon Adenocarcinoma,0.6133,3.76666666667,,0.36,1.02,37.0,No,Yes,Indivumed,AA,Colon,Colon Adenocarcinoma,0.36,1.02,cBioPortal PanCancer Atlas; MANTIS/MSIsensor thresholds
TCGA-AA-3941,TCGA-AA-3941-01,Colorectal Cancer,Colon Adenocarcinoma,,,0.4169,,,,,,,,,COAD,,Primary,,Matched,,,coadread_tcga_pan_can_atlas_2018,MANTIS_MSISENSOR_THRESHOLD,MSS,MSS,Primary,Colorectal Cancer,Colon Adenocarcinoma,0.4169,3.3,18.0,0.3682,1.05,110.0,No,Yes,Indivumed,AA,Colon,Colon Adenocarcinoma,0.3682,1.05,cBioPortal PanCancer Atlas; MANTIS/MSIsensor thresholds
TCGA-AA-3947,TCGA-AA-3947-01,Colorectal Cancer,Mucinous Adenocarcinoma of the Colon and Rectum,,,0.0014,,,,,,,,2292.0,MACR,,Primary,,Matched,76.8,,coadread_tcga_pan_can_atlas_2018,MANTIS_MSISENSOR_THRESHOLD,MSI-H,MSI-H,Primary,Colorectal Cancer,Mucinous Adenocarcinoma of the Colon and Rectum,0.0014,43.1666666667,0.0,1.2515,40.0,24.0,No,Yes,Indivumed,AA,Colon,"Colon Adenocarcinoma, Mucinous Type",1.2515,40.0,cBioPortal PanCancer Atlas; MANTIS/MSIsensor thresholds
TCGA-AA-3949,TCGA-AA-3949-01,Colorectal Cancer,Mucinous Adenocarcinoma of the Colon and Rectum,,,0.0004,,,,,,,,1164.0,MACR,,Primary,,Matched,39.0,,coadread_tcga_pan_can_atlas_2018,MANTIS_MSISENSOR_THRESHOLD,MSI-H,MSI-H,Primary,Colorectal Cancer,Mucinous Adenocarcinoma of the Colon and Rectum,0.0004,22.8333333333,3.0,0.751,24.11,10.0,No,Yes,Indivumed,AA,Colon,"Colon Adenocarcinoma, Mucinous Type",0.751,24.11,cBioPortal PanCancer Atlas; MANTIS/MSIsensor thresholds
TCGA-AA-3950,TCGA-AA-3950-01,Colorectal Cancer,Mucinous Adenocarcinoma of the Colon and Rectum,,,0.1008,,,,,,,,127.0,MACR,,Primary,,Matched,4.233333333,,coadread_tcga_pan_can_atlas_2018,MANTIS_MSISENSOR_THRESHOLD,MSI-H,MSI-H,Primary,Colorectal Cancer,Mucinous Adenocarcinoma of the Colon and Rectum,0.1008,,5.0,0.75,25.38,14.0,No,Yes,Indivumed,AA,Colon,"Colon Adenocarcinoma, Mucinous Type",0.75,25.38,cBioPortal PanCancer Atlas; MANTIS/MSIsensor thresholds
TCGA-AA-3952,TCGA-AA-3952-01,Colorectal Cancer,Colon Adenocarcinoma,,,0.3808,,,,,,,,98.0,COAD,,Primary,,Matched,3.233333333,,coadread_tcga_pan_can_atlas_2018,MANTIS_MSISENSOR_THRESHOLD,MSS,MSS,Primary,Colorectal Cancer,Colon Adenocarcinoma,0.3808,2.36666666667,11.0,0.3274,0.43,129.0,No,Yes,Indivumed,AA,Colon,Colon Adenocarcinoma,0.3274,0.43,cBioPortal PanCancer Atlas; MANTIS/MSIsensor thresholds
TCGA-AA-3955,TCGA-AA-3955-01,Colorectal Cancer,Colon Adenocarcinoma,,,0.3101,,,,,,,,131.0,COAD,,Primary,,Matched,4.466666667,,coadread_tcga_pan_can_atlas_2018,MANTIS_MSISENSOR_THRESHOLD,MSS,MSS,Primary,Colorectal Cancer,Colon Adenocarcinoma,0.3101,3.33333333333,15.0,0.3279,0.16,47.0,No,Yes,Indivumed,AA,Colon,Colon Adenocarcinoma,0.3279,0.16,cBioPortal PanCancer Atlas; MANTIS/MSIsensor thresholds
TCGA-AA-3956,TCGA-AA-3956-01,Colorectal Cancer,Colon Adenocarcinoma,,,0.1821,,,,,,,,135.0,COAD,,Primary,,Matched,4.533333333,,coadread_tcga_pan_can_atlas_2018,MANTIS_MSISENSOR_THRESHOLD,MSS,MSS,Primary,Colorectal Cancer,Colon Adenocarcinoma,0.1821,3.83333333333,12.0,0.3246,0.16,34.0,No,Yes,Indivumed,AA,Colon,Colon Adenocarcinoma,0.3246,0.16,cBioPortal PanCancer Atlas; MANTIS/MSIsensor thresholds
TCGA-AA-3966,TCGA-AA-3966-01,Colorectal Cancer,Mucinous Adenocarcinoma of the Colon and Rectum,,,0.203,,,,,,,,1093.0,MACR,,Primary,,Matched,36.43333333,,coadread_tcga_pan_can_atlas_2018,MANTIS_MSISENSOR_THRESHOLD,MSI-H,MSI-H,Primary,Colorectal Cancer,Mucinous Adenocarcinoma of the Colon and Rectum,0.203,30.1,18.0,1.296,43.67,70.0,No,Yes,Indivumed,AA,Colon,"Colon Adenocarcinoma, Mucinous Type",1.296,43.67,cBioPortal PanCancer Atlas; MANTIS/MSIsensor thresholds
TCGA-AA-3968,TCGA-AA-3968-01,Colorectal Cancer,Colon Adenocarcinoma,,,0.5075,,,,,,,,134.0,COAD,,Primary,,Matched,4.533333333,,coadread_tcga_pan_can_atlas_2018,MANTIS_MSISENSOR_THRESHOLD,MSS,MSS,Primary,Colorectal Cancer,Colon Adenocarcinoma,0.5075,,16.0,0.331,0.22,137.0,No,Yes,Indivumed,AA,Colon,Colon Adenocarcinoma,0.331,0.22,cBioPortal PanCancer Atlas; MANTIS/MSIsensor thresholds
TCGA-AA-3971,TCGA-AA-3971-01,Colorectal Cancer,Colon Adenocarcinoma,,,0.4059,,,,,,,,79.0,COAD,,Primary,,Matched,2.633333333,,coadread_tcga_pan_can_atlas_2018,MANTIS_MSISENSOR_THRESHOLD,MSS,MSS,Primary,Colorectal Cancer,Colon Adenocarcinoma,0.4059,2.5,17.0,0.3362,0.49,47.0,No,Yes,Indivumed,AA,Colon,Colon Adenocarcinoma,0.3362,0.49,cBioPortal PanCancer Atlas; MANTIS/MSIsensor thresholds
TCGA-AA-3973,TCGA-AA-3973-01,Colorectal Cancer,Colon Adenocarcinoma,,,0.1952,,,,,,,,83.0,COAD,,Primary,,Matched,2.833333333,,coadread_tcga_pan_can_atlas_2018,MANTIS_MSISENSOR_THRESHOLD,MSS,MSS,Primary,Colorectal Cancer,Colon Adenocarcinoma,0.1952,2.33333333333,9.0,0.3291,0.47,15.0,No,Yes,Indivumed,AA,Colon,Colon Adenocarcinoma,0.3291,0.47,cBioPortal PanCancer Atlas; MANTIS/MSIsensor thresholds
TCGA-AA-3975,TCGA-AA-3975-01,Colorectal Cancer,Colon Adenocarcinoma,,,0.2591,,,,,,,,145.0,COAD,,Primary,,Matched,4.9,,coadread_tcga_pan_can_atlas_2018,MANTIS_MSISENSOR_THRESHOLD,MSS,MSS,Primary,Colorectal Cancer,Colon Adenocarcinoma,0.2591,3.46666666667,11.0,0.3404,0.21,46.0,No,Yes,Indivumed,AA,Colon,Colon Adenocarcinoma,0.3404,0.21,cBioPortal PanCancer Atlas; MANTIS/MSIsensor thresholds
TCGA-AA-3976,TCGA-AA-3976-01,Colorectal Cancer,Colon Adenocarcinoma,,,0.4991,,,,,,,,84.0,COAD,,Primary,,Matched,2.8,,coadread_tcga_pan_can_atlas_2018,MANTIS_MSISENSOR_THRESHOLD,MSS,MSS,Primary,Colorectal Cancer,Colon Adenocarcinoma,0.4991,2.33333333333,22.0,0.3308,0.3,22.0,No,Yes,International Genomics Consortium,AA,Colon,Colon Adenocarcinoma,0.3308,0.3,cBioPortal PanCancer Atlas; MANTIS/MSIsensor thresholds
TCGA-AA-3977,TCGA-AA-3977-01,Colorectal Cancer,Colon Adenocarcinoma,,,0.0008,,,,,,,,3444.0,COAD,,Primary,,Matched,115.3,,coadread_tcga_pan_can_atlas_2018,MANTIS_MSISENSOR_THRESHOLD,MSS,MSS,Primary,Colorectal Cancer,Colon Adenocarcinoma,0.0008,97.9,0.0,0.3545,0.37,9.0,No,Yes,International Genomics Consortium,AA,Colon,Colon Adenocarcinoma,0.3545,0.37,cBioPortal PanCancer Atlas; MANTIS/MSIsensor thresholds
TCGA-AA-3979,TCGA-AA-3979-01,Colorectal Cancer,Colon Adenocarcinoma,,,0.2946,,,,,,,,129.0,COAD,,Primary,,Matched,4.333333333,,coadread_tcga_pan_can_atlas_2018,MANTIS_MSISENSOR_THRESHOLD,MSS,MSS,Primary,Colorectal Cancer,Colon Adenocarcinoma,0.2946,4.3,12.0,0.3186,1.51,123.0,No,Yes,International Genomics Consortium,AA,Colon,Colon Adenocarcinoma,0.3186,1.51,cBioPortal PanCancer Atlas; MANTIS/MSIsensor thresholds
TCGA-AA-3980,TCGA-AA-3980-01,Colorectal Cancer,Colon Adenocarcinoma,,,,,,,,,,,96.0,COAD,,Primary,,Matched,3.2,,coadread_tcga_pan_can_atlas_2018,MANTIS_MSISENSOR_THRESHOLD,MSS,MSS,Primary,Colorectal Cancer,Colon Adenocarcinoma,,3.1,,0.3103,0.38,,No,Yes,International Genomics Consortium,AA,Colon,Colon Adenocarcinoma,0.3103,0.38,cBioPortal PanCancer Atlas; MANTIS/MSIsensor thresholds
TCGA-AA-3982,TCGA-AA-3982-01,Colorectal Cancer,Colon Adenocarcinoma,,,0.1341,,,,,,,,127.0,COAD,,Primary,,Matched,4.2,,coadread_tcga_pan_can_atlas_2018,MANTIS_MSISENSOR_THRESHOLD,MSS,MSS,Primary,Colorectal Cancer,Colon Adenocarcinoma,0.1341,3.03333333333,13.0,0.3356,0.06,116.0,No,Yes,International Genomics Consortium,AA,Colon,Colon Adenocarcinoma,0.3356,0.06,cBioPortal PanCancer Atlas; MANTIS/MSIsensor thresholds
TCGA-AA-3984,TCGA-AA-3984-01,Colorectal Cancer,Colon Adenocarcinoma,,,0.1573,,,,,,,,5113.0,COAD,,Primary,,Matched,171.4,,coadread_tcga_pan_can_atlas_2018,MANTIS_MSISENSOR_THRESHOLD,MSS,MSS,Primary,Colorectal Cancer,Colon Adenocarcinoma,0.1573,107.933333333,7.0,0.3334,0.14,24.0,No,Yes,International Genomics Consortium,AA,Colon,Colon Adenocarcinoma,0.3334,0.14,cBioPortal PanCancer Atlas; MANTIS/MSIsensor thresholds
TCGA-AA-3986,TCGA-AA-3986-01,Colorectal Cancer,Colon Adenocarcinoma,,,0.0551,,,,,,,,85.0,COAD,,Primary,,Matched,2.833333333,,coadread_tcga_pan_can_atlas_2018,MANTIS_MSISENSOR_THRESHOLD,MSS,MSS,Primary,Colorectal Cancer,Colon Adenocarcinoma,0.0551,2.0,3.0,0.3248,0.09,4.0,No,Yes,Cureline,AA,Colon,Colon Adenocarcinoma,0.3248,0.09,cBioPortal PanCancer Atlas; MANTIS/MSIsensor thresholds
TCGA-AA-3989,TCGA-AA-3989-01,Colorectal Cancer,Colon Adenocarcinoma,,,0.2031,,,,,,,,117.0,COAD,,Primary,,Matched,3.866666667,,coadread_tcga_pan_can_atlas_2018,MANTIS_MSISENSOR_THRESHOLD,MSS,MSS,Primary,Colorectal Cancer,Colon Adenocarcinoma,0.2031,3.43333333333,19.0,0.3311,0.19,141.0,No,Yes,Cureline,AA,Colon,Colon Adenocarcinoma,0.3311,0.19,cBioPortal PanCancer Atlas; MANTIS/MSIsensor thresholds
TCGA-AA-3994,TCGA-AA-3994-01,Colorectal Cancer,Mucinous Adenocarcinoma of the Colon and Rectum,,,0.2117,,,,,,,,178.0,MACR,,Primary,,Matched,5.9,,coadread_tcga_pan_can_atlas_2018,MANTIS_MSISENSOR_THRESHOLD,MSS,MSS,Primary,Colorectal Cancer,Mucinous Adenocarcinoma of the Colon and Rectum,0.2117,4.86666666667,7.0,0.2838,0.99,44.0,No,Yes,St. Joseph's Medical Center-(MD),AA,Colon,"Colon Adenocarcinoma, Mucinous Type",0.2838,0.99,cBioPortal PanCancer Atlas; MANTIS/MSIsensor thresholds
TCGA-AA-A004,TCGA-AA-A004-01,Colorectal Cancer,Colon Adenocarcinoma,,,0.3077,,,,,,,,68.0,COAD,,Primary,,Matched,2.2,,coadread_tcga_pan_can_atlas_2018,MANTIS_MSISENSOR_THRESHOLD,MSS,MSS,Primary,Colorectal Cancer,Colon Adenocarcinoma,0.3077,1.93333333333,10.0,0.2846,0.84,66.0,No,Yes,St. Joseph's Medical Center-(MD),AA,Colon,Colon Adenocarcinoma,0.2846,0.84,cBioPortal PanCancer Atlas; MANTIS/MSIsensor thresholds
TCGA-AA-A00D,TCGA-AA-A00D-01,Colorectal Cancer,Colon Adenocarcinoma,,,0.1967,,,,,,,,,COAD,,Primary,,Matched,,,coadread_tcga_pan_can_atlas_2018,MANTIS_MSISENSOR_THRESHOLD,MSS,MSS,Primary,Colorectal Cancer,Colon Adenocarcinoma,0.1967,1.83333333333,8.0,,0.0,42.0,No,Yes,UNC,AA,Colon,Colon Adenocarcinoma,,0.0,cBioPortal PanCancer Atlas; MANTIS/MSIsensor thresholds
TCGA-AA-A00E,TCGA-AA-A00E-01,Colorectal Cancer,Colon Adenocarcinoma,,,0.0216,,,,,,,,,COAD,,Primary,,Matched,,,coadread_tcga_pan_can_atlas_2018,MANTIS_MSISENSOR_THRESHOLD,MSI-H,MSI-H,Primary,Colorectal Cancer,Colon Adenocarcinoma,0.0216,15.8666666667,0.0,,14.23,57.0,No,Yes,UNC,AA,Colon,Colon Adenocarcinoma,,14.23,cBioPortal PanCancer Atlas; MANTIS/MSIsensor thresholds
TCGA-AA-A00F,TCGA-AA-A00F-01,Colorectal Cancer,Colon Adenocarcinoma,,,0.5739,,,,,,,,,COAD,,Primary,,Matched,,,coadread_tcga_pan_can_atlas_2018,MANTIS_MSISENSOR_THRESHOLD,MSS,MSS,Primary,Colorectal Cancer,Colon Adenocarcinoma,0.5739,1.03333333333,25.0,,0.07,79.0,No,Yes,UNC,AA,Colon,Colon Adenocarcinoma,,0.07,cBioPortal PanCancer Atlas; MANTIS/MSIsensor thresholds
TCGA-AA-A00J,TCGA-AA-A00J-01,Colorectal Cancer,Mucinous Adenocarcinoma of the Colon and Rectum,,,0.0444,,,,,,,,,MACR,,Primary,,Matched,,,coadread_tcga_pan_can_atlas_2018,MANTIS_MSISENSOR_THRESHOLD,MSI-H,MSI-H,Primary,Colorectal Cancer,Mucinous Adenocarcinoma of the Colon and Rectum,0.0444,29.1333333333,1.0,,11.59,35.0,No,Yes,UNC,AA,Colon,"Colon Adenocarcinoma, Mucinous Type",,11.59,cBioPortal PanCancer Atlas; MANTIS/MSIsensor thresholds
TCGA-AA-A00K,TCGA-AA-A00K-01,Colorectal Cancer,Colon Adenocarcinoma,,,0.1388,,,,,,,,,COAD,,Primary,,Matched,,,coadread_tcga_pan_can_atlas_2018,MANTIS_MSISENSOR_THRESHOLD,MSS,MSS,Primary,Colorectal Cancer,Colon Adenocarcinoma,0.1388,4.63333333333,7.0,,0.41,17.0,No,Yes,UNC,AA,Colon,Colon Adenocarcinoma,,0.41,cBioPortal PanCancer Atlas; MANTIS/MSIsensor thresholds
TCGA-AA-A00L,TCGA-AA-A00L-01,Colorectal Cancer,Colon Adenocarcinoma,,,0.1802,,,,,,,,,COAD,,Primary,,Matched,,,coadread_tcga_pan_can_atlas_2018,MANTIS_MSISENSOR_THRESHOLD,MSS,MSS,Primary,Colorectal Cancer,Colon Adenocarcinoma,0.1802,1.56666666667,9.0,,0.0,148.0,No,Yes,UNC,AA,Colon,Colon Adenocarcinoma,,0.0,cBioPortal PanCancer Atlas; MANTIS/MSIsensor thresholds
TCGA-AA-A00N,TCGA-AA-A00N-01,Colorectal Cancer,Mucinous Adenocarcinoma of the Colon and Rectum,,,0.0007,,,,,,,,4875.0,MACR,,Primary,,Matched,163.3,,coadread_tcga_pan_can_atlas_2018,MANTIS_MSISENSOR_THRESHOLD,MSS,MSS,Primary,Colorectal Cancer,Mucinous Adenocarcinoma of the Colon and Rectum,0.0007,123.633333333,0.0,0.3279,32.47,6.0,No,Yes,UNC,AA,Colon,"Colon Adenocarcinoma, Mucinous Type",0.3279,32.47,cBioPortal PanCancer Atlas; MANTIS/MSIsensor thresholds
TCGA-AA-A00O,TCGA-AA-A00O-01,Colorectal Cancer,Colon Adenocarcinoma,,,0.1944,,,,,,,,,COAD,,Primary,,Matched,,,coadread_tcga_pan_can_atlas_2018,MANTIS_MSISENSOR_THRESHOLD,MSS,MSS,Primary,Colorectal Cancer,Colon Adenocarcinoma,0.1944,2.43333333333,7.0,0.2697,1.05,127.0,No,Yes,UNC,AA,Colon,Colon Adenocarcinoma,0.2697,1.05,cBioPortal PanCancer Atlas; MANTIS/MSIsensor thresholds
TCGA-AA-A00Q,TCGA-AA-A00Q-01,Colorectal Cancer,Colon Adenocarcinoma,,,0.2482,,,,,,,,,COAD,,Primary,,Matched,,,coadread_tcga_pan_can_atlas_2018,MANTIS_MSISENSOR_THRESHOLD,MSS,MSS,Primary,Colorectal Cancer,Colon Adenocarcinoma,0.2482,0.833333333333,22.0,,0.0,19.0,No,Yes,UNC,AA,Colon,Colon Adenocarcinoma,,0.0,cBioPortal PanCancer Atlas; MANTIS/MSIsensor thresholds
TCGA-AA-A00R,TCGA-AA-A00R-01,Colorectal Cancer,Colon Adenocarcinoma,,,0.0712,,,,,,,,,COAD,,Primary,,Matched,,,coadread_tcga_pan_can_atlas_2018,MANTIS_MSISENSOR_THRESHOLD,MSI-H,MSI-H,Primary,Colorectal Cancer,Colon Adenocarcinoma,0.0712,10.1,2.0,,12.68,39.0,No,Yes,University of Pittsburgh,AA,Colon,Colon Adenocarcinoma,,12.68,cBioPortal PanCancer Atlas; MANTIS/MSIsensor thresholds
TCGA-AA-A00U,TCGA-AA-A00U-01,Colorectal Cancer,Colon Adenocarcinoma,,,0.1412,,,,,,,,,COAD,,Primary,,Matched,,,coadread_tcga_pan_can_atlas_2018,MANTIS_MSISENSOR_THRESHOLD,MSS,MSS,Primary,Colorectal Cancer,Colon Adenocarcinoma,0.1412,2.26666666667,7.0,,0.03,59.0,No,Yes,University of Pittsburgh,AA,Colon,Colon Adenocarcinoma,,0.03,cBioPortal PanCancer Atlas; MANTIS/MSIsensor thresholds
TCGA-AA-A00W,TCGA-AA-A00W-01,Colorectal Cancer,Colon Adenocarcinoma,,,0.154,,,,,,,,,COAD,,Primary,,Matched,,,coadread_tcga_pan_can_atlas_2018,MANTIS_MSISENSOR_THRESHOLD,MSS,MSS,Primary,Colorectal Cancer,Colon Adenocarcinoma,0.154,0.766666666667,7.0,,0.0,17.0,No,Yes,University of Pittsburgh,AA,Colon,Colon Adenocarcinoma,,0.0,cBioPortal PanCancer Atlas; MANTIS/MSIsensor thresholds
TCGA-AA-A00Z,TCGA-AA-A00Z-01,Colorectal Cancer,Colon Adenocarcinoma,,,0.1737,,,,,,,,14.0,COAD,,Primary,,Matched,0.466666667,,coadread_tcga_pan_can_atlas_2018,MANTIS_MSISENSOR_THRESHOLD,MSS,MSS,Primary,Colorectal Cancer,Colon Adenocarcinoma,0.1737,1.0,10.0,0.3206,0.0,116.0,No,Yes,University of Pittsburgh,AA,Colon,Colon Adenocarcinoma,0.3206,0.0,cBioPortal PanCancer Atlas; MANTIS/MSIsensor thresholds
TCGA-AA-A010,TCGA-AA-A010-01,Colorectal Cancer,Colon Adenocarcinoma,,,0.0056,,,,,,,,7492.0,COAD,,Primary,,Matched,250.7,,coadread_tcga_pan_can_atlas_2018,MANTIS_MSISENSOR_THRESHOLD,MSS,MSS,Primary,Colorectal Cancer,Colon Adenocarcinoma,0.0056,218.766666667,0.0,0.3765,4.19,9.0,No,Yes,University of Pittsburgh,AA,Colon,Colon Adenocarcinoma,0.3765,4.19,cBioPortal PanCancer Atlas; MANTIS/MSIsensor thresholds
TCGA-AA-A017,TCGA-AA-A017-01,Colorectal Cancer,Colon Adenocarcinoma,,,0.231,,,,,,,,54.0,COAD,,Primary,,Matched,1.833333333,,coadread_tcga_pan_can_atlas_2018,MANTIS_MSISENSOR_THRESHOLD,MSS,MSS,Primary,Colorectal Cancer,Colon Adenocarcinoma,0.231,1.76666666667,9.0,0.28,1.19,28.0,No,Yes,University of Pittsburgh,AA,Colon,Colon Adenocarcinoma,0.28,1.19,cBioPortal PanCancer Atlas; MANTIS/MSIsensor thresholds
TCGA-AA-A01C,TCGA-AA-A01C-01,Colorectal Cancer,Colon Adenocarcinoma,,,0.423,,,,,,,,86.0,COAD,,Primary,,Matched,2.833333333,,coadread_tcga_pan_can_atlas_2018,MANTIS_MSISENSOR_THRESHOLD,MSS,MSS,Primary,Colorectal Cancer,Colon Adenocarcinoma,0.423,,17.0,0.2539,0.1,30.0,No,Yes,University of Pittsburgh,AA,Colon,Colon Adenocarcinoma,0.2539,0.1,cBioPortal PanCancer Atlas; MANTIS/MSIsensor thresholds
TCGA-AA-A01D,TCGA-AA-A01D-01,Colorectal Cancer,Mucinous Adenocarcinoma of the Colon and Rectum,,,0.262,,,,,,,,,MACR,,Primary,,Matched,,,coadread_tcga_pan_can_atlas_2018,MANTIS_MSISENSOR_THRESHOLD,MSS,MSS,Primary,Colorectal Cancer,Mucinous Adenocarcinoma of the Colon and Rectum,0.262,5.1,20.0,0.2695,0.71,67.0,No,Yes,University of Pittsburgh,AA,Colon,"Colon Adenocarcinoma, Mucinous Type",0.2695,0.71,cBioPortal PanCancer Atlas; MANTIS/MSIsensor thresholds
TCGA-AA-A01F,TCGA-AA-A01F-01,Colorectal Cancer,Colon Adenocarcinoma,,,0.5492,,,,,,,,,COAD,,Primary,,Matched,,,coadread_tcga_pan_can_atlas_2018,MANTIS_MSISENSOR_THRESHOLD,MSS,MSS,Primary,Colorectal Cancer,Colon Adenocarcinoma,0.5492,1.6,20.0,,0.03,26.0,No,Yes,University of Pittsburgh,AA,Colon,Colon Adenocarcinoma,,0.03,cBioPortal PanCancer Atlas; MANTIS/MSIsensor thresholds
TCGA-AA-A01G,TCGA-AA-A01G-01,Colorectal Cancer,Mucinous Adenocarcinoma of the Colon and Rectum,,,0.1787,,,,,,,,,MACR,,Primary,,Matched,,,coadread_tcga_pan_can_atlas_2018,MANTIS_MSISENSOR_THRESHOLD,MSS,MSS,Primary,Colorectal Cancer,Mucinous Adenocarcinoma of the Colon and Rectum,0.1787,1.66666666667,12.0,,0.0,34.0,No,Yes,University of Pittsburgh,AA,Colon,"Colon Adenocarcinoma, Mucinous Type",,0.0,cBioPortal PanCancer Atlas; MANTIS/MSIsensor thresholds
TCGA-AA-A01I,TCGA-AA-A01I-01,Colorectal Cancer,Colon Adenocarcinoma,,,0.2417,,,,,,,,103.0,COAD,,Primary,,Matched,3.433333333,,coadread_tcga_pan_can_atlas_2018,MANTIS_MSISENSOR_THRESHOLD,MSS,MSS,Primary,Colorectal Cancer,Colon Adenocarcinoma,0.2417,2.83333333333,9.0,0.2695,0.87,7.0,No,Yes,University of Pittsburgh,AA,Colon,Colon Adenocarcinoma,0.2695,0.87,cBioPortal PanCancer Atlas; MANTIS/MSIsensor thresholds
TCGA-AA-A01K,TCGA-AA-A01K-01,Colorectal Cancer,Colon Adenocarcinoma,,,0.3157,,,,,,,,,COAD,,Primary,,Matched,,,coadread_tcga_pan_can_atlas_2018,MANTIS_MSISENSOR_THRESHOLD,MSS,MSS,Primary,Colorectal Cancer,Colon Adenocarcinoma,0.3157,4.9,12.0,0.2795,1.3,78.0,No,Yes,University of Pittsburgh,AA,Colon,Colon Adenocarcinoma,0.2795,1.3,cBioPortal PanCancer Atlas; MANTIS/MSIsensor thresholds
TCGA-AA-A01P,TCGA-AA-A01P-01,Colorectal Cancer,Colon Adenocarcinoma,,,0.0003,,,,,,,,846.0,COAD,,Primary,,Matched,28.36666667,,coadread_tcga_pan_can_atlas_2018,MANTIS_MSISENSOR_THRESHOLD,MSI-H,MSI-H,Primary,Colorectal Cancer,Colon Adenocarcinoma,0.0003,12.8333333333,0.0,0.6789,20.7,12.0,No,Yes,University of Pittsburgh,AA,Colon,Colon Adenocarcinoma,0.6789,20.7,cBioPortal PanCancer Atlas; MANTIS/MSIsensor thresholds
TCGA-AA-A01R,TCGA-AA-A01R-01,Colorectal Cancer,Mucinous Adenocarcinoma of the Colon and Rectum,,,0.0832,,,,,,,,1621.0,MACR,,Primary,,Matched,54.26666667,,coadread_tcga_pan_can_atlas_2018,MANTIS_MSISENSOR_THRESHOLD,MSI-H,MSI-H,Primary,Colorectal Cancer,Mucinous Adenocarcinoma of the Colon and Rectum,0.0832,41.0333333333,2.0,0.7418,22.57,42.0,No,Yes,University of Pittsburgh,AA,Colon,"Colon Adenocarcinoma, Mucinous Type",0.7418,22.57,cBioPortal PanCancer Atlas; MANTIS/MSIsensor thresholds
TCGA-AA-A01S,TCGA-AA-A01S-01,Colorectal Cancer,Colon Adenocarcinoma,,,0.2205,,,,,,,,51.0,COAD,,Primary,,Matched,1.7,,coadread_tcga_pan_can_atlas_2018,MANTIS_MSISENSOR_THRESHOLD,MSS,MSS,Primary,Colorectal Cancer,Colon Adenocarcinoma,0.2205,1.53333333333,7.0,0.325,0.6,142.0,No,Yes,University of Pittsburgh,AA,Colon,Colon Adenocarcinoma,0.325,0.6,cBioPortal PanCancer Atlas; MANTIS/MSIsensor thresholds
TCGA-AA-A01T,TCGA-AA-A01T-01,Colorectal Cancer,Colon Adenocarcinoma,,,0.3861,,,,,,,,91.0,COAD,,Primary,,Matched,3.033333333,,coadread_tcga_pan_can_atlas_2018,MANTIS_MSISENSOR_THRESHOLD,MSS,MSS,Primary,Colorectal Cancer,Colon Adenocarcinoma,0.3861,2.56666666667,22.0,0.3369,1.26,88.0,No,Yes,University of Pittsburgh,AA,Colon,Colon Adenocarcinoma,0.3369,1.26,cBioPortal PanCancer Atlas; MANTIS/MSIsensor thresholds
TCGA-AA-A01V,TCGA-AA-A01V-01,Colorectal Cancer,Colon Adenocarcinoma,,,0.0001,,,,,,,,108.0,COAD,,Primary,,Matched,3.666666667,,coadread_tcga_pan_can_atlas_2018,MANTIS_MSISENSOR_THRESHOLD,MSS,MSS,Primary,Colorectal Cancer,Colon Adenocarcinoma,0.0001,3.2,0.0,0.3163,0.31,8.0,No,Yes,University of Pittsburgh,AA,Colon,Colon Adenocarcinoma,0.3163,0.31,cBioPortal PanCancer Atlas; MANTIS/MSIsensor thresholds
TCGA-AA-A01X,TCGA-AA-A01X-01,Colorectal Cancer,Colon Adenocarcinoma,,,0.522,,,,,,,,65.0,COAD,,Primary,,Matched,2.166666667,,coadread_tcga_pan_can_atlas_2018,MANTIS_MSISENSOR_THRESHOLD,MSS,MSS,Primary,Colorectal Cancer,Colon Adenocarcinoma,0.522,1.63333333333,21.0,0.3184,0.38,3.0,No,Yes,University of Pittsburgh,AA,Colon,Colon Adenocarcinoma,0.3184,0.38,cBioPortal PanCancer Atlas; MANTIS/MSIsensor thresholds
TCGA-AA-A01Z,TCGA-AA-A01Z-01,Colorectal Cancer,Colon Adenocarcinoma,,,0.1752,,,,,,,,95.0,COAD,,Primary,,Matched,3.2,,coadread_tcga_pan_can_atlas_2018,MANTIS_MSISENSOR_THRESHOLD,MSS,MSS,Primary,Colorectal Cancer,Colon Adenocarcinoma,0.1752,2.66666666667,8.0,0.3259,0.42,138.0,No,Yes,ILSBio,AA,Colon,Colon Adenocarcinoma,0.3259,0.42,cBioPortal PanCancer Atlas; MANTIS/MSIsensor thresholds
TCGA-AA-A022,TCGA-AA-A022-01,Colorectal Cancer,Colon Adenocarcinoma,,,0.1452,,,,,,,,1471.0,COAD,,Primary,,Matched,49.33333333,,coadread_tcga_pan_can_atlas_2018,MANTIS_MSISENSOR_THRESHOLD,MSI-H,MSI-H,Primary,Colorectal Cancer,Colon Adenocarcinoma,0.1452,30.0666666667,7.0,1.1662,43.0,34.0,No,Yes,ILSBio,AA,Colon,Colon Adenocarcinoma,1.1662,43.0,cBioPortal PanCancer Atlas; MANTIS/MSIsensor thresholds
TCGA-AA-A024,TCGA-AA-A024-01,Colorectal Cancer,Mucinous Adenocarcinoma of the Colon and Rectum,,,0.0006,,,,,,,,79.0,MACR,,Primary,,Matched,2.666666667,,coadread_tcga_pan_can_atlas_2018,MANTIS_MSISENSOR_THRESHOLD,MSS,MSS,Primary,Colorectal Cancer,Mucinous Adenocarcinoma of the Colon and Rectum,0.0006,2.16666666667,0.0,0.2567,0.75,6.0,No,Yes,ILSBio,AA,Colon,"Colon Adenocarcinoma, Mucinous Type",0.2567,0.75,cBioPortal PanCancer Atlas; MANTIS/MSIsensor thresholds
TCGA-AA-A029,TCGA-AA-A029-01,Colorectal Cancer,Colon Adenocarcinoma,,,0.2676,,,,,,,,,COAD,,Primary,,Matched,,,coadread_tcga_pan_can_atlas_2018,MANTIS_MSISENSOR_THRESHOLD,MSS,MSS,Primary,Colorectal Cancer,Colon Adenocarcinoma,0.2676,2.96666666667,13.0,0.2837,2.01,10.0,No,Yes,ILSBio,AA,Colon,Colon Adenocarcinoma,0.2837,2.01,cBioPortal PanCancer Atlas; MANTIS/MSIsensor thresholds
TCGA-AA-A02E,TCGA-AA-A02E-01,Colorectal Cancer,Colon Adenocarcinoma,,,0.5898,,,,,,,,148.0,COAD,,Primary,,Matched,4.933333333,,coadread_tcga_pan_can_atlas_2018,MANTIS_MSISENSOR_THRESHOLD,MSS,MSS,Primary,Colorectal Cancer,Colon Adenocarcinoma,0.5898,,23.0,0.2544,1.66,83.0,No,Yes,ILSBio,AA,Colon,Colon Adenocarcinoma,0.2544,1.66,cBioPortal PanCancer Atlas; MANTIS/MSIsensor thresholds
TCGA-AA-A02F,TCGA-AA-A02F-01,Colorectal Cancer,Colon Adenocarcinoma,,,0.5801,,,,,,,,51.0,COAD,,Primary,,Matched,1.733333333,,coadread_tcga_pan_can_atlas_2018,MANTIS_MSISENSOR_THRESHOLD,MSS,MSS,Primary,Colorectal Cancer,Colon Adenocarcinoma,0.5801,1.6,13.0,0.2783,1.83,88.0,No,Yes,ILSBio,AA,Colon,Colon Adenocarcinoma,0.2783,1.83,cBioPortal PanCancer Atlas; MANTIS/MSIsensor thresholds
TCGA-AA-A02H,TCGA-AA-A02H-01,Colorectal Cancer,Colon Adenocarcinoma,,,0.4195,,,,,,,,74.0,COAD,,Primary,,Matched,2.466666667,,coadread_tcga_pan_can_atlas_2018,MANTIS_MSISENSOR_THRESHOLD,MSS,MSS,Primary,Colorectal Cancer,Colon Adenocarcinoma,0.4195,2.1,11.0,0.2874,2.03,65.0,No,Yes,ILSBio,AA,Colon,Colon Adenocarcinoma,0.2874,2.03,cBioPortal PanCancer Atlas; MANTIS/MSIsensor thresholds
TCGA-AA-A02J,TCGA-AA-A02J-01,Colorectal Cancer,Colon Adenocarcinoma,,,0.1843,,,,,,,,,COAD,,Primary,,Matched,,,coadread_tcga_pan_can_atlas_2018,MANTIS_MSISENSOR_THRESHOLD,MSS,MSS,Primary,Colorectal Cancer,Colon Adenocarcinoma,0.1843,3.83333333333,9.0,0.2836,0.54,45.0,No,Yes,ILSBio,AA,Colon,Colon Adenocarcinoma,0.2836,0.54,cBioPortal PanCancer Atlas; MANTIS/MSIsensor thresholds
TCGA-AA-A02O,TCGA-AA-A02O-01,Colorectal Cancer,Colon Adenocarcinoma,,,0.2498,,,,,,,,160.0,COAD,,Primary,,Matched,5.333333333,,coadread_tcga_pan_can_atlas_2018,MANTIS_MSISENSOR_THRESHOLD,MSS,MSS,Primary,Colorectal Cancer,Colon Adenocarcinoma,0.2498,4.56666666667,12.0,0.3293,0.48,50.0,No,Yes,ILSBio,AA,Colon,Colon Adenocarcinoma,0.3293,0.48,cBioPortal PanCancer Atlas; MANTIS/MSIsensor thresholds
TCGA-AA-A02R,TCGA-AA-A02R-01,Colorectal Cancer,Colon Adenocarcinoma,,,0.0464,,,,,,,,1089.0,COAD,,Primary,,Matched,36.36666667,,coadread_tcga_pan_can_atlas_2018,MANTIS_MSISENSOR_THRESHOLD,MSI-H,MSI-H,Primary,Colorectal Cancer,Colon Adenocarcinoma,0.0464,,2.0,1.2923,32.62,33.0,No,Yes,ILSBio,AA,Colon,Colon Adenocarcinoma,1.2923,32.62,cBioPortal PanCancer Atlas; MANTIS/MSIsensor thresholds
TCGA-AA-A02W,TCGA-AA-A02W-01,Colorectal Cancer,Colon Adenocarcinoma,,,0.4626,,,,,,,,92.0,COAD,,Primary,,Matched,3.066666667,,coadread_tcga_pan_can_atlas_2018,MANTIS_MSISENSOR_THRESHOLD,MSS,MSS,Primary,Colorectal Cancer,Colon Adenocarcinoma,0.4626,3.66666666667,21.0,0.2652,0.77,65.0,No,Yes,University of Pittsburgh,AA,Colon,Colon Adenocarcinoma,0.2652,0.77,cBioPortal PanCancer Atlas; MANTIS/MSIsensor thresholds
TCGA-AA-A02Y,TCGA-AA-A02Y-01,Colorectal Cancer,Colon Adenocarcinoma,,,0.1905,,,,,,,,110.0,COAD,,Primary,,Matched,3.633333333,,coadread_tcga_pan_can_atlas_2018,MANTIS_MSISENSOR_THRESHOLD,MSS,MSS,Primary,Colorectal Cancer,Colon Adenocarcinoma,0.1905,3.43333333333,8.0,0.3389,0.38,10.0,No,Yes,University of Pittsburgh,AA,Colon,Colon Adenocarcinoma,0.3389,0.38,cBioPortal PanCancer Atlas; MANTIS/MSIsensor thresholds
TCGA-AA-A03F,TCGA-AA-A03F-01,Colorectal Cancer,Mucinous Adenocarcinoma of the Colon and Rectum,,,0.0,,,,,,,,125.0,MACR,,Primary,,Matched,4.2,,coadread_tcga_pan_can_atlas_2018,MANTIS_MSISENSOR_THRESHOLD,MSS,MSS,Primary,Colorectal Cancer,Mucinous Adenocarcinoma of the Colon and Rectum,0.0,3.46666666667,0.0,0.3075,0.22,0.0,No,Yes,University of Pittsburgh,AA,Colon,"Colon Adenocarcinoma, Mucinous Type",0.3075,0.22,cBioPortal PanCancer Atlas; MANTIS/MSIsensor thresholds
TCGA-AA-A03J,TCGA-AA-A03J-01,Colorectal Cancer,Colon Adenocarcinoma,,,0.4677,,,,,,,,81.0,COAD,,Primary,,Matched,2.666666667,,coadread_tcga_pan_can_atlas_2018,MANTIS_MSISENSOR_THRESHOLD,MSS,MSS,Primary,Colorectal Cancer,Colon Adenocarcinoma,0.4677,2.2,21.0,0.3238,0.22,83.0,No,Yes,University of Pittsburgh,AA,Colon,Colon Adenocarcinoma,0.3238,0.22,cBioPortal PanCancer Atlas; MANTIS/MSIsensor thresholds
TCGA-AD-5900,TCGA-AD-5900-01,Colorectal Cancer,Mucinous Adenocarcinoma of the Colon and Rectum,,,0.1197,,,,,,,,1474.0,MACR,,Primary,,Matched,49.26666667,,coadread_tcga_pan_can_atlas_2018,MANTIS_MSISENSOR_THRESHOLD,MSI-H,MSI-H,Primary,Colorectal Cancer,Mucinous Adenocarcinoma of the Colon and Rectum,0.1197,,6.0,0.9101,36.46,10.0,No,Yes,University of Pittsburgh,AD,Colon,"Colon Adenocarcinoma, Mucinous Type",0.9101,36.46,cBioPortal PanCancer Atlas; MANTIS/MSIsensor thresholds
TCGA-AD-6888,TCGA-AD-6888-01,Colorectal Cancer,Colon Adenocarcinoma,,,0.1853,,,,,,,,104.0,COAD,,Primary,,Matched,3.5,,coadread_tcga_pan_can_atlas_2018,MANTIS_MSISENSOR_THRESHOLD,MSS,MSS,Primary,Colorectal Cancer,Colon Adenocarcinoma,0.1853,,30.0,0.3466,0.13,76.0,No,Yes,Harvard,AD,Colon,Colon Adenocarcinoma,0.3466,0.13,cBioPortal PanCancer Atlas; MANTIS/MSIsensor thresholds
TCGA-AD-6889,TCGA-AD-6889-01,Colorectal Cancer,Colon Adenocarcinoma,,,0.0008,,,,,,,,1704.0,COAD,,Primary,,Matched,57.4,,coadread_tcga_pan_can_atlas_2018,MANTIS_MSISENSOR_THRESHOLD,MSI-H,MSI-H,Primary,Colorectal Cancer,Colon Adenocarcinoma,0.0008,,0.0,1.3414,40.44,14.0,No,Yes,Harvard,AD,Colon,Colon Adenocarcinoma,1.3414,40.44,cBioPortal PanCancer Atlas; MANTIS/MSIsensor thresholds
TCGA-AD-6890,TCGA-AD-6890-01,Colorectal Cancer,Colon Adenocarcinoma,,,0.1853,,,,,,,,100.0,COAD,,Primary,,Matched,3.333333333,,coadread_tcga_pan_can_atlas_2018,MANTIS_MSISENSOR_THRESHOLD,MSS,MSS,Primary,Colorectal Cancer,Colon Adenocarcinoma,0.1853,,9.0,0.3483,0.03,36.0,Yes,No,Harvard,AD,Colon,Colon Adenocarcinoma,0.3483,0.03,cBioPortal PanCancer Atlas; MANTIS/MSIsensor thresholds
TCGA-AD-6895,TCGA-AD-6895-01,Colorectal Cancer,Colon Adenocarcinoma,,,0.0019,,,,,,,,1538.0,COAD,,Primary,,Matched,51.56666667,,coadread_tcga_pan_can_atlas_2018,MANTIS_MSISENSOR_THRESHOLD,MSI-H,MSI-H,Primary,Colorectal Cancer,Colon Adenocarcinoma,0.0019,,0.0,0.8416,23.11,39.0,Yes,No,Harvard,AD,Colon,Colon Adenocarcinoma,0.8416,23.11,cBioPortal PanCancer Atlas; MANTIS/MSIsensor thresholds
TCGA-AD-6899,TCGA-AD-6899-01,Colorectal Cancer,Mucinous Adenocarcinoma of the Colon and Rectum,,,0.2038,,,,,,,,136.0,MACR,,Primary,,Matched,4.566666667,,coadread_tcga_pan_can_atlas_2018,MANTIS_MSISENSOR_THRESHOLD,MSS,MSS,Primary,Colorectal Cancer,Mucinous Adenocarcinoma of the Colon and Rectum,0.2038,,20.0,0.355,0.07,92.0,Yes,No,Harvard,AD,Colon,"Colon Adenocarcinoma, Mucinous Type",0.355,0.07,cBioPortal PanCancer Atlas; MANTIS/MSIsensor thresholds
TCGA-AD-6901,TCGA-AD-6901-01,Colorectal Cancer,Colon Adenocarcinoma,,,0.2971,,,,,,,,223.0,COAD,,Primary,,Matched,7.466666667,,coadread_tcga_pan_can_atlas_2018,MANTIS_MSISENSOR_THRESHOLD,MSS,MSS,Primary,Colorectal Cancer,Colon Adenocarcinoma,0.2971,,25.0,0.3533,0.18,93.0,Yes,No,Harvard,AD,Colon,Colon Adenocarcinoma,0.3533,0.18,cBioPortal PanCancer Atlas; MANTIS/MSIsensor thresholds
TCGA-AD-6963,TCGA-AD-6963-01,Colorectal Cancer,Colon Adenocarcinoma,,,0.1973,,,,,,,,75.0,COAD,,Primary,,Matched,2.433333333,,coadread_tcga_pan_can_atlas_2018,MANTIS_MSISENSOR_THRESHOLD,MSS,MSS,Primary,Colorectal Cancer,Colon Adenocarcinoma,0.1973,,19.0,0.3442,0.02,37.0,Yes,No,Harvard,AD,Colon,Colon Adenocarcinoma,0.3442,0.02,cBioPortal PanCancer Atlas; MANTIS/MSIsensor thresholds
TCGA-AD-6964,TCGA-AD-6964-01,Colorectal Cancer,Colon Adenocarcinoma,,,0.0111,,,,,,,,1410.0,COAD,,Primary,,Matched,47.3,,coadread_tcga_pan_can_atlas_2018,MANTIS_MSISENSOR_THRESHOLD,MSI-H,MSI-H,Primary,Colorectal Cancer,Colon Adenocarcinoma,0.0111,,0.0,0.7365,18.65,23.0,Yes,No,Harvard,AD,Colon,Colon Adenocarcinoma,0.7365,18.65,cBioPortal PanCancer Atlas; MANTIS/MSIsensor thresholds
TCGA-AD-6965,TCGA-AD-6965-01,Colorectal Cancer,Colon Adenocarcinoma,,,0.3464,,,,,,,,109.0,COAD,,Primary,,Matched,3.633333333,,coadread_tcga_pan_can_atlas_2018,MANTIS_MSISENSOR_THRESHOLD,MSS,MSS,Primary,Colorectal Cancer,Colon Adenocarcinoma,0.3464,,18.0,0.3643,0.33,57.0,Yes,No,Harvard,AD,Colon,Colon Adenocarcinoma,0.3643,0.33,cBioPortal PanCancer Atlas; MANTIS/MSIsensor thresholds
TCGA-AD-A5EJ,TCGA-AD-A5EJ-01,Colorectal Cancer,Colon Adenocarcinoma,,,0.0114,,,,,,,,1445.0,COAD,,Primary,,Matched,48.2,,coadread_tcga_pan_can_atlas_2018,MANTIS_MSISENSOR_THRESHOLD,MSI-H,MSI-H,Primary,Colorectal Cancer,Colon Adenocarcinoma,0.0114,,1.0,1.0934,22.4,8.0,Yes,No,Harvard,AD,Colon,Colon Adenocarcinoma,1.0934,22.4,cBioPortal PanCancer Atlas; MANTIS/MSIsensor thresholds
TCGA-AD-A5EK,TCGA-AD-A5EK-01,Colorectal Cancer,Colon Adenocarcinoma,,,0.9127,,,,,,,,73.0,COAD,,Primary,,Matched,2.433333333,,coadread_tcga_pan_can_atlas_2018,MANTIS_MSISENSOR_THRESHOLD,MSS,MSS,Primary,Colorectal Cancer,Colon Adenocarcinoma,0.9127,,25.0,0.2808,0.32,103.0,Yes,No,Harvard,AD,Colon,Colon Adenocarcinoma,0.2808,0.32,cBioPortal PanCancer Atlas; MANTIS/MSIsensor thresholds
TCGA-AF-2687,TCGA-AF-2687-01,Colorectal Cancer,Rectal Adenocarcinoma,,,0.2505,,,,,,,,98.0,READ,,Primary,,Matched,3.266666667,,coadread_tcga_pan_can_atlas_2018,MANTIS_MSISENSOR_THRESHOLD,MSS,MSS,Primary,Colorectal Cancer,Colorectal Adenocarcinoma,0.2505,,24.0,0.3529,0.08,46.0,Yes,No,Albert Einstein Medical Center,AF,Rectum,Rectal Adenocarcinoma,0.3529,0.08,cBioPortal PanCancer Atlas; MANTIS/MSIsensor thresholds
TCGA-AF-2689,TCGA-AF-2689-01,Colorectal Cancer,Rectal Adenocarcinoma,,,0.433,,,,,,,,26.0,READ,,Primary,,Matched,1.733333333,,coadread_tcga_pan_can_atlas_2018,MANTIS_MSISENSOR_THRESHOLD,MSS,MSS,Primary,Colorectal Cancer,Rectal Adenocarcinoma,0.433,1.53333333333,18.0,0.3486,1.28,76.5,Yes,No,Mary Bird Perkins Cancer Center - Our Lady of the Lake,AF,Rectum,Rectal Adenocarcinoma,0.3486,1.28,cBioPortal PanCancer Atlas; MANTIS/MSIsensor thresholds
TCGA-AF-2690,TCGA-AF-2690-01,Colorectal Cancer,Rectal Adenocarcinoma,,,0.4372,,,,,,,,72.0,READ,,Primary,,Matched,2.366666667,,coadread_tcga_pan_can_atlas_2018,MANTIS_MSISENSOR_THRESHOLD,MSS,MSS,Primary,Colorectal Cancer,Rectal Adenocarcinoma,0.4372,,25.0,0.3412,0.03,55.0,Yes,No,Duke University,AF,Rectum,Rectal Adenocarcinoma,0.3412,0.03,cBioPortal PanCancer Atlas; MANTIS/MSIsensor thresholds
TCGA-AF-2691,TCGA-AF-2691-01,Colorectal Cancer,Rectal Adenocarcinoma,,,0.1282,,,,,,,,34.0,READ,,Primary,,Matched,2.233333333,,coadread_tcga_pan_can_atlas_2018,MANTIS_MSISENSOR_THRESHOLD,MSS,MSS,Primary,Colorectal Cancer,Rectal Adenocarcinoma,0.1282,1.9,11.0,0.3267,1.16,19.5,Yes,No,University of Sao Paulo,AF,Rectum,Rectal Adenocarcinoma,0.3267,1.16,cBioPortal PanCancer Atlas; MANTIS/MSIsensor thresholds
TCGA-AF-2692,TCGA-AF-2692-01,Colorectal Cancer,Rectal Adenocarcinoma,,,0.4873,,,,,,,,12.0,READ,,Primary,,Matched,0.733333333,,coadread_tcga_pan_can_atlas_2018,MANTIS_MSISENSOR_THRESHOLD,MSS,MSS,Primary,Colorectal Cancer,Rectal Adenocarcinoma,0.4873,1.16666666667,16.0,0.3259,1.32,49.0,Yes,No,University of Sao Paulo,AF,,Rectum Adenocarcinoma,0.3259,1.32,cBioPortal PanCancer Atlas; MANTIS/MSIsensor thresholds
TCGA-AF-2693,TCGA-AF-2693-01,Colorectal Cancer,Rectal Adenocarcinoma,,,0.2996,,,,,,,,83.0,READ,,Primary,,Matched,2.766666667,,coadread_tcga_pan_can_atlas_2018,MANTIS_MSISENSOR_THRESHOLD,MSS,MSS,Primary,Colorectal Cancer,Rectal Adenocarcinoma,0.2996,,8.0,0.339,0.02,172.0,Yes,No,University of Sao Paulo,AF,,Rectum Adenocarcinoma,0.339,0.02,cBioPortal PanCancer Atlas; MANTIS/MSIsensor thresholds
TCGA-AF-3400,TCGA-AF-3400-01,Colorectal Cancer,Rectal Adenocarcinoma,,,0.0601,,,,,,,,20.0,READ,,Primary,,Matched,1.2,,coadread_tcga_pan_can_atlas_2018,MANTIS_MSISENSOR_THRESHOLD,MSS,MSS,Primary,Colorectal Cancer,Rectal Adenocarcinoma,0.0601,0.8,21.0,0.3156,0.93,93.0,Yes,No,University of Sao Paulo,AF,Rectum,"Rectal Adenocarcinoma, Mucinous Type",0.3156,0.93,cBioPortal PanCancer Atlas; MANTIS/MSIsensor thresholds
TCGA-AF-3911,TCGA-AF-3911-01,Colorectal Cancer,Rectal Adenocarcinoma,,,0.47,,,,,,,,82.0,READ,,Primary,,Matched,2.733333333,,coadread_tcga_pan_can_atlas_2018,MANTIS_MSISENSOR_THRESHOLD,MSS,MSS,Primary,Colorectal Cancer,Rectal Adenocarcinoma,0.47,,20.0,0.3559,0.15,77.0,Yes,No,University of Sao Paulo,AF,Rectum,Rectal Adenocarcinoma,0.3559,0.15,cBioPortal PanCancer Atlas; MANTIS/MSIsensor thresholds
TCGA-AF-4110,TCGA-AF-4110-01,Colorectal Cancer,Rectal Adenocarcinoma,,,0.2599,,,,,,,,86.0,READ,,Primary,,Matched,2.866666667,,coadread_tcga_pan_can_atlas_2018,MANTIS_MSISENSOR_THRESHOLD,MSS,MSS,Primary,Colorectal Cancer,Rectal Adenocarcinoma,0.2599,,23.0,0.3522,0.06,94.0,Yes,No,Christiana Healthcare,AF,,Rectum Adenocarcinoma,0.3522,0.06,cBioPortal PanCancer Atlas; MANTIS/MSIsensor thresholds
TCGA-AF-5654,TCGA-AF-5654-01,Colorectal Cancer,Rectal Adenocarcinoma,,,0.2065,,,,,,,,121.0,READ,,Primary,,Matched,8.033333333,,coadread_tcga_pan_can_atlas_2018,MANTIS_MSISENSOR_THRESHOLD,MSS,MSS,Primary,Colorectal Cancer,Rectal Adenocarcinoma,0.2065,,8.0,0.3231,0.19,74.0,Yes,No,Christiana Healthcare,AF,Rectum,Rectal Adenocarcinoma,0.3231,0.19,cBioPortal PanCancer Atlas; MANTIS/MSIsensor thresholds
TCGA-AF-6136,TCGA-AF-6136-01,Colorectal Cancer,Rectal Adenocarcinoma,,,0.4803,,,,,,,,110.0,READ,,Primary,,Matched,3.666666667,,coadread_tcga_pan_can_atlas_2018,MANTIS_MSISENSOR_THRESHOLD,MSS,MSS,Primary,Colorectal Cancer,Rectal Adenocarcinoma,0.4803,,27.0,0.3329,0.16,66.0,Yes,No,Christiana Healthcare,AF,Rectum,Rectal Adenocarcinoma,0.3329,0.16,cBioPortal PanCancer Atlas; MANTIS/MSIsensor thresholds
TCGA-AF-6655,TCGA-AF-6655-01,Colorectal Cancer,Rectal Adenocarcinoma,,,0.3195,,,,,,,,64.0,READ,,Primary,,Matched,2.166666667,,coadread_tcga_pan_can_atlas_2018,MANTIS_MSISENSOR_THRESHOLD,MSS,MSS,Primary,Colorectal Cancer,Rectal Adenocarcinoma,0.3195,,19.0,0.3465,0.16,31.0,Yes,No,Christiana Healthcare,AF,Rectum,Rectal Adenocarcinoma,0.3465,0.16,cBioPortal PanCancer Atlas; MANTIS/MSIsensor thresholds
TCGA-AF-6672,TCGA-AF-6672-01,Colorectal Cancer,Rectal Adenocarcinoma,,,0.5116,,,,,,,,76.0,READ,,Primary,,Matched,2.566666667,,coadread_tcga_pan_can_atlas_2018,MANTIS_MSISENSOR_THRESHOLD,MSS,MSS,Primary,Colorectal Cancer,Rectal Adenocarcinoma,0.5116,,21.0,0.3345,0.02,71.0,Yes,No,Christiana Healthcare,AF,Rectum,Rectal Adenocarcinoma,0.3345,0.02,cBioPortal PanCancer Atlas; MANTIS/MSIsensor thresholds
TCGA-AF-A56K,TCGA-AF-A56K-01,Colorectal Cancer,Rectal Adenocarcinoma,,,0.2761,,,,,,,,88.0,READ,,Primary,,Matched,2.933333333,,coadread_tcga_pan_can_atlas_2018,MANTIS_MSISENSOR_THRESHOLD,MSS,MSS,Primary,Colorectal Cancer,Rectal Adenocarcinoma,0.2761,,14.0,0.3197,0.29,46.0,No,Yes,Christiana Healthcare,AF,Rectum,Rectal Adenocarcinoma,0.3197,0.29,cBioPortal PanCancer Atlas; MANTIS/MSIsensor thresholds
TCGA-AF-A56L,TCGA-AF-A56L-01,Colorectal Cancer,Rectal Adenocarcinoma,,,0.1725,,,,,,,,116.0,READ,,Primary,,Matched,3.866666667,,coadread_tcga_pan_can_atlas_2018,MANTIS_MSISENSOR_THRESHOLD,MSS,MSS,Primary,Colorectal Cancer,Rectal Adenocarcinoma,0.1725,,20.0,0.3287,0.22,54.0,No,Yes,Christiana Healthcare,AF,Rectum,Rectal Adenocarcinoma,0.3287,0.22,cBioPortal PanCancer Atlas; MANTIS/MSIsensor thresholds
TCGA-AF-A56N,TCGA-AF-A56N-01,Colorectal Cancer,Rectal Adenocarcinoma,,,0.1391,,,,,,,,131.0,READ,,Primary,,Matched,4.3,,coadread_tcga_pan_can_atlas_2018,MANTIS_MSISENSOR_THRESHOLD,MSS,MSS,Primary,Colorectal Cancer,Rectal Adenocarcinoma,0.1391,,6.0,0.3275,0.54,30.0,Yes,No,Christiana Healthcare,AF,Rectum,Rectal Adenocarcinoma,0.3275,0.54,cBioPortal PanCancer Atlas; MANTIS/MSIsensor thresholds
TCGA-AG-3574,TCGA-AG-3574-01,Colorectal Cancer,Rectal Adenocarcinoma,,,0.2278,,,,,,,,11.0,READ,,Primary,,Matched,0.366666667,,coadread_tcga_pan_can_atlas_2018,MANTIS_MSISENSOR_THRESHOLD,MSS,MSS,Primary,Colorectal Cancer,Rectal Adenocarcinoma,0.2278,1.06666666667,10.0,0.3356,0.0,17.0,No,Yes,Christiana Healthcare,AG,Rectum,Rectal Adenocarcinoma,0.3356,0.0,cBioPortal PanCancer Atlas; MANTIS/MSIsensor thresholds
TCGA-AG-3575,TCGA-AG-3575-01,Colorectal Cancer,Rectal Adenocarcinoma,,,0.1788,,,,,,,,17.0,READ,,Primary,,Matched,0.566666667,,coadread_tcga_pan_can_atlas_2018,MANTIS_MSISENSOR_THRESHOLD,MSS,MSS,Primary,Colorectal Cancer,Rectal Adenocarcinoma,0.1788,1.36666666667,8.0,0.3841,0.0,22.0,No,Yes,Christiana Healthcare,AG,Rectum,Rectal Adenocarcinoma,0.3841,0.0,cBioPortal PanCancer Atlas; MANTIS/MSIsensor thresholds
TCGA-AG-3578,TCGA-AG-3578-01,Colorectal Cancer,Rectal Adenocarcinoma,,,0.4708,,,,,,,,,READ,,Primary,,Matched,,,coadread_tcga_pan_can_atlas_2018,MANTIS_MSISENSOR_THRESHOLD,MSS,MSS,Primary,Colorectal Cancer,Rectal Adenocarcinoma,0.4708,0.866666666667,17.0,,0.0,29.0,No,Yes,Christiana Healthcare,AG,Rectum,"Rectal Adenocarcinoma, Mucinous Type",,0.0,cBioPortal PanCancer Atlas; MANTIS/MSIsensor thresholds
TCGA-AG-3580,TCGA-AG-3580-01,Colorectal Cancer,Rectal Adenocarcinoma,,,0.0353,,,,,,,,15.0,READ,,Primary,,Matched,0.5,,coadread_tcga_pan_can_atlas_2018,MANTIS_MSISENSOR_THRESHOLD,MSS,MSS,Primary,Colorectal Cancer,Rectal Adenocarcinoma,0.0353,1.06666666667,2.0,0.3094,0.04,6.0,No,Yes,Christiana Healthcare,AG,Rectum,Rectal Adenocarcinoma,0.3094,0.04,cBioPortal PanCancer Atlas; MANTIS/MSIsensor thresholds
TCGA-AG-3581,TCGA-AG-3581-01,Colorectal Cancer,Rectal Adenocarcinoma,,,0.2427,,,,,,,,15.0,READ,,Primary,,Matched,0.533333333,,coadread_tcga_pan_can_atlas_2018,MANTIS_MSISENSOR_THRESHOLD,MSS,MSS,Primary,Colorectal Cancer,Rectal Adenocarcinoma,0.2427,1.2,12.0,0.3144,0.0,26.0,No,Yes,Christiana Healthcare,AG,Rectum,Rectal Adenocarcinoma,0.3144,0.0,cBioPortal PanCancer Atlas; MANTIS/MSIsensor thresholds
TCGA-AG-3582,TCGA-AG-3582-01,Colorectal Cancer,Rectal Adenocarcinoma,,,0.411,,,,,,,,,READ,,Primary,,Matched,,,coadread_tcga_pan_can_atlas_2018,MANTIS_MSISENSOR_THRESHOLD,MSS,MSS,Primary,Colorectal Cancer,Rectal Adenocarcinoma,0.411,0.966666666667,15.0,,0.04,107.0,No,Yes,Christiana Healthcare,AG,Rectum,Rectal Adenocarcinoma,,0.04,cBioPortal PanCancer Atlas; MANTIS/MSIsensor thresholds
TCGA-AG-3583,TCGA-AG-3583-01,Colorectal Cancer,Rectal Adenocarcinoma,,,0.2426,,,,,,,,21.0,READ,,Primary,,Matched,0.733333333,,coadread_tcga_pan_can_atlas_2018,MANTIS_MSISENSOR_THRESHOLD,MSS,MSS,Primary,Colorectal Cancer,Rectal Adenocarcinoma,0.2426,1.76666666667,11.0,0.3724,0.12,19.0,No,Yes,Christiana Healthcare,AG,Rectum,"Rectal Adenocarcinoma, Mucinous Type",0.3724,0.12,cBioPortal PanCancer Atlas; MANTIS/MSIsensor thresholds
TCGA-AG-3584,TCGA-AG-3584-01,Colorectal Cancer,Rectal Adenocarcinoma,,,0.4099,,,,,,,,20.0,READ,,Primary,,Matched,0.666666667,,coadread_tcga_pan_can_atlas_2018,MANTIS_MSISENSOR_THRESHOLD,MSS,MSS,Primary,Colorectal Cancer,Rectal Adenocarcinoma,0.4099,0.966666666667,13.0,0.3271,0.35,40.0,No,Yes,Christiana Healthcare,AG,Rectum,Rectal Adenocarcinoma,0.3271,0.35,cBioPortal PanCancer Atlas; MANTIS/MSIsensor thresholds
TCGA-AG-3586,TCGA-AG-3586-01,Colorectal Cancer,Rectal Adenocarcinoma,,,0.133,,,,,,,,,READ,,Primary,,Matched,,,coadread_tcga_pan_can_atlas_2018,MANTIS_MSISENSOR_THRESHOLD,MSS,MSS,Primary,Colorectal Cancer,Rectal Adenocarcinoma,0.133,1.63333333333,5.0,,0.15,160.0,No,Yes,Christiana Healthcare,AG,Rectum,Rectum Adenocarcinoma,,0.15,cBioPortal PanCancer Atlas; MANTIS/MSIsensor thresholds
TCGA-AG-3587,TCGA-AG-3587-01,Colorectal Cancer,Rectal Adenocarcinoma,,,0.3226,,,,,,,,,READ,,Primary,,Matched,,,coadread_tcga_pan_can_atlas_2018,MANTIS_MSISENSOR_THRESHOLD,MSS,MSS,Primary,Colorectal Cancer,Rectal Adenocarcinoma,0.3226,1.73333333333,22.0,,0.23,156.0,No,Yes,Christiana Healthcare,AG,Rectum,Rectal Adenocarcinoma,,0.23,cBioPortal PanCancer Atlas; MANTIS/MSIsensor thresholds
TCGA-AG-3591,TCGA-AG-3591-01,Colorectal Cancer,Rectal Adenocarcinoma,,,0.4369,,,,,,,,72.0,READ,,Primary,,Matched,2.4,,coadread_tcga_pan_can_atlas_2018,MANTIS_MSISENSOR_THRESHOLD,MSS,MSS,Primary,Colorectal Cancer,Rectal Adenocarcinoma,0.4369,,22.0,0.3455,0.09,109.0,No,Yes,Christiana Healthcare,AG,Rectum,Rectal Adenocarcinoma,0.3455,0.09,cBioPortal PanCancer Atlas; MANTIS/MSIsensor thresholds
TCGA-AG-3592,TCGA-AG-3592-01,Colorectal Cancer,Rectal Adenocarcinoma,,,0.4741,,,,,,,,249.0,READ,,Primary,,Matched,8.366666667,,coadread_tcga_pan_can_atlas_2018,MANTIS_MSISENSOR_THRESHOLD,MSS,MSS,Primary,Colorectal Cancer,Rectal Adenocarcinoma,0.4741,,26.0,0.3478,0.37,107.0,No,Yes,Christiana Healthcare,AG,Rectum,Rectal Adenocarcinoma,0.3478,0.37,cBioPortal PanCancer Atlas; MANTIS/MSIsensor thresholds
TCGA-AG-3593,TCGA-AG-3593-01,Colorectal Cancer,Rectal Adenocarcinoma,,,0.4804,,,,,,,,,READ,,Primary,,Matched,,,coadread_tcga_pan_can_atlas_2018,MANTIS_MSISENSOR_THRESHOLD,MSS,MSS,Primary,Colorectal Cancer,Rectal Adenocarcinoma,0.4804,2.0,25.0,,0.0,88.0,No,Yes,Christiana Healthcare,AG,Rectum,Rectal Adenocarcinoma,,0.0,cBioPortal PanCancer Atlas; MANTIS/MSIsensor thresholds
TCGA-AG-3594,TCGA-AG-3594-01,Colorectal Cancer,Rectal Adenocarcinoma,,,0.299,,,,,,,,12.0,READ,,Primary,,Matched,0.4,,coadread_tcga_pan_can_atlas_2018,MANTIS_MSISENSOR_THRESHOLD,MSS,MSS,Primary,Colorectal Cancer,Rectal Adenocarcinoma,0.299,1.1,9.0,0.3367,0.05,80.0,No,Yes,Christiana Healthcare,AG,Rectum,"Rectal Adenocarcinoma, Mucinous Type",0.3367,0.05,cBioPortal PanCancer Atlas; MANTIS/MSIsensor thresholds
TCGA-AG-3598,TCGA-AG-3598-01,Colorectal Cancer,Rectal Adenocarcinoma,,,0.1909,,,,,,,,22.0,READ,,Primary,,Matched,0.733333333,,coadread_tcga_pan_can_atlas_2018,MANTIS_MSISENSOR_THRESHOLD,MSS,MSS,Primary,Colorectal Cancer,Rectal Adenocarcinoma,0.1909,1.86666666667,7.0,0.3443,0.0,38.0,No,Yes,Christiana Healthcare,AG,Rectum,Rectal Adenocarcinoma,0.3443,0.0,cBioPortal PanCancer Atlas; MANTIS/MSIsensor thresholds
TCGA-AG-3599,TCGA-AG-3599-01,Colorectal Cancer,Rectal Adenocarcinoma,,,0.0382,,,,,,,,22.0,READ,,Primary,,Matched,0.733333333,,coadread_tcga_pan_can_atlas_2018,MANTIS_MSISENSOR_THRESHOLD,MSS,MSS,Primary,Colorectal Cancer,Rectal Adenocarcinoma,0.0382,1.76666666667,3.0,0.3477,0.39,22.0,No,Yes,Christiana Healthcare,AG,Rectum,Rectum Adenocarcinoma,0.3477,0.39,cBioPortal PanCancer Atlas; MANTIS/MSIsensor thresholds
TCGA-AG-3600,TCGA-AG-3600-01,Colorectal Cancer,Rectal Adenocarcinoma,,,0.6084,,,,,,,,,READ,,Primary,,Matched,,,coadread_tcga_pan_can_atlas_2018,MANTIS_MSISENSOR_THRESHOLD,MSS,MSS,Primary,Colorectal Cancer,Rectal Adenocarcinoma,0.6084,2.53333333333,18.0,,0.1,133.0,No,Yes,Christiana Healthcare,AG,Rectum,Rectal Adenocarcinoma,,0.1,cBioPortal PanCancer Atlas; MANTIS/MSIsensor thresholds
TCGA-AG-3601,TCGA-AG-3601-01,Colorectal Cancer,Rectal Adenocarcinoma,,,0.4585,,,,,,,,,READ,,Primary,,Matched,,,coadread_tcga_pan_can_atlas_2018,MANTIS_MSISENSOR_THRESHOLD,MSS,MSS,Primary,Colorectal Cancer,Rectal Adenocarcinoma,0.4585,2.6,19.0,,1.17,252.0,No,Yes,Christiana Healthcare,AG,Rectum,Rectal Adenocarcinoma,,1.17,cBioPortal PanCancer Atlas; MANTIS/MSIsensor thresholds
TCGA-AG-3602,TCGA-AG-3602-01,Colorectal Cancer,Rectal Adenocarcinoma,,,0.2499,,,,,,,,15.0,READ,,Primary,,Matched,0.5,,coadread_tcga_pan_can_atlas_2018,MANTIS_MSISENSOR_THRESHOLD,MSS,MSS,Primary,Colorectal Cancer,Rectal Adenocarcinoma,0.2499,1.2,12.0,0.341,0.0,22.0,No,Yes,Christiana Healthcare,AG,Rectum,Rectal Adenocarcinoma,0.341,0.0,cBioPortal PanCancer Atlas; MANTIS/MSIsensor thresholds
TCGA-AG-3605,TCGA-AG-3605-01,Colorectal Cancer,Rectal Adenocarcinoma,,,0.1912,,,,,,,,9.0,READ,,Primary,,Matched,0.3,,coadread_tcga_pan_can_atlas_2018,MANTIS_MSISENSOR_THRESHOLD,MSS,MSS,Primary,Colorectal Cancer,Rectal Adenocarcinoma,0.1912,1.53333333333,9.0,0.33,0.24,49.0,No,Yes,Christiana Healthcare,AG,Rectum,Rectal Adenocarcinoma,0.33,0.24,cBioPortal PanCancer Atlas; MANTIS/MSIsensor thresholds
TCGA-AG-3608,TCGA-AG-3608-01,Colorectal Cancer,Rectal Adenocarcinoma,,,0.1306,,,,,,,,,READ,,Primary,,Matched,,,coadread_tcga_pan_can_atlas_2018,MANTIS_MSISENSOR_THRESHOLD,MSS,MSS,Primary,Colorectal Cancer,Rectal Adenocarcinoma,0.1306,1.5,7.0,,0.3,17.0,No,Yes,Christiana Healthcare,AG,Rectum,Rectal Adenocarcinoma,,0.3,cBioPortal PanCancer Atlas; MANTIS/MSIsensor thresholds
TCGA-AG-3609,TCGA-AG-3609-01,Colorectal Cancer,Rectal Adenocarcinoma,,,0.7741,,,,,,,,,READ,,Primary,,Matched,,,coadread_tcga_pan_can_atlas_2018,MANTIS_MSISENSOR_THRESHOLD,MSS,MSS,Primary,Colorectal Cancer,Rectal Adenocarcinoma,0.7741,2.23333333333,24.0,,0.03,194.0,No,Yes,Christiana Healthcare,AG,Rectum,Rectal Adenocarcinoma,,0.03,cBioPortal PanCancer Atlas; MANTIS/MSIsensor thresholds
TCGA-AG-3725,TCGA-AG-3725-01,Colorectal Cancer,Rectal Adenocarcinoma,,,0.4077,,,,,,,,90.0,READ,,Primary,,Matched,3.033333333,,coadread_tcga_pan_can_atlas_2018,MANTIS_MSISENSOR_THRESHOLD,MSS,MSS,Primary,Colorectal Cancer,Rectal Adenocarcinoma,0.4077,,21.0,0.3507,1.05,33.0,No,Yes,Christiana Healthcare,AG,Rectum,Rectal Adenocarcinoma,0.3507,1.05,cBioPortal PanCancer Atlas; MANTIS/MSIsensor thresholds
TCGA-AG-3726,TCGA-AG-3726-01,Colorectal Cancer,Rectal Adenocarcinoma,,,0.2224,,,,,,,,143.0,READ,,Primary,,Matched,4.766666667,,coadread_tcga_pan_can_atlas_2018,MANTIS_MSISENSOR_THRESHOLD,MSS,MSS,Primary,Colorectal Cancer,Rectal Adenocarcinoma,0.2224,4.26666666667,8.0,0.293,0.97,97.0,No,Yes,Christiana Healthcare,AG,Rectum,Rectal Adenocarcinoma,0.293,0.97,cBioPortal PanCancer Atlas; MANTIS/MSIsensor thresholds
TCGA-AG-3727,TCGA-AG-3727-01,Colorectal Cancer,Rectal Adenocarcinoma,,,0.1934,,,,,,,,84.0,READ,,Primary,,Matched,2.833333333,,coadread_tcga_pan_can_atlas_2018,MANTIS_MSISENSOR_THRESHOLD,MSS,MSS,Primary,Colorectal Cancer,Rectal Adenocarcinoma,0.1934,2.4,6.0,0.2939,1.55,50.0,No,Yes,Christiana Healthcare,AG,Rectum,Rectal Adenocarcinoma,0.2939,1.55,cBioPortal PanCancer Atlas; MANTIS/MSIsensor thresholds
TCGA-AG-3728,TCGA-AG-3728-01,Colorectal Cancer,Rectal Adenocarcinoma,,,0.4891,,,,,,,,,READ,,Primary,,Matched,,,coadread_tcga_pan_can_atlas_2018,MANTIS_MSISENSOR_THRESHOLD,MSS,MSS,Primary,Colorectal Cancer,Rectal Adenocarcinoma,0.4891,,20.0,0.3413,0.43,68.0,No,Yes,Christiana Healthcare,AG,Rectum,Rectal Adenocarcinoma,0.3413,0.43,cBioPortal PanCancer Atlas; MANTIS/MSIsensor thresholds
TCGA-AG-3731,TCGA-AG-3731-01,Colorectal Cancer,Rectal Adenocarcinoma,,,0.1624,,,,,,,,134.0,READ,,Primary,,Matched,4.533333333,,coadread_tcga_pan_can_atlas_2018,MANTIS_MSISENSOR_THRESHOLD,MSS,MSS,Primary,Colorectal Cancer,Rectal Adenocarcinoma,0.1624,,15.0,0.3516,0.01,232.0,No,Yes,Christiana Healthcare,AG,Rectum,Rectal Adenocarcinoma,0.3516,0.01,cBioPortal PanCancer Atlas; MANTIS/MSIsensor thresholds
TCGA-AG-3732,TCGA-AG-3732-01,Colorectal Cancer,Rectal Adenocarcinoma,,,0.3005,,,,,,,,78.0,READ,,Primary,,Matched,2.6,,coadread_tcga_pan_can_atlas_2018,MANTIS_MSISENSOR_THRESHOLD,MSS,MSS,Primary,Colorectal Cancer,Rectal Adenocarcinoma,0.3005,,13.0,0.3066,0.34,60.0,No,Yes,Christiana Healthcare,AG,Rectum,Rectal Adenocarcinoma,0.3066,0.34,cBioPortal PanCancer Atlas; MANTIS/MSIsensor thresholds
TCGA-AG-3742,TCGA-AG-3742-01,Colorectal Cancer,Rectal Adenocarcinoma,,,0.273,,,,,,,,138.0,READ,,Primary,,Matched,4.566666667,,coadread_tcga_pan_can_atlas_2018,MANTIS_MSISENSOR_THRESHOLD,MSS,MSS,Primary,Colorectal Cancer,Rectal Adenocarcinoma,0.273,,10.0,0.3199,0.24,63.0,No,Yes,Christiana Healthcare,AG,Rectum,Rectal Adenocarcinoma,0.3199,0.24,cBioPortal PanCancer Atlas; MANTIS/MSIsensor thresholds
TCGA-AG-3878,TCGA-AG-3878-01,Colorectal Cancer,Rectal Adenocarcinoma,,,0.0,,,,,,,,97.0,READ,,Primary,,Matched,3.233333333,,coadread_tcga_pan_can_atlas_2018,MANTIS_MSISENSOR_THRESHOLD,MSS,MSS,Primary,Colorectal Cancer,Rectal Adenocarcinoma,0.0,2.46666666667,8.0,0.2791,0.06,1.0,No,Yes,Christiana Healthcare,AG,Rectum,Rectal Adenocarcinoma,0.2791,0.06,cBioPortal PanCancer Atlas; MANTIS/MSIsensor thresholds
TCGA-AG-3881,TCGA-AG-3881-01,Colorectal Cancer,Rectal Adenocarcinoma,,,0.3911,,,,,,,,110.0,READ,,Primary,,Matched,3.7,,coadread_tcga_pan_can_atlas_2018,MANTIS_MSISENSOR_THRESHOLD,MSS,MSS,Primary,Colorectal Cancer,Rectal Adenocarcinoma,0.3911,2.56666666667,20.0,0.2842,0.79,96.0,No,Yes,Christiana Healthcare,AG,Rectum,Rectum Adenocarcinoma,0.2842,0.79,cBioPortal PanCancer Atlas; MANTIS/MSIsensor thresholds
TCGA-AG-3882,TCGA-AG-3882-01,Colorectal Cancer,Rectal Adenocarcinoma,,,0.386,,,,,,,,76.0,READ,,Primary,,Matched,2.6,,coadread_tcga_pan_can_atlas_2018,MANTIS_MSISENSOR_THRESHOLD,MSS,MSS,Primary,Colorectal Cancer,Rectal Adenocarcinoma,0.386,1.8,15.0,0.2963,0.5,117.0,No,Yes,Christiana Healthcare,AG,Rectum,Rectal Adenocarcinoma,0.2963,0.5,cBioPortal PanCancer Atlas; MANTIS/MSIsensor thresholds
TCGA-AG-3883,TCGA-AG-3883-01,Colorectal Cancer,Rectal Adenocarcinoma,,,0.47,,,,,,,,114.0,READ,,Primary,,Matched,3.866666667,,coadread_tcga_pan_can_atlas_2018,MANTIS_MSISENSOR_THRESHOLD,MSS,MSS,Primary,Colorectal Cancer,Rectal Adenocarcinoma,0.47,3.2,17.0,0.2889,0.29,218.0,No,Yes,Christiana Healthcare,AG,Rectum,Rectal Adenocarcinoma,0.2889,0.29,cBioPortal PanCancer Atlas; MANTIS/MSIsensor thresholds
TCGA-AG-3885,TCGA-AG-3885-01,Colorectal Cancer,Rectal Adenocarcinoma,,,0.3742,,,,,,,,89.0,READ,,Primary,,Matched,2.966666667,,coadread_tcga_pan_can_atlas_2018,MANTIS_MSISENSOR_THRESHOLD,MSS,MSS,Primary,Colorectal Cancer,Rectal Adenocarcinoma,0.3742,,16.0,0.3285,0.66,61.0,No,Yes,Christiana Healthcare,AG,Rectum,Rectal Adenocarcinoma,0.3285,0.66,cBioPortal PanCancer Atlas; MANTIS/MSIsensor thresholds
TCGA-AG-3887,TCGA-AG-3887-01,Colorectal Cancer,Rectal Adenocarcinoma,,,0.1855,,,,,,,,66.0,READ,,Primary,,Matched,2.233333333,,coadread_tcga_pan_can_atlas_2018,MANTIS_MSISENSOR_THRESHOLD,MSS,MSS,Primary,Colorectal Cancer,Rectal Adenocarcinoma,0.1855,2.03333333333,9.0,0.2587,0.34,11.0,No,Yes,Christiana Healthcare,AG,Rectum,"Rectal Adenocarcinoma, Mucinous Type",0.2587,0.34,cBioPortal PanCancer Atlas; MANTIS/MSIsensor thresholds
TCGA-AG-3890,TCGA-AG-3890-01,Colorectal Cancer,Rectal Adenocarcinoma,,,0.2781,,,,,,,,96.0,READ,,Primary,,Matched,3.133333333,,coadread_tcga_pan_can_atlas_2018,MANTIS_MSISENSOR_THRESHOLD,MSS,MSS,Primary,Colorectal Cancer,Rectal Adenocarcinoma,0.2781,2.0,10.0,0.2774,0.59,114.0,No,Yes,Christiana Healthcare,AG,Rectum,Rectal Adenocarcinoma,0.2774,0.59,cBioPortal PanCancer Atlas; MANTIS/MSIsensor thresholds
TCGA-AG-3893,TCGA-AG-3893-01,Colorectal Cancer,Rectal Adenocarcinoma,,,0.2903,,,,,,,,116.0,READ,,Primary,,Matched,3.9,,coadread_tcga_pan_can_atlas_2018,MANTIS_MSISENSOR_THRESHOLD,MSS,MSS,Primary,Colorectal Cancer,Rectal Adenocarcinoma,0.2903,2.9,10.0,0.2849,0.56,87.0,No,Yes,Christiana Healthcare,AG,Rectum,Rectal Adenocarcinoma,0.2849,0.56,cBioPortal PanCancer Atlas; MANTIS/MSIsensor thresholds
TCGA-AG-3894,TCGA-AG-3894-01,Colorectal Cancer,Rectal Adenocarcinoma,,,0.0548,,,,,,,,89.0,READ,,Primary,,Matched,3.066666667,,coadread_tcga_pan_can_atlas_2018,MANTIS_MSISENSOR_THRESHOLD,MSS,MSS,Primary,Colorectal Cancer,Rectal Adenocarcinoma,0.0548,2.56666666667,3.0,0.2675,0.09,18.0,No,Yes,Christiana Healthcare,AG,Rectum,Rectal Adenocarcinoma,0.2675,0.09,cBioPortal PanCancer Atlas; MANTIS/MSIsensor thresholds
TCGA-AG-3896,TCGA-AG-3896-01,Colorectal Cancer,Rectal Adenocarcinoma,,,0.1588,,,,,,,,110.0,READ,,Primary,,Matched,3.666666667,,coadread_tcga_pan_can_atlas_2018,MANTIS_MSISENSOR_THRESHOLD,MSS,MSS,Primary,Colorectal Cancer,Rectal Adenocarcinoma,0.1588,2.66666666667,20.0,0.2715,0.68,66.0,No,Yes,Christiana Healthcare,AG,Rectum,Rectal Adenocarcinoma,0.2715,0.68,cBioPortal PanCancer Atlas; MANTIS/MSIsensor thresholds
TCGA-AG-3898,TCGA-AG-3898-01,Colorectal Cancer,Rectal Adenocarcinoma,,,0.3854,,,,,,,,100.0,READ,,Primary,,Matched,3.333333333,,coadread_tcga_pan_can_atlas_2018,MANTIS_MSISENSOR_THRESHOLD,MSS,MSS,Primary,Colorectal Cancer,Rectal Adenocarcinoma,0.3854,2.63333333333,17.0,0.2685,0.24,103.0,No,Yes,Christiana Healthcare,AG,Rectum,Rectal Adenocarcinoma,0.2685,0.24,cBioPortal PanCancer Atlas; MANTIS/MSIsensor thresholds
TCGA-AG-3901,TCGA-AG-3901-01,Colorectal Cancer,Rectal Adenocarcinoma,,,0.0817,,,,,,,,57.0,READ,,Primary,,Matched,1.9,,coadread_tcga_pan_can_atlas_2018,MANTIS_MSISENSOR_THRESHOLD,MSS,MSS,Primary,Colorectal Cancer,Rectal Adenocarcinoma,0.0817,1.56666666667,3.0,0.2547,0.03,8.0,No,Yes,Christiana Healthcare,AG,Rectum,"Rectal Adenocarcinoma, Mucinous Type",0.2547,0.03,cBioPortal PanCancer Atlas; MANTIS/MSIsensor thresholds
TCGA-AG-3902,TCGA-AG-3902-01,Colorectal Cancer,Rectal Adenocarcinoma,,,0.2552,,,,,,,,119.0,READ,,Primary,,Matched,3.966666667,,coadread_tcga_pan_can_atlas_2018,MANTIS_MSISENSOR_THRESHOLD,MSS,MSS,Primary,Colorectal Cancer,Rectal Adenocarcinoma,0.2552,3.4,12.0,0.2705,0.24,51.0,No,Yes,Christiana Healthcare,AG,Rectum,Rectal Adenocarcinoma,0.2705,0.24,cBioPortal PanCancer Atlas; MANTIS/MSIsensor thresholds
TCGA-AG-3909,TCGA-AG-3909-01,Colorectal Cancer,Rectal Adenocarcinoma,,,0.3082,,,,,,,,71.0,READ,,Primary,,Matched,2.4,,coadread_tcga_pan_can_atlas_2018,MANTIS_MSISENSOR_THRESHOLD,MSS,MSS,Primary,Colorectal Cancer,Rectal Adenocarcinoma,0.3082,2.43333333333,20.0,0.2612,0.72,33.0,No,Yes,Indivumed,AG,Rectum,Rectal Adenocarcinoma,0.2612,0.72,cBioPortal PanCancer Atlas; MANTIS/MSIsensor thresholds
TCGA-AG-3999,TCGA-AG-3999-01,Colorectal Cancer,Rectal Adenocarcinoma,,,0.5863,,,,,,,,,READ,,Primary,,Matched,,,coadread_tcga_pan_can_atlas_2018,MANTIS_MSISENSOR_THRESHOLD,MSS,MSS,Primary,Colorectal Cancer,Rectal Adenocarcinoma,0.5863,2.83333333333,15.0,0.3504,8.8,141.0,No,Yes,Indivumed,AG,Rectum,Rectal Adenocarcinoma,0.3504,8.8,cBioPortal PanCancer Atlas; MANTIS/MSIsensor thresholds
TCGA-AG-4001,TCGA-AG-4001-01,Colorectal Cancer,Rectal Adenocarcinoma,,,0.2458,,,,,,,,102.0,READ,,Primary,,Matched,3.366666667,,coadread_tcga_pan_can_atlas_2018,MANTIS_MSISENSOR_THRESHOLD,MSS,MSS,Primary,Colorectal Cancer,Rectal Adenocarcinoma,0.2458,3.0,21.0,0.2809,5.69,131.0,No,Yes,Indivumed,AG,Rectum,Rectal Adenocarcinoma,0.2809,5.69,cBioPortal PanCancer Atlas; MANTIS/MSIsensor thresholds
TCGA-AG-4005,TCGA-AG-4005-01,Colorectal Cancer,Rectal Adenocarcinoma,,,0.4102,,,,,,,,,READ,,Primary,,Matched,,,coadread_tcga_pan_can_atlas_2018,MANTIS_MSISENSOR_THRESHOLD,MSS,MSS,Primary,Colorectal Cancer,Rectal Adenocarcinoma,0.4102,2.76666666667,16.0,0.3323,7.84,106.0,No,Yes,Indivumed,AG,Rectum,Rectal Adenocarcinoma,0.3323,7.84,cBioPortal PanCancer Atlas; MANTIS/MSIsensor thresholds
TCGA-AG-4007,TCGA-AG-4007-01,Colorectal Cancer,Rectal Adenocarcinoma,,,0.2265,,,,,,,,,READ,,Primary,,Matched,,,coadread_tcga_pan_can_atlas_2018,MANTIS_MSISENSOR_THRESHOLD,MSS,MSS,Primary,Colorectal Cancer,Rectal Adenocarcinoma,0.2265,4.26666666667,25.0,0.3394,6.54,122.0,No,Yes,Indivumed,AG,Rectum,Rectal Adenocarcinoma,0.3394,6.54,cBioPortal PanCancer Atlas; MANTIS/MSIsensor thresholds
TCGA-AG-4008,TCGA-AG-4008-01,Colorectal Cancer,Rectal Adenocarcinoma,,,0.2393,,,,,,,,85.0,READ,,Primary,,Matched,2.8,,coadread_tcga_pan_can_atlas_2018,MANTIS_MSISENSOR_THRESHOLD,MSS,MSS,Primary,Colorectal Cancer,Rectal Adenocarcinoma,0.2393,2.13333333333,14.0,0.2652,0.37,73.0,No,Yes,Indivumed,AG,Rectum,Rectal Adenocarcinoma,0.2652,0.37,cBioPortal PanCancer Atlas; MANTIS/MSIsensor thresholds
TCGA-AG-4015,TCGA-AG-4015-01,Colorectal Cancer,Rectal Adenocarcinoma,,,0.5071,,,,,,,,88.0,READ,,Primary,,Matched,2.933333333,,coadread_tcga_pan_can_atlas_2018,MANTIS_MSISENSOR_THRESHOLD,MSS,MSS,Primary,Colorectal Cancer,Rectal Adenocarcinoma,0.5071,2.8,21.0,0.2981,0.7,241.0,No,Yes,Indivumed,AG,Rectum,Rectal Adenocarcinoma,0.2981,0.7,cBioPortal PanCancer Atlas; MANTIS/MSIsensor thresholds
TCGA-AG-4021,TCGA-AG-4021-01,Colorectal Cancer,Rectal Adenocarcinoma,,,0.2814,,,,,,,,134.0,READ,,Primary,,Matched,4.5,,coadread_tcga_pan_can_atlas_2018,MANTIS_MSISENSOR_THRESHOLD,MSS,MSS,Primary,Colorectal Cancer,Rectal Adenocarcinoma,0.2814,,11.0,0.346,0.21,73.0,No,Yes,Indivumed,AG,Rectum,Rectal Adenocarcinoma,0.346,0.21,cBioPortal PanCancer Atlas; MANTIS/MSIsensor thresholds
TCGA-AG-4022,TCGA-AG-4022-01,Colorectal Cancer,Rectal Adenocarcinoma,,,0.1848,,,,,,,,84.0,READ,,Primary,,Matched,2.8,,coadread_tcga_pan_can_atlas_2018,MANTIS_MSISENSOR_THRESHOLD,MSS,MSS,Primary,Colorectal Cancer,Rectal Adenocarcinoma,0.1848,,31.0,0.3436,0.25,23.0,No,Yes,Indivumed,AG,Rectum,Rectal Adenocarcinoma,0.3436,0.25,cBioPortal PanCancer Atlas; MANTIS/MSIsensor thresholds
TCGA-AG-A002,TCGA-AG-A002-01,Colorectal Cancer,Rectal Adenocarcinoma,,,0.0005,,,,,,,,11414.0,READ,,Primary,,Matched,382.6333333,,coadread_tcga_pan_can_atlas_2018,MANTIS_MSISENSOR_THRESHOLD,MSS,MSS,Primary,Colorectal Cancer,Rectal Adenocarcinoma,0.0005,330.733333333,0.0,0.3178,0.46,9.0,No,Yes,Indivumed,AG,Rectum,Rectal Adenocarcinoma,0.3178,0.46,cBioPortal PanCancer Atlas; MANTIS/MSIsensor thresholds
TCGA-AG-A008,TCGA-AG-A008-01,Colorectal Cancer,Rectal Adenocarcinoma,,,0.726,,,,,,,,66.0,READ,,Primary,,Matched,2.2,,coadread_tcga_pan_can_atlas_2018,MANTIS_MSISENSOR_THRESHOLD,MSI-H,MSI-H,Primary,Colorectal Cancer,Rectal Adenocarcinoma,0.726,1.3,17.0,0.6176,27.36,16.0,No,Yes,Indivumed,AG,Rectum,"Rectal Adenocarcinoma, Mucinous Type",0.6176,27.36,cBioPortal PanCancer Atlas; MANTIS/MSIsensor thresholds
TCGA-AG-A00Y,TCGA-AG-A00Y-01,Colorectal Cancer,Rectal Adenocarcinoma,,,0.2973,,,,,,,,326.0,READ,,Primary,,Matched,10.96666667,,coadread_tcga_pan_can_atlas_2018,MANTIS_MSISENSOR_THRESHOLD,MSS,MSS,Primary,Colorectal Cancer,Rectal Adenocarcinoma,0.2973,6.5,8.0,0.2637,0.85,182.0,No,Yes,Indivumed,AG,Rectum,Rectal Adenocarcinoma,0.2637,0.85,cBioPortal PanCancer Atlas; MANTIS/MSIsensor thresholds
TCGA-AG-A011,TCGA-AG-A011-01,Colorectal Cancer,Rectal Adenocarcinoma,,,0.3248,,,,,,,,101.0,READ,,Primary,,Matched,3.366666667,,coadread_tcga_pan_can_atlas_2018,MANTIS_MSISENSOR_THRESHOLD,MSS,MSS,Primary,Colorectal Cancer,Rectal Adenocarcinoma,0.3248,3.0,12.0,0.2669,0.0,122.0,No,Yes,Indivumed,AG,Rectum,Rectal Adenocarcinoma,0.2669,0.0,cBioPortal PanCancer Atlas; MANTIS/MSIsensor thresholds
TCGA-AG-A016,TCGA-AG-A016-01,Colorectal Cancer,Rectal Adenocarcinoma,,,0.7687,,,,,,,,74.0,READ,,Primary,,Matched,2.5,,coadread_tcga_pan_can_atlas_2018,MANTIS_MSISENSOR_THRESHOLD,MSS,MSS,Primary,Colorectal Cancer,Rectal Adenocarcinoma,0.7687,1.26666666667,12.0,0.282,28.84,55.0,No,Yes,Indivumed,AG,Rectum,Rectal Adenocarcinoma,0.282,28.84,cBioPortal PanCancer Atlas; MANTIS/MSIsensor thresholds
TCGA-AG-A01J,TCGA-AG-A01J-01,Colorectal Cancer,Rectal Adenocarcinoma,,,0.1856,,,,,,,,89.0,READ,,Primary,,Matched,3.033333333,,coadread_tcga_pan_can_atlas_2018,MANTIS_MSISENSOR_THRESHOLD,MSS,MSS,Primary,Colorectal Cancer,Rectal Adenocarcinoma,0.1856,,9.0,0.2531,0.36,19.0,No,Yes,Indivumed,AG,Rectum,Rectal Adenocarcinoma,0.2531,0.36,cBioPortal PanCancer Atlas; MANTIS/MSIsensor thresholds
TCGA-AG-A01L,TCGA-AG-A01L-01,Colorectal Cancer,Rectal Adenocarcinoma,,,0.3084,,,,,,,,61.0,READ,,Primary,,Matched,2.033333333,,coadread_tcga_pan_can_atlas_2018,MANTIS_MSISENSOR_THRESHOLD,MSS,MSS,Primary,Colorectal Cancer,Rectal Adenocarcinoma,0.3084,2.0,21.0,0.2594,0.09,45.0,No,Yes,Indivumed,AG,Rectum,Rectal Adenocarcinoma,0.2594,0.09,cBioPortal PanCancer Atlas; MANTIS/MSIsensor thresholds
TCGA-AG-A01N,TCGA-AG-A01N-01,Colorectal Cancer,Rectal Adenocarcinoma,,,0.329,,,,,,,,101.0,READ,,Primary,,Matched,3.433333333,,coadread_tcga_pan_can_atlas_2018,MANTIS_MSISENSOR_THRESHOLD,MSS,MSS,Primary,Colorectal Cancer,Rectal Adenocarcinoma,0.329,,26.0,0.2832,0.75,43.0,No,Yes,Indivumed,AG,Rectum,Rectal Adenocarcinoma,0.2832,0.75,cBioPortal PanCancer Atlas; MANTIS/MSIsensor thresholds
TCGA-AG-A01W,TCGA-AG-A01W-01,Colorectal Cancer,Rectal Adenocarcinoma,,,0.5073,,,,,,,,128.0,READ,,Primary,,Matched,4.3,,coadread_tcga_pan_can_atlas_2018,MANTIS_MSISENSOR_THRESHOLD,MSS,MSS,Primary,Colorectal Cancer,Rectal Adenocarcinoma,0.5073,3.26666666667,15.0,0.2895,0.37,138.0,No,Yes,Indivumed,AG,Rectum,Rectal Adenocarcinoma,0.2895,0.37,cBioPortal PanCancer Atlas; MANTIS/MSIsensor thresholds
TCGA-AG-A01Y,TCGA-AG-A01Y-01,Colorectal Cancer,Rectal Adenocarcinoma,,,0.3297,,,,,,,,78.0,READ,,Primary,,Matched,2.566666667,,coadread_tcga_pan_can_atlas_2018,MANTIS_MSISENSOR_THRESHOLD,MSS,MSS,Primary,Colorectal Cancer,Rectal Adenocarcinoma,0.3297,2.26666666667,11.0,0.3053,0.97,89.0,No,Yes,Indivumed,AG,Rectum,Rectal Adenocarcinoma,0.3053,0.97,cBioPortal PanCancer Atlas; MANTIS/MSIsensor thresholds
TCGA-AG-A020,TCGA-AG-A020-01,Colorectal Cancer,Rectal Adenocarcinoma,,,0.1809,,,,,,,,82.0,READ,,Primary,,Matched,2.733333333,,coadread_tcga_pan_can_atlas_2018,MANTIS_MSISENSOR_THRESHOLD,MSS,MSS,Primary,Colorectal Cancer,Rectal Adenocarcinoma,0.1809,2.03333333333,8.0,0.3111,0.39,62.0,No,Yes,Indivumed,AG,Rectum,"Rectal Adenocarcinoma, Mucinous Type",0.3111,0.39,cBioPortal PanCancer Atlas; MANTIS/MSIsensor thresholds
TCGA-AG-A025,TCGA-AG-A025-01,Colorectal Cancer,Rectal Adenocarcinoma,,,0.0333,,,,,,,,,READ,,Primary,,Matched,,,coadread_tcga_pan_can_atlas_2018,MANTIS_MSISENSOR_THRESHOLD,MSS,MSS,Primary,Colorectal Cancer,Rectal Adenocarcinoma,0.0333,2.36666666667,1.0,0.2593,0.66,4.0,No,Yes,Indivumed,AG,Rectum,Rectal Adenocarcinoma,0.2593,0.66,cBioPortal PanCancer Atlas; MANTIS/MSIsensor thresholds
TCGA-AG-A026,TCGA-AG-A026-01,Colorectal Cancer,Rectal Adenocarcinoma,,,0.4292,,,,,,,,202.0,READ,,Primary,,Matched,6.766666667,,coadread_tcga_pan_can_atlas_2018,MANTIS_MSISENSOR_THRESHOLD,MSS,MSS,Primary,Colorectal Cancer,Rectal Adenocarcinoma,0.4292,5.7,19.0,0.3214,1.92,130.0,No,Yes,Indivumed,AG,Rectum,Rectal Adenocarcinoma,0.3214,1.92,cBioPortal PanCancer Atlas; MANTIS/MSIsensor thresholds
TCGA-AG-A02G,TCGA-AG-A02G-01,Colorectal Cancer,Rectal Adenocarcinoma,,,0.4973,,,,,,,,,READ,,Primary,,Matched,,,coadread_tcga_pan_can_atlas_2018,MANTIS_MSISENSOR_THRESHOLD,MSS,MSS,Primary,Colorectal Cancer,Rectal Adenocarcinoma,0.4973,1.5,19.0,0.2752,1.51,78.0,No,Yes,Indivumed,AG,Rectum,Rectal Adenocarcinoma,0.2752,1.51,cBioPortal PanCancer Atlas; MANTIS/MSIsensor thresholds
TCGA-AG-A02N,TCGA-AG-A02N-01,Colorectal Cancer,Rectal Adenocarcinoma,,,0.098,,,,,,,,1079.0,READ,,Primary,,Matched,36.3,,coadread_tcga_pan_can_atlas_2018,MANTIS_MSISENSOR_THRESHOLD,MSI-H,MSI-H,Primary,Colorectal Cancer,Rectal Adenocarcinoma,0.098,30.0,4.0,1.2673,39.69,32.0,No,Yes,Indivumed,AG,Rectum,Rectal Adenocarcinoma,1.2673,39.69,cBioPortal PanCancer Atlas; MANTIS/MSIsensor thresholds
TCGA-AG-A02X,TCGA-AG-A02X-01,Colorectal Cancer,Rectal Adenocarcinoma,,,0.9653,,,,,,,,126.0,READ,,Primary,,Matched,4.133333333,,coadread_tcga_pan_can_atlas_2018,MANTIS_MSISENSOR_THRESHOLD,MSS,MSS,Primary,Colorectal Cancer,Rectal Adenocarcinoma,0.9653,3.6,18.0,0.2853,1.74,96.0,No,Yes,Indivumed,AG,Rectum,Rectal Adenocarcinoma,0.2853,1.74,cBioPortal PanCancer Atlas; MANTIS/MSIsensor thresholds
TCGA-AG-A032,TCGA-AG-A032-01,Colorectal Cancer,Rectal Adenocarcinoma,,,0.4336,,,,,,,,77.0,READ,,Primary,,Matched,2.533333333,,coadread_tcga_pan_can_atlas_2018,MANTIS_MSISENSOR_THRESHOLD,MSS,MSS,Primary,Colorectal Cancer,Rectal Adenocarcinoma,0.4336,2.26666666667,24.0,0.2539,0.57,59.0,No,Yes,Indivumed,AG,Rectum,Rectal Adenocarcinoma,0.2539,0.57,cBioPortal PanCancer Atlas; MANTIS/MSIsensor thresholds
TCGA-AH-6544,TCGA-AH-6544-01,Colorectal Cancer,Rectal Adenocarcinoma,,,0.4187,,,,,,,,132.0,READ,,Primary,,Matched,4.366666667,,coadread_tcga_pan_can_atlas_2018,MANTIS_MSISENSOR_THRESHOLD,MSS,MSS,Primary,Colorectal Cancer,Rectal Adenocarcinoma,0.4187,,18.0,0.3308,0.07,69.0,No,Yes,Indivumed,AH,Rectum,Rectal Adenocarcinoma,0.3308,0.07,cBioPortal PanCancer Atlas; MANTIS/MSIsensor thresholds
TCGA-AH-6547,TCGA-AH-6547-01,Colorectal Cancer,Rectal Adenocarcinoma,,,0.0,,,,,,,,12.0,READ,,Primary,,Matched,0.4,,coadread_tcga_pan_can_atlas_2018,MANTIS_MSISENSOR_THRESHOLD,MSS,MSS,Primary,Colorectal Cancer,Rectal Adenocarcinoma,0.0,,2.0,0.3524,0.0,2.0,No,Yes,Indivumed,AH,Rectum,Rectal Adenocarcinoma,0.3524,0.0,cBioPortal PanCancer Atlas; MANTIS/MSIsensor thresholds
TCGA-AH-6643,TCGA-AH-6643-01,Colorectal Cancer,Rectal Adenocarcinoma,,,0.4515,,,,,,,,99.0,READ,,Primary,,Matched,3.333333333,,coadread_tcga_pan_can_atlas_2018,MANTIS_MSISENSOR_THRESHOLD,MSS,MSS,Primary,Colorectal Cancer,Rectal Adenocarcinoma,0.4515,,19.0,0.3494,0.57,76.0,No,Yes,Indivumed,AH,Rectum,Rectal Adenocarcinoma,0.3494,0.57,cBioPortal PanCancer Atlas; MANTIS/MSIsensor thresholds
TCGA-AH-6644,TCGA-AH-6644-01,Colorectal Cancer,Rectal Adenocarcinoma,,,0.3061,,,,,,,,103.0,READ,,Primary,,Matched,3.5,,coadread_tcga_pan_can_atlas_2018,MANTIS_MSISENSOR_THRESHOLD,MSS,MSS,Primary,Colorectal Cancer,Rectal Adenocarcinoma,0.3061,,31.0,0.3448,0.17,23.0,No,Yes,Indivumed,AH,Rectum,Rectal Adenocarcinoma,0.3448,0.17,cBioPortal PanCancer Atlas; MANTIS/MSIsensor thresholds
TCGA-AH-6897,TCGA-AH-6897-01,Colorectal Cancer,Rectal Adenocarcinoma,,,0.3045,,,,,,,,97.0,READ,,Primary,,Matched,3.333333333,,coadread_tcga_pan_can_atlas_2018,MANTIS_MSISENSOR_THRESHOLD,MSS,MSS,Primary,Colorectal Cancer,Rectal Adenocarcinoma,0.3045,,13.0,0.344,0.22,60.0,No,Yes,Indivumed,AH,Rectum,Rectal Adenocarcinoma,0.344,0.22,cBioPortal PanCancer Atlas; MANTIS/MSIsensor thresholds
TCGA-AH-6903,TCGA-AH-6903-01,Colorectal Cancer,Rectal Adenocarcinoma,,,0.0329,,,,,,,,68.0,READ,,Primary,,Matched,2.3,,coadread_tcga_pan_can_atlas_2018,MANTIS_MSISENSOR_THRESHOLD,MSS,MSS,Primary,Colorectal Cancer,Rectal Adenocarcinoma,0.0329,,2.0,0.3374,0.01,18.0,Yes,No,Indivumed,AH,Rectum,"Rectal Adenocarcinoma, Mucinous Type",0.3374,0.01,cBioPortal PanCancer Atlas; MANTIS/MSIsensor thresholds
TCGA-AM-5820,TCGA-AM-5820-01,Colorectal Cancer,Colon Adenocarcinoma,,,0.2068,,,,,,,,72.0,COAD,,Primary,,Matched,2.366666667,,coadread_tcga_pan_can_atlas_2018,MANTIS_MSISENSOR_THRESHOLD,MSS,MSS,Primary,Colorectal Cancer,Colon Adenocarcinoma,0.2068,,6.0,0.3465,1.64,335.0,No,Yes,Harvard,AM,Colon,Colon Adenocarcinoma,0.3465,1.64,cBioPortal PanCancer Atlas; MANTIS/MSIsensor thresholds
TCGA-AM-5821,TCGA-AM-5821-01,Colorectal Cancer,Colon Adenocarcinoma,,,0.105,,,,,,,,1204.0,COAD,,Primary,,Matched,40.5,,coadread_tcga_pan_can_atlas_2018,MANTIS_MSISENSOR_THRESHOLD,MSI-H,MSI-H,Primary,Colorectal Cancer,Colon Adenocarcinoma,0.105,,4.0,0.8795,30.25,56.0,No,Yes,Harvard,AM,Colon,Colon Adenocarcinoma,0.8795,30.25,cBioPortal PanCancer Atlas; MANTIS/MSIsensor thresholds
TCGA-AU-3779,TCGA-AU-3779-01,Colorectal Cancer,Colon Adenocarcinoma,,,0.3253,,,,,,,,94.0,COAD,,Primary,,Matched,3.133333333,,coadread_tcga_pan_can_atlas_2018,MANTIS_MSISENSOR_THRESHOLD,MSS,MSS,Primary,Colorectal Cancer,Colon Adenocarcinoma,0.3253,,20.0,0.3365,0.29,88.0,Yes,No,Harvard,AU,Colon,Colon Adenocarcinoma,0.3365,0.29,cBioPortal PanCancer Atlas; MANTIS/MSIsensor thresholds
TCGA-AU-6004,TCGA-AU-6004-01,Colorectal Cancer,Colon Adenocarcinoma,,,0.0505,,,,,,,,965.0,COAD,,Primary,,Matched,32.26666667,,coadread_tcga_pan_can_atlas_2018,MANTIS_MSISENSOR_THRESHOLD,MSI-H,MSI-H,Primary,Colorectal Cancer,Colon Adenocarcinoma,0.0505,,2.0,0.8424,27.82,19.0,Yes,No,Harvard,AU,Colon,Colon Adenocarcinoma,0.8424,27.82,cBioPortal PanCancer Atlas; MANTIS/MSIsensor thresholds
TCGA-AY-4070,TCGA-AY-4070-01,Colorectal Cancer,Colon Adenocarcinoma,,,0.3407,,,,,,,,150.0,COAD,,Primary,,Matched,5.033333333,,coadread_tcga_pan_can_atlas_2018,MANTIS_MSISENSOR_THRESHOLD,MSS,MSS,Primary,Colorectal Cancer,Colon Adenocarcinoma,0.3407,3.56666666667,18.0,0.2687,0.78,194.0,No,Yes,Harvard,AY,Colon,Colon Adenocarcinoma,0.2687,0.78,cBioPortal PanCancer Atlas; MANTIS/MSIsensor thresholds
TCGA-AY-4071,TCGA-AY-4071-01,Colorectal Cancer,Colon Adenocarcinoma,,,0.332,,,,,,,,115.0,COAD,,Primary,,Matched,3.833333333,,coadread_tcga_pan_can_atlas_2018,MANTIS_MSISENSOR_THRESHOLD,MSS,MSS,Primary,Colorectal Cancer,Colon Adenocarcinoma,0.332,2.76666666667,17.0,0.2716,1.3,38.0,No,Yes,Harvard,AY,,Colon Adenocarcinoma,0.2716,1.3,cBioPortal PanCancer Atlas; MANTIS/MSIsensor thresholds
TCGA-AY-5543,TCGA-AY-5543-01,Colorectal Cancer,Colon Adenocarcinoma,,,0.3122,,,,,,,,97.0,COAD,,Primary,,Matched,3.233333333,,coadread_tcga_pan_can_atlas_2018,MANTIS_MSISENSOR_THRESHOLD,MSS,MSS,Primary,Colorectal Cancer,Colon Adenocarcinoma,0.3122,,14.0,0.3374,0.61,50.0,Yes,No,MSKCC,AY,Colon,Colon Adenocarcinoma,0.3374,0.61,cBioPortal PanCancer Atlas; MANTIS/MSIsensor thresholds
TCGA-AY-6196,TCGA-AY-6196-01,Colorectal Cancer,Mucinous Adenocarcinoma of the Colon and Rectum,,,0.3042,,,,,,,,213.0,MACR,,Primary,,Matched,7.133333333,,coadread_tcga_pan_can_atlas_2018,MANTIS_MSISENSOR_THRESHOLD,MSS,MSS,Primary,Colorectal Cancer,Mucinous Adenocarcinoma of the Colon and Rectum,0.3042,,17.0,0.3602,0.23,306.0,Yes,No,MSKCC,AY,Colon,"Colon Adenocarcinoma, Mucinous Type",0.3602,0.23,cBioPortal PanCancer Atlas; MANTIS/MSIsensor thresholds
TCGA-AY-6197,TCGA-AY-6197-01,Colorectal Cancer,Colon Adenocarcinoma,,,0.0897,,,,,,,,1058.0,COAD,,Primary,,Matched,35.26666667,,coadread_tcga_pan_can_atlas_2018,MANTIS_MSISENSOR_THRESHOLD,MSI-H,MSI-H,Primary,Colorectal Cancer,Colon Adenocarcinoma,0.0897,,3.0,0.965,31.61,15.0,Yes,No,MSKCC,AY,Colon,Colon Adenocarcinoma,0.965,31.61,cBioPortal PanCancer Atlas; MANTIS/MSIsensor thresholds
TCGA-AY-6386,TCGA-AY-6386-01,Colorectal Cancer,Colon Adenocarcinoma,,,0.0544,,,,,,,,99.0,COAD,,Primary,,Matched,3.333333333,,coadread_tcga_pan_can_atlas_2018,MANTIS_MSISENSOR_THRESHOLD,MSS,MSS,Primary,Colorectal Cancer,Colon Adenocarcinoma,0.0544,,2.0,0.327,0.27,7.0,Yes,No,MSKCC,AY,Colon,Colon Adenocarcinoma,0.327,0.27,cBioPortal PanCancer Atlas; MANTIS/MSIsensor thresholds
TCGA-AY-A54L,TCGA-AY-A54L-01,Colorectal Cancer,Colon Adenocarcinoma,,,0.1997,,,,,,,,139.0,COAD,,Primary,,Matched,4.733333333,,coadread_tcga_pan_can_atlas_2018,MANTIS_MSISENSOR_THRESHOLD,MSS,MSS,Primary,Colorectal Cancer,Colon Adenocarcinoma,0.1997,,27.0,0.2932,0.39,99.0,Yes,No,MSKCC,AY,Colon,Colon Adenocarcinoma,0.2932,0.39,cBioPortal PanCancer Atlas; MANTIS/MSIsensor thresholds
TCGA-AY-A69D,TCGA-AY-A69D-01,Colorectal Cancer,Colon Adenocarcinoma,,,0.508,,,,,,,,186.0,COAD,,Primary,,Matched,6.233333333,,coadread_tcga_pan_can_atlas_2018,MANTIS_MSISENSOR_THRESHOLD,MSS,MSS,Primary,Colorectal Cancer,Colon Adenocarcinoma,0.508,,23.0,0.3161,0.21,49.0,Yes,No,MSKCC,AY,Colon,Colon Adenocarcinoma,0.3161,0.21,cBioPortal PanCancer Atlas; MANTIS/MSIsensor thresholds
TCGA-AY-A71X,TCGA-AY-A71X-01,Colorectal Cancer,Colon Adenocarcinoma,,,0.0607,,,,,,,,90.0,COAD,,Primary,,Matched,3.0,,coadread_tcga_pan_can_atlas_2018,MANTIS_MSISENSOR_THRESHOLD,MSS,MSS,Primary,Colorectal Cancer,Colon Adenocarcinoma,0.0607,,0.0,0.3062,0.22,51.0,Yes,No,MSKCC,AY,Colon,Colon Adenocarcinoma,0.3062,0.22,cBioPortal PanCancer Atlas; MANTIS/MSIsensor thresholds
TCGA-AY-A8YK,TCGA-AY-A8YK-01,Colorectal Cancer,Colon Adenocarcinoma,,,0.2674,,,,,,,,61.0,COAD,,Primary,,Matched,2.033333333,,coadread_tcga_pan_can_atlas_2018,MANTIS_MSISENSOR_THRESHOLD,MSS,MSS,Primary,Colorectal Cancer,Colon Adenocarcinoma,0.2674,,26.0,0.3268,0.32,106.0,Yes,No,MSKCC,AY,Colon,Colon Adenocarcinoma,0.3268,0.32,cBioPortal PanCancer Atlas; MANTIS/MSIsensor thresholds
TCGA-AZ-4308,TCGA-AZ-4308-01,Colorectal Cancer,Colon Adenocarcinoma,,,0.1974,,,,,,,,73.0,COAD,,Primary,,Matched,2.466666667,,coadread_tcga_pan_can_atlas_2018,MANTIS_MSISENSOR_THRESHOLD,MSS,MSS,Primary,Colorectal Cancer,Colon Adenocarcinoma,0.1974,,8.0,0.363,0.11,145.0,No,Yes,MSKCC,AZ,Colon,Colon Adenocarcinoma,0.363,0.11,cBioPortal PanCancer Atlas; MANTIS/MSIsensor thresholds
TCGA-AZ-4313,TCGA-AZ-4313-01,Colorectal Cancer,Colon Adenocarcinoma,,,0.1381,,,,,,,,,COAD,,Primary,,Matched,,,coadread_tcga_pan_can_atlas_2018,MANTIS_MSISENSOR_THRESHOLD,MSI-H,MSI-H,Primary,Colorectal Cancer,Colon Adenocarcinoma,0.1381,,5.0,0.7225,,8.0,No,Yes,MSKCC,AZ,Colon,Colon Adenocarcinoma,0.7225,,cBioPortal PanCancer Atlas; MANTIS/MSIsensor thresholds
TCGA-AZ-4315,TCGA-AZ-4315-01,Colorectal Cancer,Colon Adenocarcinoma,,,0.0013,,,,,,,,6313.0,COAD,,Primary,,Matched,211.3666667,,coadread_tcga_pan_can_atlas_2018,MANTIS_MSISENSOR_THRESHOLD,MSS,MSS,Primary,Colorectal Cancer,Colon Adenocarcinoma,0.0013,,0.0,0.3429,0.67,27.0,No,Yes,MSKCC,AZ,Colon,Colon Adenocarcinoma,0.3429,0.67,cBioPortal PanCancer Atlas; MANTIS/MSIsensor thresholds
TCGA-AZ-4614,TCGA-AZ-4614-01,Colorectal Cancer,Colon Adenocarcinoma,,,0.3669,,,,,,,,178.0,COAD,,Primary,,Matched,6.0,,coadread_tcga_pan_can_atlas_2018,MANTIS_MSISENSOR_THRESHOLD,MSS,MSS,Primary,Colorectal Cancer,Colon Adenocarcinoma,0.3669,,7.0,0.3773,0.94,124.0,No,Yes,MSKCC,AZ,Colon,Colon Adenocarcinoma,0.3773,0.94,cBioPortal PanCancer Atlas; MANTIS/MSIsensor thresholds
TCGA-AZ-4615,TCGA-AZ-4615-01,Colorectal Cancer,Colon Adenocarcinoma,,,0.0587,,,,,,,,837.0,COAD,,Primary,,Matched,27.83333333,,coadread_tcga_pan_can_atlas_2018,MANTIS_MSISENSOR_THRESHOLD,MSI-H,MSI-H,Primary,Colorectal Cancer,Colon Adenocarcinoma,0.0587,,2.0,1.0327,33.79,23.0,No,Yes,MSKCC,AZ,Colon,Colon Adenocarcinoma,1.0327,33.79,cBioPortal PanCancer Atlas; MANTIS/MSIsensor thresholds
TCGA-AZ-4616,TCGA-AZ-4616-01,Colorectal Cancer,Colon Adenocarcinoma,,,0.2654,,,,,,,,91.0,COAD,,Primary,,Matched,3.033333333,,coadread_tcga_pan_can_atlas_2018,MANTIS_MSISENSOR_THRESHOLD,MSS,MSS,Primary,Colorectal Cancer,Colon Adenocarcinoma,0.2654,,13.0,0.3171,0.79,39.0,No,Yes,MSKCC,AZ,Colon,Colon Adenocarcinoma,0.3171,0.79,cBioPortal PanCancer Atlas; MANTIS/MSIsensor thresholds
TCGA-AZ-4681,TCGA-AZ-4681-01,Colorectal Cancer,Colon Adenocarcinoma,,,0.238,,,,,,,,79.0,COAD,,Primary,,Matched,2.666666667,,coadread_tcga_pan_can_atlas_2018,MANTIS_MSISENSOR_THRESHOLD,MSS,MSS,Primary,Colorectal Cancer,Colon Adenocarcinoma,0.238,,11.0,0.3537,0.02,51.0,No,Yes,MSKCC,AZ,Colon,Colon Adenocarcinoma,0.3537,0.02,cBioPortal PanCancer Atlas; MANTIS/MSIsensor thresholds
TCGA-AZ-4682,TCGA-AZ-4682-01,Colorectal Cancer,Colon Adenocarcinoma,,,0.354,,,,,,,,71.0,COAD,,Primary,,Matched,2.366666667,,coadread_tcga_pan_can_atlas_2018,MANTIS_MSISENSOR_THRESHOLD,MSS,MSS,Primary,Colorectal Cancer,Colon Adenocarcinoma,0.354,,10.0,0.367,0.13,42.0,No,Yes,MSKCC,AZ,Colon,Colon Adenocarcinoma,0.367,0.13,cBioPortal PanCancer Atlas; MANTIS/MSIsensor thresholds
TCGA-AZ-4684,TCGA-AZ-4684-01,Colorectal Cancer,Colon Adenocarcinoma,,,0.2936,,,,,,,,,COAD,,Primary,,Matched,0.0,,coadread_tcga_pan_can_atlas_2018,MANTIS_MSISENSOR_THRESHOLD,MSS,MSS,Primary,Colorectal Cancer,Colon Adenocarcinoma,0.2936,,21.0,0.3572,,70.0,No,Yes,MSKCC,AZ,Colon,Colon Adenocarcinoma,0.3572,,cBioPortal PanCancer Atlas; MANTIS/MSIsensor thresholds
TCGA-AZ-5403,TCGA-AZ-5403-01,Colorectal Cancer,Colon Adenocarcinoma,,,0.3092,,,,,,,,76.0,COAD,,Primary,,Matched,2.566666667,,coadread_tcga_pan_can_atlas_2018,MANTIS_MSISENSOR_THRESHOLD,MSS,MSS,Primary,Colorectal Cancer,Colon Adenocarcinoma,0.3092,,17.0,0.3101,0.27,45.0,No,Yes,MSKCC,AZ,Colon,Colon Adenocarcinoma,0.3101,0.27,cBioPortal PanCancer Atlas; MANTIS/MSIsensor thresholds
TCGA-AZ-5407,TCGA-AZ-5407-01,Colorectal Cancer,Colon Adenocarcinoma,,,0.1871,,,,,,,,89.0,COAD,,Primary,,Matched,3.0,,coadread_tcga_pan_can_atlas_2018,MANTIS_MSISENSOR_THRESHOLD,MSS,MSS,Primary,Colorectal Cancer,Colon Adenocarcinoma,0.1871,,7.0,0.3611,0.46,20.0,No,Yes,MSKCC,AZ,Colon,Colon Adenocarcinoma,0.3611,0.46,cBioPortal PanCancer Atlas; MANTIS/MSIsensor thresholds
TCGA-AZ-6598,TCGA-AZ-6598-01,Colorectal Cancer,Colon Adenocarcinoma,,,0.2696,,,,,,,,2309.0,COAD,,Primary,,Matched,77.83333333,,coadread_tcga_pan_can_atlas_2018,MANTIS_MSISENSOR_THRESHOLD,MSI-H,MSI-H,Primary,Colorectal Cancer,Colon Adenocarcinoma,0.2696,,11.0,1.3777,43.27,25.0,No,Yes,MSKCC,AZ,Colon,Colon Adenocarcinoma,1.3777,43.27,cBioPortal PanCancer Atlas; MANTIS/MSIsensor thresholds
TCGA-AZ-6599,TCGA-AZ-6599-01,Colorectal Cancer,Colon Adenocarcinoma,,,0.006,,,,,,,,226.0,COAD,,Primary,,Matched,7.733333333,,coadread_tcga_pan_can_atlas_2018,MANTIS_MSISENSOR_THRESHOLD,MSS,MSS,Primary,Colorectal Cancer,Colon Adenocarcinoma,0.006,,0.0,0.3766,0.14,10.0,No,Yes,MSKCC,AZ,Colon,Colon Adenocarcinoma,0.3766,0.14,cBioPortal PanCancer Atlas; MANTIS/MSIsensor thresholds
TCGA-AZ-6600,TCGA-AZ-6600-01,Colorectal Cancer,Colon Adenocarcinoma,,,0.4215,,,,,,,,124.0,COAD,,Primary,,Matched,4.166666667,,coadread_tcga_pan_can_atlas_2018,MANTIS_MSISENSOR_THRESHOLD,MSS,MSS,Primary,Colorectal Cancer,Colon Adenocarcinoma,0.4215,,21.0,0.3613,0.46,46.0,No,Yes,MSKCC,AZ,Colon,Colon Adenocarcinoma,0.3613,0.46,cBioPortal PanCancer Atlas; MANTIS/MSIsensor thresholds
TCGA-AZ-6603,TCGA-AZ-6603-01,Colorectal Cancer,Colon Adenocarcinoma,,,0.4096,,,,,,,,77.0,COAD,,Primary,,Matched,2.566666667,,coadread_tcga_pan_can_atlas_2018,MANTIS_MSISENSOR_THRESHOLD,MSS,MSS,Primary,Colorectal Cancer,Colon Adenocarcinoma,0.4096,,27.0,0.3686,0.35,30.0,No,Yes,MSKCC,AZ,Colon,Colon Adenocarcinoma,0.3686,0.35,cBioPortal PanCancer Atlas; MANTIS/MSIsensor thresholds
TCGA-AZ-6605,TCGA-AZ-6605-01,Colorectal Cancer,Colon Adenocarcinoma,,,0.1834,,,,,,,,105.0,COAD,,Primary,,Matched,3.466666667,,coadread_tcga_pan_can_atlas_2018,MANTIS_MSISENSOR_THRESHOLD,MSS,MSS,Primary,Colorectal Cancer,Colon Adenocarcinoma,0.1834,,21.0,0.3467,0.02,100.0,No,Yes,MSKCC,AZ,Colon,Colon Adenocarcinoma,0.3467,0.02,cBioPortal PanCancer Atlas; MANTIS/MSIsensor thresholds
TCGA-AZ-6606,TCGA-AZ-6606-01,Colorectal Cancer,Colon Adenocarcinoma,,,0.2344,,,,,,,,129.0,COAD,,Primary,,Matched,4.333333333,,coadread_tcga_pan_can_atlas_2018,MANTIS_MSISENSOR_THRESHOLD,MSS,MSS,Primary,Colorectal Cancer,Colon Adenocarcinoma,0.2344,,8.0,0.3623,0.2,57.0,No,Yes,MSKCC,AZ,Colon,Colon Adenocarcinoma,0.3623,0.2,cBioPortal PanCancer Atlas; MANTIS/MSIsensor thresholds
TCGA-AZ-6607,TCGA-AZ-6607-01,Colorectal Cancer,Colon Adenocarcinoma,,,0.4338,,,,,,,,68.0,COAD,,Primary,,Matched,2.266666667,,coadread_tcga_pan_can_atlas_2018,MANTIS_MSISENSOR_THRESHOLD,MSS,MSS,Primary,Colorectal Cancer,Colon Adenocarcinoma,0.4338,,22.0,0.354,0.0,57.0,No,Yes,MSKCC,AZ,Colon,Colon Adenocarcinoma,0.354,0.0,cBioPortal PanCancer Atlas; MANTIS/MSIsensor thresholds
TCGA-CA-5254,TCGA-CA-5254-01,Colorectal Cancer,Colon Adenocarcinoma,,,0.465,,,,,,,,181.0,COAD,,Primary,,Matched,6.033333333,,coadread_tcga_pan_can_atlas_2018,MANTIS_MSISENSOR_THRESHOLD,MSS,MSS,Primary,Colorectal Cancer,Colon Adenocarcinoma,0.465,,17.0,0.3896,0.53,299.0,Yes,No,MSKCC,CA,Colon,Colon Adenocarcinoma,0.3896,0.53,cBioPortal PanCancer Atlas; MANTIS/MSIsensor thresholds
TCGA-CA-5255,TCGA-CA-5255-01,Colorectal Cancer,Colon Adenocarcinoma,,,0.1646,,,,,,,,52.0,COAD,,Primary,,Matched,1.733333333,,coadread_tcga_pan_can_atlas_2018,MANTIS_MSISENSOR_THRESHOLD,MSS,MSS,Primary,Colorectal Cancer,Colon Adenocarcinoma,0.1646,,18.0,0.3805,0.07,5.0,Yes,No,MSKCC,CA,Colon,Colon Adenocarcinoma,0.3805,0.07,cBioPortal PanCancer Atlas; MANTIS/MSIsensor thresholds
TCGA-CA-5256,TCGA-CA-5256-01,Colorectal Cancer,Colon Adenocarcinoma,,,0.4695,,,,,,,,72.0,COAD,,Primary,,Matched,2.433333333,,coadread_tcga_pan_can_atlas_2018,MANTIS_MSISENSOR_THRESHOLD,MSS,MSS,Primary,Colorectal Cancer,Colon Adenocarcinoma,0.4695,,22.0,0.3522,0.07,23.0,Yes,No,MSKCC,CA,Colon,Colon Adenocarcinoma,0.3522,0.07,cBioPortal PanCancer Atlas; MANTIS/MSIsensor thresholds
TCGA-CA-5796,TCGA-CA-5796-01,Colorectal Cancer,Mucinous Adenocarcinoma of the Colon and Rectum,,,0.1135,,,,,,,,60.0,MACR,,Primary,,Matched,2.033333333,,coadread_tcga_pan_can_atlas_2018,MANTIS_MSISENSOR_THRESHOLD,MSS,MSS,Primary,Colorectal Cancer,Mucinous Adenocarcinoma of the Colon and Rectum,0.1135,,4.0,0.3604,0.15,7.0,Yes,No,MSKCC,CA,Colon,"Colon Adenocarcinoma, Mucinous Type",0.3604,0.15,cBioPortal PanCancer Atlas; MANTIS/MSIsensor thresholds
TCGA-CA-5797,TCGA-CA-5797-01,Colorectal Cancer,Colon Adenocarcinoma,,,0.415,,,,,,,,59.0,COAD,,Primary,,Matched,2.0,,coadread_tcga_pan_can_atlas_2018,MANTIS_MSISENSOR_THRESHOLD,MSS,MSS,Primary,Colorectal Cancer,Colon Adenocarcinoma,0.415,,17.0,0.3554,0.61,105.0,Yes,No,MSKCC,CA,Colon,Colon Adenocarcinoma,0.3554,0.61,cBioPortal PanCancer Atlas; MANTIS/MSIsensor thresholds
TCGA-CA-6715,TCGA-CA-6715-01,Colorectal Cancer,Colon Adenocarcinoma,,,0.2808,,,,,,,,96.0,COAD,,Primary,,Matched,3.233333333,,coadread_tcga_pan_can_atlas_2018,MANTIS_MSISENSOR_THRESHOLD,MSS,MSS,Primary,Colorectal Cancer,Colon Adenocarcinoma,0.2808,,11.0,0.3669,0.11,61.0,Yes,No,MSKCC,CA,Colon,Colon Adenocarcinoma,0.3669,0.11,cBioPortal PanCancer Atlas; MANTIS/MSIsensor thresholds
TCGA-CA-6716,TCGA-CA-6716-01,Colorectal Cancer,Colon Adenocarcinoma,,,0.2082,,,,,,,,135.0,COAD,,Primary,,Matched,4.566666667,,coadread_tcga_pan_can_atlas_2018,MANTIS_MSISENSOR_THRESHOLD,MSS,MSS,Primary,Colorectal Cancer,Colon Adenocarcinoma,0.2082,,21.0,0.3773,0.56,43.0,Yes,No,MSKCC,CA,Colon,Colon Adenocarcinoma,0.3773,0.56,cBioPortal PanCancer Atlas; MANTIS/MSIsensor thresholds
TCGA-CA-6717,TCGA-CA-6717-01,Colorectal Cancer,Mucinous Adenocarcinoma of the Colon and Rectum,,,0.0,,,,,,,,9586.0,MACR,,Primary,,Matched,320.7666667,,coadread_tcga_pan_can_atlas_2018,MANTIS_MSISENSOR_THRESHOLD,MSS,MSS,Primary,Colorectal Cancer,Mucinous Adenocarcinoma of the Colon and Rectum,0.0,,,0.3653,0.01,0.0,Yes,No,MSKCC,CA,Colon,"Colon Adenocarcinoma, Mucinous Type",0.3653,0.01,cBioPortal PanCancer Atlas; MANTIS/MSIsensor thresholds
TCGA-CA-6718,TCGA-CA-6718-01,Colorectal Cancer,Colon Adenocarcinoma,,,0.1047,,,,,,,,3205.0,COAD,,Primary,,Matched,107.0666667,,coadread_tcga_pan_can_atlas_2018,MANTIS_MSISENSOR_THRESHOLD,MSS,MSS,Primary,Colorectal Cancer,Colon Adenocarcinoma,0.1047,,2.0,0.3722,0.0,12.0,Yes,No,MSKCC,CA,Colon,Colon Adenocarcinoma,0.3722,0.0,cBioPortal PanCancer Atlas; MANTIS/MSIsensor thresholds
TCGA-CA-6719,TCGA-CA-6719-01,Colorectal Cancer,Colon Adenocarcinoma,,,0.4638,,,,,,,,115.0,COAD,,Primary,,Matched,3.833333333,,coadread_tcga_pan_can_atlas_2018,MANTIS_MSISENSOR_THRESHOLD,MSS,MSS,Primary,Colorectal Cancer,Colon Adenocarcinoma,0.4638,,16.0,0.3645,0.24,74.0,Yes,No,MSKCC,CA,Colon,Colon Adenocarcinoma,0.3645,0.24,cBioPortal PanCancer Atlas; MANTIS/MSIsensor thresholds
TCGA-CI-6619,TCGA-CI-6619-01,Colorectal Cancer,Rectal Adenocarcinoma,,,0.1629,,,,,,,,71.0,READ,,Primary,,Matched,2.4,,coadread_tcga_pan_can_atlas_2018,MANTIS_MSISENSOR_THRESHOLD,MSS,MSS,Primary,Colorectal Cancer,Rectal Adenocarcinoma,0.1629,,25.0,0.3407,0.03,42.0,No,Yes,Indivumed,CI,Rectum,Rectal Adenocarcinoma,0.3407,0.03,cBioPortal PanCancer Atlas; MANTIS/MSIsensor thresholds
TCGA-CI-6620,TCGA-CI-6620-01,Colorectal Cancer,Rectal Adenocarcinoma,,,0.1593,,,,,,,,54.0,READ,,Primary,,Matched,1.766666667,,coadread_tcga_pan_can_atlas_2018,MANTIS_MSISENSOR_THRESHOLD,MSS,MSS,Primary,Colorectal Cancer,Rectal Adenocarcinoma,0.1593,,9.0,0.3445,0.07,24.0,No,Yes,Indivumed,CI,Rectum,Rectal Adenocarcinoma,0.3445,0.07,cBioPortal PanCancer Atlas; MANTIS/MSIsensor thresholds
TCGA-CI-6621,TCGA-CI-6621-01,Colorectal Cancer,Rectal Adenocarcinoma,,,0.2403,,,,,,,,109.0,READ,,Primary,,Matched,3.633333333,,coadread_tcga_pan_can_atlas_2018,MANTIS_MSISENSOR_THRESHOLD,MSS,MSS,Primary,Colorectal Cancer,Rectal Adenocarcinoma,0.2403,,20.0,0.3389,0.03,99.0,No,Yes,Indivumed,CI,Rectum,Rectal Adenocarcinoma,0.3389,0.03,cBioPortal PanCancer Atlas; MANTIS/MSIsensor thresholds
TCGA-CI-6622,TCGA-CI-6622-01,Colorectal Cancer,Rectal Adenocarcinoma,,,0.1275,,,,,,,,93.0,READ,,Primary,,Matched,3.133333333,,coadread_tcga_pan_can_atlas_2018,MANTIS_MSISENSOR_THRESHOLD,MSS,MSS,Primary,Colorectal Cancer,Rectal Adenocarcinoma,0.1275,,7.0,0.3223,0.0,25.0,No,Yes,Indivumed,CI,Rectum,Rectal Adenocarcinoma,0.3223,0.0,cBioPortal PanCancer Atlas; MANTIS/MSIsensor thresholds
TCGA-CI-6623,TCGA-CI-6623-01,Colorectal Cancer,Rectal Adenocarcinoma,,,0.3018,,,,,,,,70.0,READ,,Primary,,Matched,2.333333333,,coadread_tcga_pan_can_atlas_2018,MANTIS_MSISENSOR_THRESHOLD,MSS,MSS,Primary,Colorectal Cancer,Rectal Adenocarcinoma,0.3018,,25.0,0.3617,0.1,44.0,No,Yes,Indivumed,CI,Rectum,Rectal Adenocarcinoma,0.3617,0.1,cBioPortal PanCancer Atlas; MANTIS/MSIsensor thresholds
TCGA-CI-6624,TCGA-CI-6624-01,Colorectal Cancer,Rectal Adenocarcinoma,,,0.1069,,,,,,,,252.0,READ,,Primary,,Matched,8.5,,coadread_tcga_pan_can_atlas_2018,MANTIS_MSISENSOR_THRESHOLD,MSS,MSS,Primary,Colorectal Cancer,Rectal Adenocarcinoma,0.1069,,17.0,0.3402,0.02,148.0,No,Yes,Indivumed,CI,Rectum,Rectal Adenocarcinoma,0.3402,0.02,cBioPortal PanCancer Atlas; MANTIS/MSIsensor thresholds
TCGA-CK-4947,TCGA-CK-4947-01,Colorectal Cancer,Colon Adenocarcinoma,,,0.0665,,,,,,,,88.0,COAD,,Primary,,Matched,2.933333333,,coadread_tcga_pan_can_atlas_2018,MANTIS_MSISENSOR_THRESHOLD,MSS,MSS,Primary,Colorectal Cancer,Colon Adenocarcinoma,0.0665,,4.0,0.3269,0.07,18.0,,,Greater Poland Cancer Center,CK,Colon,Colon Adenocarcinoma,0.3269,0.07,cBioPortal PanCancer Atlas; MANTIS/MSIsensor thresholds
TCGA-CK-4948,TCGA-CK-4948-01,Colorectal Cancer,Colon Adenocarcinoma,,,0.1586,,,,,,,,98.0,COAD,,Primary,,Matched,3.3,,coadread_tcga_pan_can_atlas_2018,MANTIS_MSISENSOR_THRESHOLD,MSS,MSS,Primary,Colorectal Cancer,Colon Adenocarcinoma,0.1586,,20.0,0.3486,0.22,57.0,,,Greater Poland Cancer Center,CK,Colon,Colon Adenocarcinoma,0.3486,0.22,cBioPortal PanCancer Atlas; MANTIS/MSIsensor thresholds
TCGA-CK-4950,TCGA-CK-4950-01,Colorectal Cancer,Mucinous Adenocarcinoma of the Colon and Rectum,,,0.2115,,,,,,,,154.0,MACR,,Primary,,Matched,5.1,,coadread_tcga_pan_can_atlas_2018,MANTIS_MSISENSOR_THRESHOLD,MSS,MSS,Primary,Colorectal Cancer,Mucinous Adenocarcinoma of the Colon and Rectum,0.2115,,8.0,0.3697,0.31,0.0,,,Greater Poland Cancer Center,CK,Colon,"Colon Adenocarcinoma, Mucinous Type",0.3697,0.31,cBioPortal PanCancer Atlas; MANTIS/MSIsensor thresholds
TCGA-CK-4951,TCGA-CK-4951-01,Colorectal Cancer,Mucinous Adenocarcinoma of the Colon and Rectum,,,0.0026,,,,,,,,4191.0,MACR,,Primary,,Matched,140.4666667,,coadread_tcga_pan_can_atlas_2018,MANTIS_MSISENSOR_THRESHOLD,MSI-H,MSI-H,Primary,Colorectal Cancer,Mucinous Adenocarcinoma of the Colon and Rectum,0.0026,,0.0,0.7849,21.62,38.0,,,Greater Poland Cancer Center,CK,Colon,"Colon Adenocarcinoma, Mucinous Type",0.7849,21.62,cBioPortal PanCancer Atlas; MANTIS/MSIsensor thresholds
TCGA-CK-4952,TCGA-CK-4952-01,Colorectal Cancer,Mucinous Adenocarcinoma of the Colon and Rectum,,,0.1547,,,,,,,,140.0,MACR,,Primary,,Matched,4.766666667,,coadread_tcga_pan_can_atlas_2018,MANTIS_MSISENSOR_THRESHOLD,MSS,MSS,Primary,Colorectal Cancer,Mucinous Adenocarcinoma of the Colon and Rectum,0.1547,,4.0,0.3926,0.29,25.0,,,Greater Poland Cancer Center,CK,Colon,"Colon Adenocarcinoma, Mucinous Type",0.3926,0.29,cBioPortal PanCancer Atlas; MANTIS/MSIsensor thresholds
TCGA-CK-5912,TCGA-CK-5912-01,Colorectal Cancer,Colon Adenocarcinoma,,,0.4202,,,,,,,,62.0,COAD,,Primary,,Matched,2.066666667,,coadread_tcga_pan_can_atlas_2018,MANTIS_MSISENSOR_THRESHOLD,MSS,MSS,Primary,Colorectal Cancer,Colon Adenocarcinoma,0.4202,,22.0,0.3783,1.79,39.0,,,Greater Poland Cancer Center,CK,Colon,Colon Adenocarcinoma,0.3783,1.79,cBioPortal PanCancer Atlas; MANTIS/MSIsensor thresholds
TCGA-CK-5913,TCGA-CK-5913-01,Colorectal Cancer,Colon Adenocarcinoma,,,0.0595,,,,,,,,806.0,COAD,,Primary,,Matched,27.03333333,,coadread_tcga_pan_can_atlas_2018,MANTIS_MSISENSOR_THRESHOLD,MSI-H,MSI-H,Primary,Colorectal Cancer,Colon Adenocarcinoma,0.0595,,2.0,0.9213,32.98,26.0,,,Greater Poland Cancer Center,CK,Colon,Colon Adenocarcinoma,0.9213,32.98,cBioPortal PanCancer Atlas; MANTIS/MSIsensor thresholds
TCGA-CK-5914,TCGA-CK-5914-01,Colorectal Cancer,Colon Adenocarcinoma,,,0.1255,,,,,,,,130.0,COAD,,Primary,,Matched,4.366666667,,coadread_tcga_pan_can_atlas_2018,MANTIS_MSISENSOR_THRESHOLD,MSS,MSS,Primary,Colorectal Cancer,Colon Adenocarcinoma,0.1255,,19.0,0.3446,1.56,52.0,,,Greater Poland Cancer Center,CK,Colon,Colon Adenocarcinoma,0.3446,1.56,cBioPortal PanCancer Atlas; MANTIS/MSIsensor thresholds
TCGA-CK-5915,TCGA-CK-5915-01,Colorectal Cancer,Colon Adenocarcinoma,,,0.1043,,,,,,,,82.0,COAD,,Primary,,Matched,2.733333333,,coadread_tcga_pan_can_atlas_2018,MANTIS_MSISENSOR_THRESHOLD,MSS,MSS,Primary,Colorectal Cancer,Colon Adenocarcinoma,0.1043,,21.0,0.3162,0.29,13.0,,,Greater Poland Cancer Center,CK,Colon,Colon Adenocarcinoma,0.3162,0.29,cBioPortal PanCancer Atlas; MANTIS/MSIsensor thresholds
TCGA-CK-5916,TCGA-CK-5916-01,Colorectal Cancer,Colon Adenocarcinoma,,,0.0002,,,,,,,,1405.0,COAD,,Primary,,Matched,47.1,,coadread_tcga_pan_can_atlas_2018,MANTIS_MSISENSOR_THRESHOLD,MSI-H,MSI-H,Primary,Colorectal Cancer,Colon Adenocarcinoma,0.0002,,0.0,0.9208,35.2,8.0,,,Greater Poland Cancer Center,CK,Colon,Colon Adenocarcinoma,0.9208,35.2,cBioPortal PanCancer Atlas; MANTIS/MSIsensor thresholds
TCGA-CK-6746,TCGA-CK-6746-01,Colorectal Cancer,Colon Adenocarcinoma,,,0.0504,,,,,,,,1198.0,COAD,,Primary,,Matched,40.13333333,,coadread_tcga_pan_can_atlas_2018,MANTIS_MSISENSOR_THRESHOLD,MSI-H,MSI-H,Primary,Colorectal Cancer,Colon Adenocarcinoma,0.0504,,2.0,1.1685,36.05,22.0,,,Greater Poland Cancer Center,CK,Colon,Colon Adenocarcinoma,1.1685,36.05,cBioPortal PanCancer Atlas; MANTIS/MSIsensor thresholds
TCGA-CK-6747,TCGA-CK-6747-01,Colorectal Cancer,Colon Adenocarcinoma,,,0.0004,,,,,,,,171.0,COAD,,Primary,,Matched,5.8,,coadread_tcga_pan_can_atlas_2018,MANTIS_MSISENSOR_THRESHOLD,MSS,MSS,Primary,Colorectal Cancer,Colon Adenocarcinoma,0.0004,,0.0,0.3727,0.64,2.0,,,Greater Poland Cancer Center,CK,Colon,Colon Adenocarcinoma,0.3727,0.64,cBioPortal PanCancer Atlas; MANTIS/MSIsensor thresholds
TCGA-CK-6748,TCGA-CK-6748-01,Colorectal Cancer,Mucinous Adenocarcinoma of the Colon and Rectum,,,0.3754,,,,,,,,57.0,MACR,,Primary,,Matched,1.9,,coadread_tcga_pan_can_atlas_2018,MANTIS_MSISENSOR_THRESHOLD,MSS,MSS,Primary,Colorectal Cancer,Mucinous Adenocarcinoma of the Colon and Rectum,0.3754,,16.0,0.3564,0.22,43.0,,,Greater Poland Cancer Center,CK,Colon,"Colon Adenocarcinoma, Mucinous Type",0.3564,0.22,cBioPortal PanCancer Atlas; MANTIS/MSIsensor thresholds
TCGA-CK-6751,TCGA-CK-6751-01,Colorectal Cancer,Mucinous Adenocarcinoma of the Colon and Rectum,,,0.0042,,,,,,,,167.0,MACR,,Primary,,Matched,5.566666667,,coadread_tcga_pan_can_atlas_2018,MANTIS_MSISENSOR_THRESHOLD,MSS,MSS,Primary,Colorectal Cancer,Mucinous Adenocarcinoma of the Colon and Rectum,0.0042,,0.0,0.3583,0.05,5.0,,,Greater Poland Cancer Center,CK,Colon,"Colon Adenocarcinoma, Mucinous Type",0.3583,0.05,cBioPortal PanCancer Atlas; MANTIS/MSIsensor thresholds
TCGA-CL-4957,TCGA-CL-4957-01,Colorectal Cancer,Rectal Adenocarcinoma,,,0.3134,,,,,,,,78.0,READ,,Primary,,Matched,2.633333333,,coadread_tcga_pan_can_atlas_2018,MANTIS_MSISENSOR_THRESHOLD,MSS,MSS,Primary,Colorectal Cancer,Rectal Adenocarcinoma,0.3134,,13.0,0.3362,0.05,149.0,,,Indivumed,CL,Rectum,Rectal Adenocarcinoma,0.3362,0.05,cBioPortal PanCancer Atlas; MANTIS/MSIsensor thresholds
TCGA-CL-5917,TCGA-CL-5917-01,Colorectal Cancer,Rectal Adenocarcinoma,,,0.3502,,,,,,,,70.0,READ,,Primary,,Matched,2.333333333,,coadread_tcga_pan_can_atlas_2018,MANTIS_MSISENSOR_THRESHOLD,MSS,MSS,Primary,Colorectal Cancer,Rectal Adenocarcinoma,0.3502,,31.0,0.359,1.58,50.0,,,Indivumed,CL,Rectum,Rectal Adenocarcinoma,0.359,1.58,cBioPortal PanCancer Atlas; MANTIS/MSIsensor thresholds
TCGA-CL-5918,TCGA-CL-5918-01,Colorectal Cancer,Rectal Adenocarcinoma,,,0.2572,,,,,,,,117.0,READ,,Primary,,Matched,3.9,,coadread_tcga_pan_can_atlas_2018,MANTIS_MSISENSOR_THRESHOLD,MSS,MSS,Primary,Colorectal Cancer,Rectal Adenocarcinoma,0.2572,,12.0,0.3446,0.61,32.0,,,Indivumed,CL,Rectum,Rectal Adenocarcinoma,0.3446,0.61,cBioPortal PanCancer Atlas; MANTIS/MSIsensor thresholds
TCGA-CM-4743,TCGA-CM-4743-01,Colorectal Cancer,Colon Adenocarcinoma,,,0.0047,,,,,,,,1103.0,COAD,,Primary,,Matched,36.86666667,,coadread_tcga_pan_can_atlas_2018,MANTIS_MSISENSOR_THRESHOLD,MSI-H,MSI-H,Primary,Colorectal Cancer,Colon Adenocarcinoma,0.0047,,0.0,0.8182,23.82,23.0,No,Yes,Greater Poland Cancer Center,CM,Colon,Colon Adenocarcinoma,0.8182,23.82,cBioPortal PanCancer Atlas; MANTIS/MSIsensor thresholds
TCGA-CM-4744,TCGA-CM-4744-01,Colorectal Cancer,Colon Adenocarcinoma,,,0.1898,,,,,,,,142.0,COAD,,Primary,,Matched,4.7,,coadread_tcga_pan_can_atlas_2018,MANTIS_MSISENSOR_THRESHOLD,MSS,MSS,Primary,Colorectal Cancer,Colon Adenocarcinoma,0.1898,,11.0,0.3613,0.03,14.0,No,Yes,Greater Poland Cancer Center,CM,Colon,Colon Adenocarcinoma,0.3613,0.03,cBioPortal PanCancer Atlas; MANTIS/MSIsensor thresholds
TCGA-CM-4746,TCGA-CM-4746-01,Colorectal Cancer,Colon Adenocarcinoma,,,0.1196,,,,,,,,715.0,COAD,,Primary,,Matched,24.13333333,,coadread_tcga_pan_can_atlas_2018,MANTIS_MSISENSOR_THRESHOLD,MSI-H,MSI-H,Primary,Colorectal Cancer,Colon Adenocarcinoma,0.1196,,5.0,0.8512,21.49,23.0,No,Yes,Greater Poland Cancer Center,CM,Colon,Colon Adenocarcinoma,0.8512,21.49,cBioPortal PanCancer Atlas; MANTIS/MSIsensor thresholds
TCGA-CM-4747,TCGA-CM-4747-01,Colorectal Cancer,Colon Adenocarcinoma,,,0.4449,,,,,,,,83.0,COAD,,Primary,,Matched,2.766666667,,coadread_tcga_pan_can_atlas_2018,MANTIS_MSISENSOR_THRESHOLD,MSS,MSS,Primary,Colorectal Cancer,Colon Adenocarcinoma,0.4449,,16.0,0.3787,0.01,41.0,No,Yes,Greater Poland Cancer Center,CM,Colon,Colon Adenocarcinoma,0.3787,0.01,cBioPortal PanCancer Atlas; MANTIS/MSIsensor thresholds
TCGA-CM-4748,TCGA-CM-4748-01,Colorectal Cancer,Mucinous Adenocarcinoma of the Colon and Rectum,,,0.0119,,,,,,,,66.0,MACR,,Primary,,Matched,2.233333333,,coadread_tcga_pan_can_atlas_2018,MANTIS_MSISENSOR_THRESHOLD,MSS,MSS,Primary,Colorectal Cancer,Mucinous Adenocarcinoma of the Colon and Rectum,0.0119,,0.0,0.365,0.04,6.0,No,Yes,Greater Poland Cancer Center,CM,Colon,"Colon Adenocarcinoma, Mucinous Type",0.365,0.04,cBioPortal PanCancer Atlas; MANTIS/MSIsensor thresholds
TCGA-CM-4750,TCGA-CM-4750-01,Colorectal Cancer,Colon Adenocarcinoma,,,0.2858,,,,,,,,83.0,COAD,,Primary,,Matched,2.766666667,,coadread_tcga_pan_can_atlas_2018,MANTIS_MSISENSOR_THRESHOLD,MSS,MSS,Primary,Colorectal Cancer,Colon Adenocarcinoma,0.2858,,22.0,0.3583,0.18,46.0,No,Yes,Greater Poland Cancer Center,CM,Colon,Colon Adenocarcinoma,0.3583,0.18,cBioPortal PanCancer Atlas; MANTIS/MSIsensor thresholds
TCGA-CM-4751,TCGA-CM-4751-01,Colorectal Cancer,Colon Adenocarcinoma,,,0.1867,,,,,,,,90.0,COAD,,Primary,,Matched,3.033333333,,coadread_tcga_pan_can_atlas_2018,MANTIS_MSISENSOR_THRESHOLD,MSS,MSS,Primary,Colorectal Cancer,Colon Adenocarcinoma,0.1867,,8.0,0.3606,0.0,13.0,No,Yes,Greater Poland Cancer Center,CM,Colon,Colon Adenocarcinoma,0.3606,0.0,cBioPortal PanCancer Atlas; MANTIS/MSIsensor thresholds
TCGA-CM-4752,TCGA-CM-4752-01,Colorectal Cancer,Colon Adenocarcinoma,,,0.4029,,,,,,,,121.0,COAD,,Primary,,Matched,4.033333333,,coadread_tcga_pan_can_atlas_2018,MANTIS_MSISENSOR_THRESHOLD,MSS,MSS,Primary,Colorectal Cancer,Colon Adenocarcinoma,0.4029,,28.0,0.3498,0.02,152.0,No,Yes,Greater Poland Cancer Center,CM,Colon,Colon Adenocarcinoma,0.3498,0.02,cBioPortal PanCancer Atlas; MANTIS/MSIsensor thresholds
TCGA-CM-5341,TCGA-CM-5341-01,Colorectal Cancer,Colon Adenocarcinoma,,,0.2701,,,,,,,,145.0,COAD,,Primary,,Matched,4.866666667,,coadread_tcga_pan_can_atlas_2018,MANTIS_MSISENSOR_THRESHOLD,MSS,MSS,Primary,Colorectal Cancer,Colon Adenocarcinoma,0.2701,,19.0,0.3524,0.0,65.0,Yes,No,Greater Poland Cancer Center,CM,Colon,Colon Adenocarcinoma,0.3524,0.0,cBioPortal PanCancer Atlas; MANTIS/MSIsensor thresholds
TCGA-CM-5344,TCGA-CM-5344-01,Colorectal Cancer,Colon Adenocarcinoma,,,0.3266,,,,,,,,59.0,COAD,,Primary,,Matched,1.966666667,,coadread_tcga_pan_can_atlas_2018,MANTIS_MSISENSOR_THRESHOLD,MSS,MSS,Primary,Colorectal Cancer,Colon Adenocarcinoma,0.3266,,21.0,0.3396,0.47,34.0,Yes,No,Greater Poland Cancer Center,CM,Colon,Colon Adenocarcinoma,0.3396,0.47,cBioPortal PanCancer Atlas; MANTIS/MSIsensor thresholds
TCGA-CM-5348,TCGA-CM-5348-01,Colorectal Cancer,Colon Adenocarcinoma,,,0.2869,,,,,,,,168.0,COAD,,Primary,,Matched,5.633333333,,coadread_tcga_pan_can_atlas_2018,MANTIS_MSISENSOR_THRESHOLD,MSS,MSS,Primary,Colorectal Cancer,Colon Adenocarcinoma,0.2869,,24.0,0.3321,0.56,101.0,No,Yes,Greater Poland Cancer Center,CM,Colon,Colon Adenocarcinoma,0.3321,0.56,cBioPortal PanCancer Atlas; MANTIS/MSIsensor thresholds
TCGA-CM-5349,TCGA-CM-5349-01,Colorectal Cancer,Colon Adenocarcinoma,,,0.278,,,,,,,,96.0,COAD,,Primary,,Matched,3.133333333,,coadread_tcga_pan_can_atlas_2018,MANTIS_MSISENSOR_THRESHOLD,MSS,MSS,Primary,Colorectal Cancer,Colon Adenocarcinoma,0.278,,9.0,0.3249,0.0,41.0,Yes,No,Greater Poland Cancer Center,CM,Colon,Colon Adenocarcinoma,0.3249,0.0,cBioPortal PanCancer Atlas; MANTIS/MSIsensor thresholds
TCGA-CM-5860,TCGA-CM-5860-01,Colorectal Cancer,Colon Adenocarcinoma,,,0.1713,,,,,,,,103.0,COAD,,Primary,,Matched,3.5,,coadread_tcga_pan_can_atlas_2018,MANTIS_MSISENSOR_THRESHOLD,MSS,MSS,Primary,Colorectal Cancer,Colon Adenocarcinoma,0.1713,,28.0,0.3393,0.54,48.0,Yes,No,Greater Poland Cancer Center,CM,Colon,Colon Adenocarcinoma,0.3393,0.54,cBioPortal PanCancer Atlas; MANTIS/MSIsensor thresholds
TCGA-CM-5861,TCGA-CM-5861-01,Colorectal Cancer,Colon Adenocarcinoma,,,0.0847,,,,,,,,1362.0,COAD,,Primary,,Matched,45.76666667,,coadread_tcga_pan_can_atlas_2018,MANTIS_MSISENSOR_THRESHOLD,MSI-H,MSI-H,Primary,Colorectal Cancer,Colon Adenocarcinoma,0.0847,,3.0,0.9692,34.37,14.0,Yes,No,Greater Poland Cancer Center,CM,Colon,Colon Adenocarcinoma,0.9692,34.37,cBioPortal PanCancer Atlas; MANTIS/MSIsensor thresholds
TCGA-CM-5862,TCGA-CM-5862-01,Colorectal Cancer,Colon Adenocarcinoma,,,0.6764,,,,,,,,85.0,COAD,,Primary,,Matched,2.866666667,,coadread_tcga_pan_can_atlas_2018,MANTIS_MSISENSOR_THRESHOLD,MSS,MSS,Primary,Colorectal Cancer,Colon Adenocarcinoma,0.6764,,26.0,0.3545,1.45,114.0,Yes,No,Greater Poland Cancer Center,CM,Colon,Colon Adenocarcinoma,0.3545,1.45,cBioPortal PanCancer Atlas; MANTIS/MSIsensor thresholds
TCGA-CM-5863,TCGA-CM-5863-01,Colorectal Cancer,Mucinous Adenocarcinoma of the Colon and Rectum,,,0.0736,,,,,,,,60.0,MACR,,Primary,,Matched,2.033333333,,coadread_tcga_pan_can_atlas_2018,MANTIS_MSISENSOR_THRESHOLD,MSS,MSS,Primary,Colorectal Cancer,Mucinous Adenocarcinoma of the Colon and Rectum,0.0736,,,0.3973,0.0,19.0,Yes,No,Greater Poland Cancer Center,CM,Colon,"Colon Adenocarcinoma, Mucinous Type",0.3973,0.0,cBioPortal PanCancer Atlas; MANTIS/MSIsensor thresholds
TCGA-CM-5864,TCGA-CM-5864-01,Colorectal Cancer,Colon Adenocarcinoma,,,0.3226,,,,,,,,172.0,COAD,,Primary,,Matched,5.733333333,,coadread_tcga_pan_can_atlas_2018,MANTIS_MSISENSOR_THRESHOLD,MSS,MSS,Primary,Colorectal Cancer,Colon Adenocarcinoma,0.3226,,26.0,0.3329,0.53,28.0,Yes,No,Greater Poland Cancer Center,CM,Colon,Colon Adenocarcinoma,0.3329,0.53,cBioPortal PanCancer Atlas; MANTIS/MSIsensor thresholds
TCGA-CM-5868,TCGA-CM-5868-01,Colorectal Cancer,Colon Adenocarcinoma,,,0.2237,,,,,,,,81.0,COAD,,Primary,,Matched,2.7,,coadread_tcga_pan_can_atlas_2018,MANTIS_MSISENSOR_THRESHOLD,MSS,MSS,Primary,Colorectal Cancer,Colon Adenocarcinoma,0.2237,,11.0,0.3403,0.89,78.0,Yes,No,MSKCC,CM,Colon,Colon Adenocarcinoma,0.3403,0.89,cBioPortal PanCancer Atlas; MANTIS/MSIsensor thresholds
TCGA-CM-6161,TCGA-CM-6161-01,Colorectal Cancer,Colon Adenocarcinoma,,,0.0216,,,,,,,,78.0,COAD,,Primary,,Matched,2.633333333,,coadread_tcga_pan_can_atlas_2018,MANTIS_MSISENSOR_THRESHOLD,MSS,MSS,Primary,Colorectal Cancer,Colon Adenocarcinoma,0.0216,,16.0,0.3145,0.25,14.0,Yes,No,MSKCC,CM,Colon,Colon Adenocarcinoma,0.3145,0.25,cBioPortal PanCancer Atlas; MANTIS/MSIsensor thresholds
TCGA-CM-6162,TCGA-CM-6162-01,Colorectal Cancer,Mucinous Adenocarcinoma of the Colon and Rectum,,,0.0005,,,,,,,,1001.0,MACR,,Primary,,Matched,33.63333333,,coadread_tcga_pan_can_atlas_2018,MANTIS_MSISENSOR_THRESHOLD,MSI-H,MSI-H,Primary,Colorectal Cancer,Mucinous Adenocarcinoma of the Colon and Rectum,0.0005,,0.0,0.8773,29.11,3.0,Yes,No,MSKCC,CM,Colon,"Colon Adenocarcinoma, Mucinous Type",0.8773,29.11,cBioPortal PanCancer Atlas; MANTIS/MSIsensor thresholds
TCGA-CM-6163,TCGA-CM-6163-01,Colorectal Cancer,Colon Adenocarcinoma,,,0.5061,,,,,,,,93.0,COAD,,Primary,,Matched,3.166666667,,coadread_tcga_pan_can_atlas_2018,MANTIS_MSISENSOR_THRESHOLD,MSS,MSS,Primary,Colorectal Cancer,Colon Adenocarcinoma,0.5061,,27.0,0.3345,0.07,24.0,Yes,No,MSKCC,CM,Colon,Colon Adenocarcinoma,0.3345,0.07,cBioPortal PanCancer Atlas; MANTIS/MSIsensor thresholds
TCGA-CM-6164,TCGA-CM-6164-01,Colorectal Cancer,Colon Adenocarcinoma,,,0.1404,,,,,,,,66.0,COAD,,Primary,,Matched,2.266666667,,coadread_tcga_pan_can_atlas_2018,MANTIS_MSISENSOR_THRESHOLD,MSS,MSS,Primary,Colorectal Cancer,Colon Adenocarcinoma,0.1404,,19.0,0.3277,0.05,25.0,No,Yes,MSKCC,CM,Colon,Colon Adenocarcinoma,0.3277,0.05,cBioPortal PanCancer Atlas; MANTIS/MSIsensor thresholds
TCGA-CM-6165,TCGA-CM-6165-01,Colorectal Cancer,Colon Adenocarcinoma,,,0.1076,,,,,,,,102.0,COAD,,Primary,,Matched,3.5,,coadread_tcga_pan_can_atlas_2018,MANTIS_MSISENSOR_THRESHOLD,MSS,MSS,Primary,Colorectal Cancer,Colon Adenocarcinoma,0.1076,,6.0,0.3145,0.1,4.0,Yes,No,MSKCC,CM,Colon,Colon Adenocarcinoma,0.3145,0.1,cBioPortal PanCancer Atlas; MANTIS/MSIsensor thresholds
TCGA-CM-6166,TCGA-CM-6166-01,Colorectal Cancer,Colon Adenocarcinoma,,,0.3279,,,,,,,,81.0,COAD,,Primary,,Matched,2.666666667,,coadread_tcga_pan_can_atlas_2018,MANTIS_MSISENSOR_THRESHOLD,MSS,MSS,Primary,Colorectal Cancer,Colon Adenocarcinoma,0.3279,,16.0,0.3171,0.33,30.0,No,Yes,MSKCC,CM,Colon,Colon Adenocarcinoma,0.3171,0.33,cBioPortal PanCancer Atlas; MANTIS/MSIsensor thresholds
TCGA-CM-6167,TCGA-CM-6167-01,Colorectal Cancer,Colon Adenocarcinoma,,,0.0986,,,,,,,,79.0,COAD,,Primary,,Matched,2.7,,coadread_tcga_pan_can_atlas_2018,MANTIS_MSISENSOR_THRESHOLD,MSS,MSS,Primary,Colorectal Cancer,Colon Adenocarcinoma,0.0986,,27.0,0.3157,0.06,32.0,Yes,No,MSKCC,CM,Colon,Colon Adenocarcinoma,0.3157,0.06,cBioPortal PanCancer Atlas; MANTIS/MSIsensor thresholds
TCGA-CM-6169,TCGA-CM-6169-01,Colorectal Cancer,Colon Adenocarcinoma,,,0.1635,,,,,,,,102.0,COAD,,Primary,,Matched,3.366666667,,coadread_tcga_pan_can_atlas_2018,MANTIS_MSISENSOR_THRESHOLD,MSS,MSS,Primary,Colorectal Cancer,Colon Adenocarcinoma,0.1635,,9.0,0.3404,0.78,24.0,Yes,No,MSKCC,CM,Colon,Colon Adenocarcinoma,0.3404,0.78,cBioPortal PanCancer Atlas; MANTIS/MSIsensor thresholds
TCGA-CM-6170,TCGA-CM-6170-01,Colorectal Cancer,Colon Adenocarcinoma,,,0.3913,,,,,,,,84.0,COAD,,Primary,,Matched,2.8,,coadread_tcga_pan_can_atlas_2018,MANTIS_MSISENSOR_THRESHOLD,MSS,MSS,Primary,Colorectal Cancer,Colon Adenocarcinoma,0.3913,,14.0,0.3219,0.21,51.0,Yes,No,MSKCC,CM,Colon,Colon Adenocarcinoma,0.3219,0.21,cBioPortal PanCancer Atlas; MANTIS/MSIsensor thresholds
TCGA-CM-6171,TCGA-CM-6171-01,Colorectal Cancer,Colon Adenocarcinoma,,,0.0463,,,,,,,,1149.0,COAD,,Primary,,Matched,38.53333333,,coadread_tcga_pan_can_atlas_2018,MANTIS_MSISENSOR_THRESHOLD,MSI-H,MSI-H,Primary,Colorectal Cancer,Colon Adenocarcinoma,0.0463,,1.0,1.1813,43.0,16.0,Yes,No,MSKCC,CM,Colon,Colon Adenocarcinoma,1.1813,43.0,cBioPortal PanCancer Atlas; MANTIS/MSIsensor thresholds
TCGA-CM-6172,TCGA-CM-6172-01,Colorectal Cancer,Colon Adenocarcinoma,,,0.2643,,,,,,,,82.0,COAD,,Primary,,Matched,2.8,,coadread_tcga_pan_can_atlas_2018,MANTIS_MSISENSOR_THRESHOLD,MSS,MSS,Primary,Colorectal Cancer,Colon Adenocarcinoma,0.2643,,10.0,0.3388,0.16,72.0,Yes,No,MSKCC,CM,Colon,Colon Adenocarcinoma,0.3388,0.16,cBioPortal PanCancer Atlas; MANTIS/MSIsensor thresholds
TCGA-CM-6674,TCGA-CM-6674-01,Colorectal Cancer,Colon Adenocarcinoma,,,0.0001,,,,,,,,837.0,COAD,,Primary,,Matched,28.13333333,,coadread_tcga_pan_can_atlas_2018,MANTIS_MSISENSOR_THRESHOLD,MSI-H,MSI-H,Primary,Colorectal Cancer,Colon Adenocarcinoma,0.0001,,0.0,0.7398,21.08,0.0,Yes,No,University Of Michigan,CM,Colon,Colon Adenocarcinoma,0.7398,21.08,cBioPortal PanCancer Atlas; MANTIS/MSIsensor thresholds
TCGA-CM-6675,TCGA-CM-6675-01,Colorectal Cancer,Colon Adenocarcinoma,,,0.3954,,,,,,,,79.0,COAD,,Primary,,Matched,2.733333333,,coadread_tcga_pan_can_atlas_2018,MANTIS_MSISENSOR_THRESHOLD,MSS,MSS,Primary,Colorectal Cancer,Colon Adenocarcinoma,0.3954,,4.0,0.357,0.38,71.0,Yes,No,University Of Michigan,CM,Colon,Colon Adenocarcinoma,0.357,0.38,cBioPortal PanCancer Atlas; MANTIS/MSIsensor thresholds
TCGA-CM-6676,TCGA-CM-6676-01,Colorectal Cancer,Colon Adenocarcinoma,,,0.2052,,,,,,,,97.0,COAD,,Primary,,Matched,3.266666667,,coadread_tcga_pan_can_atlas_2018,MANTIS_MSISENSOR_THRESHOLD,MSS,MSS,Primary,Colorectal Cancer,Colon Adenocarcinoma,0.2052,,21.0,0.353,0.05,22.0,Yes,No,University Of Michigan,CM,Colon,Colon Adenocarcinoma,0.353,0.05,cBioPortal PanCancer Atlas; MANTIS/MSIsensor thresholds
TCGA-CM-6677,TCGA-CM-6677-01,Colorectal Cancer,Colon Adenocarcinoma,,,0.3427,,,,,,,,136.0,COAD,,Primary,,Matched,4.533333333,,coadread_tcga_pan_can_atlas_2018,MANTIS_MSISENSOR_THRESHOLD,MSS,MSS,Primary,Colorectal Cancer,Colon Adenocarcinoma,0.3427,,19.0,0.3529,0.48,90.0,Yes,No,University Of Michigan,CM,Colon,Colon Adenocarcinoma,0.3529,0.48,cBioPortal PanCancer Atlas; MANTIS/MSIsensor thresholds
TCGA-CM-6678,TCGA-CM-6678-01,Colorectal Cancer,Colon Adenocarcinoma,,,0.1951,,,,,,,,119.0,COAD,,Primary,,Matched,4.133333333,,coadread_tcga_pan_can_atlas_2018,MANTIS_MSISENSOR_THRESHOLD,MSS,MSS,Primary,Colorectal Cancer,Colon Adenocarcinoma,0.1951,,12.0,0.349,0.13,18.0,Yes,No,University Of Michigan,CM,Colon,Colon Adenocarcinoma,0.349,0.13,cBioPortal PanCancer Atlas; MANTIS/MSIsensor thresholds
TCGA-CM-6679,TCGA-CM-6679-01,Colorectal Cancer,Colon Adenocarcinoma,,,0.2426,,,,,,,,71.0,COAD,,Primary,,Matched,2.366666667,,coadread_tcga_pan_can_atlas_2018,MANTIS_MSISENSOR_THRESHOLD,MSS,MSS,Primary,Colorectal Cancer,Colon Adenocarcinoma,0.2426,,25.0,0.3381,0.16,37.0,Yes,No,University Of Michigan,CM,Colon,Colon Adenocarcinoma,0.3381,0.16,cBioPortal PanCancer Atlas; MANTIS/MSIsensor thresholds
TCGA-D5-5537,TCGA-D5-5537-01,Colorectal Cancer,Colon Adenocarcinoma,,,0.4083,,,,,,,,94.0,COAD,,Primary,,Matched,3.166666667,,coadread_tcga_pan_can_atlas_2018,MANTIS_MSISENSOR_THRESHOLD,MSS,MSS,Primary,Colorectal Cancer,Colon Adenocarcinoma,0.4083,,19.0,0.3494,0.42,7.0,Yes,No,University Of Michigan,D5,Colon,Colon Adenocarcinoma,0.3494,0.42,cBioPortal PanCancer Atlas; MANTIS/MSIsensor thresholds
TCGA-D5-5538,TCGA-D5-5538-01,Colorectal Cancer,Colon Adenocarcinoma,,,0.198,,,,,,,,102.0,COAD,,Primary,,Matched,3.5,,coadread_tcga_pan_can_atlas_2018,MANTIS_MSISENSOR_THRESHOLD,MSS,MSS,Primary,Colorectal Cancer,Colon Adenocarcinoma,0.198,,7.0,0.3546,0.4,83.0,Yes,No,University Of Michigan,D5,Colon,Colon Adenocarcinoma,0.3546,0.4,cBioPortal PanCancer Atlas; MANTIS/MSIsensor thresholds
TCGA-D5-5539,TCGA-D5-5539-01,Colorectal Cancer,Mucinous Adenocarcinoma of the Colon and Rectum,,,0.166,,,,,,,,91.0,MACR,,Primary,,Matched,3.066666667,,coadread_tcga_pan_can_atlas_2018,MANTIS_MSISENSOR_THRESHOLD,MSS,MSS,Primary,Colorectal Cancer,Mucinous Adenocarcinoma of the Colon and Rectum,0.166,,21.0,0.3573,0.38,73.0,Yes,No,University Of Michigan,D5,Colon,"Colon Adenocarcinoma, Mucinous Type",0.3573,0.38,cBioPortal PanCancer Atlas; MANTIS/MSIsensor thresholds
TCGA-D5-5540,TCGA-D5-5540-01,Colorectal Cancer,Colon Adenocarcinoma,,,0.2999,,,,,,,,110.0,COAD,,Primary,,Matched,3.7,,coadread_tcga_pan_can_atlas_2018,MANTIS_MSISENSOR_THRESHOLD,MSS,MSS,Primary,Colorectal Cancer,Colon Adenocarcinoma,0.2999,,12.0,0.3281,0.88,68.0,Yes,No,University Of Michigan,D5,Colon,Colon Adenocarcinoma,0.3281,0.88,cBioPortal PanCancer Atlas; MANTIS/MSIsensor thresholds
TCGA-D5-5541,TCGA-D5-5541-01,Colorectal Cancer,Colon Adenocarcinoma,,,0.3206,,,,,,,,59.0,COAD,,Primary,,Matched,2.0,,coadread_tcga_pan_can_atlas_2018,MANTIS_MSISENSOR_THRESHOLD,MSS,MSS,Primary,Colorectal Cancer,Colon Adenocarcinoma,0.3206,,12.0,0.328,0.51,42.0,Yes,No,University Of Michigan,D5,Colon,Colon Adenocarcinoma,0.328,0.51,cBioPortal PanCancer Atlas; MANTIS/MSIsensor thresholds
TCGA-D5-6529,TCGA-D5-6529-01,Colorectal Cancer,Colon Adenocarcinoma,,,0.1168,,,,,,,,97.0,COAD,,Primary,,Matched,3.233333333,,coadread_tcga_pan_can_atlas_2018,MANTIS_MSISENSOR_THRESHOLD,MSS,MSS,Primary,Colorectal Cancer,Colon Adenocarcinoma,0.1168,,21.0,0.3658,0.18,24.0,Yes,No,University Of Michigan,D5,Colon,Colon Adenocarcinoma,0.3658,0.18,cBioPortal PanCancer Atlas; MANTIS/MSIsensor thresholds
TCGA-D5-6530,TCGA-D5-6530-01,Colorectal Cancer,Colon Adenocarcinoma,,,0.0078,,,,,,,,1046.0,COAD,,Primary,,Matched,35.16666667,,coadread_tcga_pan_can_atlas_2018,MANTIS_MSISENSOR_THRESHOLD,MSI-H,MSI-H,Primary,Colorectal Cancer,Colon Adenocarcinoma,0.0078,,0.0,1.0856,41.17,17.0,Yes,No,University Of Michigan,D5,Colon,Colon Adenocarcinoma,1.0856,41.17,cBioPortal PanCancer Atlas; MANTIS/MSIsensor thresholds
TCGA-D5-6531,TCGA-D5-6531-01,Colorectal Cancer,Colon Adenocarcinoma,,,0.6453,,,,,,,,169.0,COAD,,Primary,,Matched,5.7,,coadread_tcga_pan_can_atlas_2018,MANTIS_MSISENSOR_THRESHOLD,MSS,MSS,Primary,Colorectal Cancer,Colon Adenocarcinoma,0.6453,,25.0,0.347,0.81,49.0,Yes,No,University Of Michigan,D5,Colon,Colon Adenocarcinoma,0.347,0.81,cBioPortal PanCancer Atlas; MANTIS/MSIsensor thresholds
TCGA-D5-6532,TCGA-D5-6532-01,Colorectal Cancer,Colon Adenocarcinoma,,,0.1541,,,,,,,,93.0,COAD,,Primary,,Matched,3.133333333,,coadread_tcga_pan_can_atlas_2018,MANTIS_MSISENSOR_THRESHOLD,MSS,MSS,Primary,Colorectal Cancer,Colon Adenocarcinoma,0.1541,,7.0,0.3466,0.62,46.0,Yes,No,University Of Michigan,D5,Colon,Colon Adenocarcinoma,0.3466,0.62,cBioPortal PanCancer Atlas; MANTIS/MSIsensor thresholds
TCGA-D5-6533,TCGA-D5-6533-01,Colorectal Cancer,Colon Adenocarcinoma,,,0.5398,,,,,,,,143.0,COAD,,Primary,,Matched,4.866666667,,coadread_tcga_pan_can_atlas_2018,MANTIS_MSISENSOR_THRESHOLD,MSS,MSS,Primary,Colorectal Cancer,Colon Adenocarcinoma,0.5398,,21.0,0.3337,0.52,104.0,Yes,No,University Of Michigan,D5,Colon,Colon Adenocarcinoma,0.3337,0.52,cBioPortal PanCancer Atlas; MANTIS/MSIsensor thresholds
TCGA-D5-6534,TCGA-D5-6534-01,Colorectal Cancer,Mucinous Adenocarcinoma of the Colon and Rectum,,,0.2042,,,,,,,,152.0,MACR,,Primary,,Matched,5.066666667,,coadread_tcga_pan_can_atlas_2018,MANTIS_MSISENSOR_THRESHOLD,MSS,MSS,Primary,Colorectal Cancer,Mucinous Adenocarcinoma of the Colon and Rectum,0.2042,,13.0,0.3343,0.04,57.0,Yes,No,University Of Michigan,D5,Colon,"Colon Adenocarcinoma, Mucinous Type",0.3343,0.04,cBioPortal PanCancer Atlas; MANTIS/MSIsensor thresholds
TCGA-D5-6535,TCGA-D5-6535-01,Colorectal Cancer,Colon Adenocarcinoma,,,0.5387,,,,,,,,157.0,COAD,,Primary,,Matched,5.233333333,,coadread_tcga_pan_can_atlas_2018,MANTIS_MSISENSOR_THRESHOLD,MSS,MSS,Primary,Colorectal Cancer,Colon Adenocarcinoma,0.5387,,17.0,0.343,0.28,116.0,Yes,No,University Of Michigan,D5,Colon,Colon Adenocarcinoma,0.343,0.28,cBioPortal PanCancer Atlas; MANTIS/MSIsensor thresholds
TCGA-D5-6536,TCGA-D5-6536-01,Colorectal Cancer,Colon Adenocarcinoma,,,0.2667,,,,,,,,108.0,COAD,,Primary,,Matched,3.566666667,,coadread_tcga_pan_can_atlas_2018,MANTIS_MSISENSOR_THRESHOLD,MSS,MSS,Primary,Colorectal Cancer,Colon Adenocarcinoma,0.2667,,9.0,0.3522,0.23,73.0,Yes,No,University Of Michigan,D5,Colon,Colon Adenocarcinoma,0.3522,0.23,cBioPortal PanCancer Atlas; MANTIS/MSIsensor thresholds
TCGA-D5-6537,TCGA-D5-6537-01,Colorectal Cancer,Colon Adenocarcinoma,,,0.3193,,,,,,,,101.0,COAD,,Primary,,Matched,3.4,,coadread_tcga_pan_can_atlas_2018,MANTIS_MSISENSOR_THRESHOLD,MSS,MSS,Primary,Colorectal Cancer,Colon Adenocarcinoma,0.3193,,12.0,0.3503,0.37,23.0,Yes,No,University Of Michigan,D5,Colon,Colon Adenocarcinoma,0.3503,0.37,cBioPortal PanCancer Atlas; MANTIS/MSIsensor thresholds
TCGA-D5-6538,TCGA-D5-6538-01,Colorectal Cancer,Colon Adenocarcinoma,,,0.4326,,,,,,,,116.0,COAD,,Primary,,Matched,3.9,,coadread_tcga_pan_can_atlas_2018,MANTIS_MSISENSOR_THRESHOLD,MSS,MSS,Primary,Colorectal Cancer,Colon Adenocarcinoma,0.4326,,31.0,0.3432,0.75,46.0,Yes,No,University Of Michigan,D5,Colon,Colon Adenocarcinoma,0.3432,0.75,cBioPortal PanCancer Atlas; MANTIS/MSIsensor thresholds
TCGA-D5-6539,TCGA-D5-6539-01,Colorectal Cancer,Colon Adenocarcinoma,,,0.2188,,,,,,,,96.0,COAD,,Primary,,Matched,3.166666667,,coadread_tcga_pan_can_atlas_2018,MANTIS_MSISENSOR_THRESHOLD,MSS,MSS,Primary,Colorectal Cancer,Colon Adenocarcinoma,0.2188,,27.0,0.3265,0.0,78.0,Yes,No,University Of Michigan,D5,Colon,Colon Adenocarcinoma,0.3265,0.0,cBioPortal PanCancer Atlas; MANTIS/MSIsensor thresholds
TCGA-D5-6540,TCGA-D5-6540-01,Colorectal Cancer,Mucinous Adenocarcinoma of the Colon and Rectum,,,0.0765,,,,,,,,1189.0,MACR,,Primary,,Matched,40.03333333,,coadread_tcga_pan_can_atlas_2018,MANTIS_MSISENSOR_THRESHOLD,MSI-H,MSI-H,Primary,Colorectal Cancer,Mucinous Adenocarcinoma of the Colon and Rectum,0.0765,,4.0,0.9984,32.59,4.0,Yes,No,University Of Michigan,D5,Colon,"Colon Adenocarcinoma, Mucinous Type",0.9984,32.59,cBioPortal PanCancer Atlas; MANTIS/MSIsensor thresholds
TCGA-D5-6541,TCGA-D5-6541-01,Colorectal Cancer,Colon Adenocarcinoma,,,0.0831,,,,,,,,84.0,COAD,,Primary,,Matched,2.8,,coadread_tcga_pan_can_atlas_2018,MANTIS_MSISENSOR_THRESHOLD,MSS,MSS,Primary,Colorectal Cancer,Colon Adenocarcinoma,0.0831,,4.0,0.3319,0.11,37.0,Yes,No,University Of Michigan,D5,Colon,Colon Adenocarcinoma,0.3319,0.11,cBioPortal PanCancer Atlas; MANTIS/MSIsensor thresholds
TCGA-D5-6898,TCGA-D5-6898-01,Colorectal Cancer,Colon Adenocarcinoma,,,0.3116,,,,,,,,70.0,COAD,,Primary,,Matched,2.366666667,,coadread_tcga_pan_can_atlas_2018,MANTIS_MSISENSOR_THRESHOLD,MSS,MSS,Primary,Colorectal Cancer,Colon Adenocarcinoma,0.3116,,15.0,0.3407,0.17,45.0,Yes,No,ILSBio,D5,Colon,Colon Adenocarcinoma,0.3407,0.17,cBioPortal PanCancer Atlas; MANTIS/MSIsensor thresholds
TCGA-D5-6920,TCGA-D5-6920-01,Colorectal Cancer,Colon Adenocarcinoma,,,0.0217,,,,,,,,107.0,COAD,,Primary,,Matched,3.566666667,,coadread_tcga_pan_can_atlas_2018,MANTIS_MSISENSOR_THRESHOLD,MSS,MSS,Primary,Colorectal Cancer,Colon Adenocarcinoma,0.0217,,2.0,0.3434,0.01,9.0,Yes,No,University Of Michigan,D5,Colon,Colon Adenocarcinoma,0.3434,0.01,cBioPortal PanCancer Atlas; MANTIS/MSIsensor thresholds
TCGA-D5-6922,TCGA-D5-6922-01,Colorectal Cancer,Colon Adenocarcinoma,,,0.4461,,,,,,,,94.0,COAD,,Primary,,Matched,3.233333333,,coadread_tcga_pan_can_atlas_2018,MANTIS_MSISENSOR_THRESHOLD,MSS,MSS,Primary,Colorectal Cancer,Colon Adenocarcinoma,0.4461,,16.0,0.3579,0.07,61.0,Yes,No,University Of Michigan,D5,Colon,Colon Adenocarcinoma,0.3579,0.07,cBioPortal PanCancer Atlas; MANTIS/MSIsensor thresholds
TCGA-D5-6923,TCGA-D5-6923-01,Colorectal Cancer,Colon Adenocarcinoma,,,0.2199,,,,,,,,,COAD,,Primary,,Matched,0.0,,coadread_tcga_pan_can_atlas_2018,MANTIS_MSISENSOR_THRESHOLD,MSS,MSS,Primary,Colorectal Cancer,Colon Adenocarcinoma,0.2199,,9.0,0.3476,0.2,103.0,Yes,No,University Of Michigan,D5,Colon,Colon Adenocarcinoma,0.3476,0.2,cBioPortal PanCancer Atlas; MANTIS/MSIsensor thresholds
TCGA-D5-6924,TCGA-D5-6924-01,Colorectal Cancer,Colon Adenocarcinoma,,,0.1867,,,,,,,,144.0,COAD,,Primary,,Matched,4.9,,coadread_tcga_pan_can_atlas_2018,MANTIS_MSISENSOR_THRESHOLD,MSS,MSS,Primary,Colorectal Cancer,Colon Adenocarcinoma,0.1867,,17.0,0.3409,0.06,42.0,Yes,No,University Of Michigan,D5,Colon,Colon Adenocarcinoma,0.3409,0.06,cBioPortal PanCancer Atlas; MANTIS/MSIsensor thresholds
TCGA-D5-6926,TCGA-D5-6926-01,Colorectal Cancer,Colon Adenocarcinoma,,,0.2269,,,,,,,,99.0,COAD,,Primary,,Matched,3.366666667,,coadread_tcga_pan_can_atlas_2018,MANTIS_MSISENSOR_THRESHOLD,MSS,MSS,Primary,Colorectal Cancer,Colon Adenocarcinoma,0.2269,,16.0,0.3496,0.18,69.0,Yes,No,University Of Michigan,D5,Colon,Colon Adenocarcinoma,0.3496,0.18,cBioPortal PanCancer Atlas; MANTIS/MSIsensor thresholds
TCGA-D5-6927,TCGA-D5-6927-01,Colorectal Cancer,Colon Adenocarcinoma,,,0.0004,,,,,,,,661.0,COAD,,Primary,,Matched,22.16666667,,coadread_tcga_pan_can_atlas_2018,MANTIS_MSISENSOR_THRESHOLD,MSI-H,MSI-H,Primary,Colorectal Cancer,Colon Adenocarcinoma,0.0004,,0.0,0.7283,17.61,6.0,Yes,No,University Of Michigan,D5,Colon,Colon Adenocarcinoma,0.7283,17.61,cBioPortal PanCancer Atlas; MANTIS/MSIsensor thresholds
TCGA-D5-6928,TCGA-D5-6928-01,Colorectal Cancer,Mucinous Adenocarcinoma of the Colon and Rectum,,,0.0111,,,,,,,,1605.0,MACR,,Primary,,Matched,53.83333333,,coadread_tcga_pan_can_atlas_2018,MANTIS_MSISENSOR_THRESHOLD,MSI-H,MSI-H,Primary,Colorectal Cancer,Mucinous Adenocarcinoma of the Colon and Rectum,0.0111,,9.0,0.6559,14.76,12.0,Yes,No,University Of Michigan,D5,Colon,"Colon Adenocarcinoma, Mucinous Type",0.6559,14.76,cBioPortal PanCancer Atlas; MANTIS/MSIsensor thresholds
TCGA-D5-6929,TCGA-D5-6929-01,Colorectal Cancer,Colon Adenocarcinoma,,,0.1669,,,,,,,,105.0,COAD,,Primary,,Matched,3.6,,coadread_tcga_pan_can_atlas_2018,MANTIS_MSISENSOR_THRESHOLD,MSS,MSS,Primary,Colorectal Cancer,Colon Adenocarcinoma,0.1669,,18.0,0.3524,0.09,207.0,Yes,No,Cureline,D5,Colon,Colon Adenocarcinoma,0.3524,0.09,cBioPortal PanCancer Atlas; MANTIS/MSIsensor thresholds
TCGA-D5-6930,TCGA-D5-6930-01,Colorectal Cancer,Mucinous Adenocarcinoma of the Colon and Rectum,,,0.0012,,,,,,,,1216.0,MACR,,Primary,,Matched,40.63333333,,coadread_tcga_pan_can_atlas_2018,MANTIS_MSISENSOR_THRESHOLD,MSI-H,MSI-H,Primary,Colorectal Cancer,Mucinous Adenocarcinoma of the Colon and Rectum,0.0012,,0.0,0.6864,15.2,18.0,Yes,No,Cureline,D5,Colon,"Colon Adenocarcinoma, Mucinous Type",0.6864,15.2,cBioPortal PanCancer Atlas; MANTIS/MSIsensor thresholds
TCGA-D5-6931,TCGA-D5-6931-01,Colorectal Cancer,Colon Adenocarcinoma,,,0.1751,,,,,,,,281.0,COAD,,Primary,,Matched,9.366666667,,coadread_tcga_pan_can_atlas_2018,MANTIS_MSISENSOR_THRESHOLD,MSS,MSS,Primary,Colorectal Cancer,Colon Adenocarcinoma,0.1751,,4.0,0.3574,0.12,39.0,Yes,No,Greater Poland Cancer Center,D5,Colon,Colon Adenocarcinoma,0.3574,0.12,cBioPortal PanCancer Atlas; MANTIS/MSIsensor thresholds
TCGA-D5-6932,TCGA-D5-6932-01,Colorectal Cancer,Colon Adenocarcinoma,,,0.223,,,,,,,,121.0,COAD,,Primary,,Matched,4.1,,coadread_tcga_pan_can_atlas_2018,MANTIS_MSISENSOR_THRESHOLD,MSS,MSS,Primary,Colorectal Cancer,Colon Adenocarcinoma,0.223,,19.0,0.3444,0.19,110.0,Yes,No,Greater Poland Cancer Center,D5,Colon,Colon Adenocarcinoma,0.3444,0.19,cBioPortal PanCancer Atlas; MANTIS/MSIsensor thresholds
TCGA-D5-7000,TCGA-D5-7000-01,Colorectal Cancer,Mucinous Adenocarcinoma of the Colon and Rectum,,,0.2052,,,,,,,,103.0,MACR,,Primary,,Matched,3.4,,coadread_tcga_pan_can_atlas_2018,MANTIS_MSISENSOR_THRESHOLD,MSS,MSS,Primary,Colorectal Cancer,Mucinous Adenocarcinoma of the Colon and Rectum,0.2052,,9.0,0.3496,0.06,20.0,Yes,No,Greater Poland Cancer Center,D5,Colon,"Colon Adenocarcinoma, Mucinous Type",0.3496,0.06,cBioPortal PanCancer Atlas; MANTIS/MSIsensor thresholds
TCGA-DC-4745,TCGA-DC-4745-01,Colorectal Cancer,Rectal Adenocarcinoma,,,0.404,,,,,,,,66.0,READ,,Primary,,Matched,2.233333333,,coadread_tcga_pan_can_atlas_2018,MANTIS_MSISENSOR_THRESHOLD,MSS,MSS,Primary,Colorectal Cancer,Rectal Adenocarcinoma,0.404,,16.0,0.3391,0.66,170.0,No,Yes,Indivumed,DC,Rectum,Rectal Adenocarcinoma,0.3391,0.66,cBioPortal PanCancer Atlas; MANTIS/MSIsensor thresholds
TCGA-DC-4749,TCGA-DC-4749-01,Colorectal Cancer,Rectal Adenocarcinoma,,,0.4852,,,,,,,,67.0,READ,,Primary,,Matched,2.3,,coadread_tcga_pan_can_atlas_2018,MANTIS_MSISENSOR_THRESHOLD,MSS,MSS,Primary,Colorectal Cancer,Rectal Adenocarcinoma,0.4852,,20.0,0.3406,0.31,63.0,No,Yes,Indivumed,DC,Rectum,Rectal Adenocarcinoma,0.3406,0.31,cBioPortal PanCancer Atlas; MANTIS/MSIsensor thresholds
TCGA-DC-5337,TCGA-DC-5337-01,Colorectal Cancer,Rectal Adenocarcinoma,,,0.028,,,,,,,,93.0,READ,,Primary,,Matched,3.133333333,,coadread_tcga_pan_can_atlas_2018,MANTIS_MSISENSOR_THRESHOLD,MSS,MSS,Primary,Colorectal Cancer,Rectal Adenocarcinoma,0.028,,2.0,0.3191,0.15,11.0,Yes,No,Indivumed,DC,Rectum,Rectal Adenocarcinoma,0.3191,0.15,cBioPortal PanCancer Atlas; MANTIS/MSIsensor thresholds
TCGA-DC-5869,TCGA-DC-5869-01,Colorectal Cancer,Rectal Adenocarcinoma,,,0.4085,,,,,,,,74.0,READ,,Primary,,Matched,2.466666667,,coadread_tcga_pan_can_atlas_2018,MANTIS_MSISENSOR_THRESHOLD,MSS,MSS,Primary,Colorectal Cancer,Rectal Adenocarcinoma,0.4085,,25.0,0.3785,0.42,11.0,Yes,No,Indivumed,DC,Rectum,Rectal Adenocarcinoma,0.3785,0.42,cBioPortal PanCancer Atlas; MANTIS/MSIsensor thresholds
TCGA-DC-6154,TCGA-DC-6154-01,Colorectal Cancer,Rectal Adenocarcinoma,,,0.3525,,,,,,,,94.0,READ,,Primary,,Matched,3.133333333,,coadread_tcga_pan_can_atlas_2018,MANTIS_MSISENSOR_THRESHOLD,MSS,MSS,Primary,Colorectal Cancer,Rectal Adenocarcinoma,0.3525,,16.0,0.331,1.57,59.0,Yes,No,Indivumed,DC,Rectum,Rectal Adenocarcinoma,0.331,1.57,cBioPortal PanCancer Atlas; MANTIS/MSIsensor thresholds
TCGA-DC-6155,TCGA-DC-6155-01,Colorectal Cancer,Rectal Adenocarcinoma,,,0.4458,,,,,,,,52.0,READ,,Primary,,Matched,1.766666667,,coadread_tcga_pan_can_atlas_2018,MANTIS_MSISENSOR_THRESHOLD,MSS,MSS,Primary,Colorectal Cancer,Rectal Adenocarcinoma,0.4458,,20.0,0.3493,0.16,107.0,Yes,No,Indivumed,DC,Rectum,Rectal Adenocarcinoma,0.3493,0.16,cBioPortal PanCancer Atlas; MANTIS/MSIsensor thresholds
TCGA-DC-6157,TCGA-DC-6157-01,Colorectal Cancer,Rectal Adenocarcinoma,,,0.4915,,,,,,,,85.0,READ,,Primary,,Matched,2.833333333,,coadread_tcga_pan_can_atlas_2018,MANTIS_MSISENSOR_THRESHOLD,MSS,MSS,Primary,Colorectal Cancer,Rectal Adenocarcinoma,0.4915,,25.0,0.331,0.33,43.0,No,Yes,Indivumed,DC,Rectum,Rectal Adenocarcinoma,0.331,0.33,cBioPortal PanCancer Atlas; MANTIS/MSIsensor thresholds
TCGA-DC-6158,TCGA-DC-6158-01,Colorectal Cancer,Rectal Adenocarcinoma,,,0.4611,,,,,,,,84.0,READ,,Primary,,Matched,2.766666667,,coadread_tcga_pan_can_atlas_2018,MANTIS_MSISENSOR_THRESHOLD,MSS,MSS,Primary,Colorectal Cancer,Rectal Adenocarcinoma,0.4611,,22.0,0.339,0.34,93.0,Yes,No,Indivumed,DC,Rectum,Rectal Adenocarcinoma,0.339,0.34,cBioPortal PanCancer Atlas; MANTIS/MSIsensor thresholds
TCGA-DC-6160,TCGA-DC-6160-01,Colorectal Cancer,Rectal Adenocarcinoma,,,0.2459,,,,,,,,80.0,READ,,Primary,,Matched,2.7,,coadread_tcga_pan_can_atlas_2018,MANTIS_MSISENSOR_THRESHOLD,MSS,MSS,Primary,Colorectal Cancer,Rectal Adenocarcinoma,0.2459,,9.0,0.321,0.17,59.0,No,Yes,Indivumed,DC,Rectum,Rectal Adenocarcinoma,0.321,0.17,cBioPortal PanCancer Atlas; MANTIS/MSIsensor thresholds
TCGA-DC-6681,TCGA-DC-6681-01,Colorectal Cancer,Rectal Adenocarcinoma,,,0.058,,,,,,,,67.0,READ,,Primary,,Matched,2.2,,coadread_tcga_pan_can_atlas_2018,MANTIS_MSISENSOR_THRESHOLD,MSS,MSS,Primary,Colorectal Cancer,Rectal Adenocarcinoma,0.058,,4.0,0.3433,0.0,9.0,Yes,No,Indivumed,DC,Rectum,Rectal Adenocarcinoma,0.3433,0.0,cBioPortal PanCancer Atlas; MANTIS/MSIsensor thresholds
TCGA-DC-6682,TCGA-DC-6682-01,Colorectal Cancer,Rectal Adenocarcinoma,,,0.2024,,,,,,,,118.0,READ,,Primary,,Matched,3.933333333,,coadread_tcga_pan_can_atlas_2018,MANTIS_MSISENSOR_THRESHOLD,MSS,MSS,Primary,Colorectal Cancer,Rectal Adenocarcinoma,0.2024,,25.0,0.3334,0.09,174.0,Yes,No,Indivumed,DC,Rectum,Rectal Adenocarcinoma,0.3334,0.09,cBioPortal PanCancer Atlas; MANTIS/MSIsensor thresholds
TCGA-DC-6683,TCGA-DC-6683-01,Colorectal Cancer,Rectal Adenocarcinoma,,,0.3538,,,,,,,,71.0,READ,,Primary,,Matched,2.4,,coadread_tcga_pan_can_atlas_2018,MANTIS_MSISENSOR_THRESHOLD,MSS,MSS,Primary,Colorectal Cancer,Rectal Adenocarcinoma,0.3538,,19.0,0.3459,0.19,25.0,Yes,No,Indivumed,DC,Rectum,Rectal Adenocarcinoma,0.3459,0.19,cBioPortal PanCancer Atlas; MANTIS/MSIsensor thresholds
TCGA-DM-A0X9,TCGA-DM-A0X9-01,Colorectal Cancer,Colon Adenocarcinoma,,,0.1966,,,,,,,,170.0,COAD,,Primary,,Matched,5.666666667,,coadread_tcga_pan_can_atlas_2018,MANTIS_MSISENSOR_THRESHOLD,MSS,MSS,Primary,Colorectal Cancer,Colon Adenocarcinoma,0.1966,,9.0,0.3503,0.2,42.0,No,Yes,Greater Poland Cancer Center,DM,Colon,Colon Adenocarcinoma,0.3503,0.2,cBioPortal PanCancer Atlas; MANTIS/MSIsensor thresholds
TCGA-DM-A0XD,TCGA-DM-A0XD-01,Colorectal Cancer,Colon Adenocarcinoma,,,0.1362,,,,,,,,154.0,COAD,,Primary,,Matched,5.133333333,,coadread_tcga_pan_can_atlas_2018,MANTIS_MSISENSOR_THRESHOLD,MSS,MSS,Primary,Colorectal Cancer,Colon Adenocarcinoma,0.1362,,6.0,0.3301,0.15,106.0,No,Yes,Greater Poland Cancer Center,DM,Colon,Colon Adenocarcinoma,0.3301,0.15,cBioPortal PanCancer Atlas; MANTIS/MSIsensor thresholds
TCGA-DM-A0XF,TCGA-DM-A0XF-01,Colorectal Cancer,Colon Adenocarcinoma,,,0.2678,,,,,,,,112.0,COAD,,Primary,,Matched,3.7,,coadread_tcga_pan_can_atlas_2018,MANTIS_MSISENSOR_THRESHOLD,MSS,MSS,Primary,Colorectal Cancer,Colon Adenocarcinoma,0.2678,,13.0,0.3334,0.1,93.0,No,Yes,Greater Poland Cancer Center,DM,Colon,Colon Adenocarcinoma,0.3334,0.1,cBioPortal PanCancer Atlas; MANTIS/MSIsensor thresholds
TCGA-DM-A1D0,TCGA-DM-A1D0-01,Colorectal Cancer,Colon Adenocarcinoma,,,0.2443,,,,,,,,98.0,COAD,,Primary,,Matched,3.233333333,,coadread_tcga_pan_can_atlas_2018,MANTIS_MSISENSOR_THRESHOLD,MSS,MSS,Primary,Colorectal Cancer,Colon Adenocarcinoma,0.2443,,9.0,0.3358,0.67,79.0,No,Yes,Greater Poland Cancer Center,DM,Colon,Colon Adenocarcinoma,0.3358,0.67,cBioPortal PanCancer Atlas; MANTIS/MSIsensor thresholds
TCGA-DM-A1D4,TCGA-DM-A1D4-01,Colorectal Cancer,Colon Adenocarcinoma,,,0.2455,,,,,,,,164.0,COAD,,Primary,,Matched,5.466666667,,coadread_tcga_pan_can_atlas_2018,MANTIS_MSISENSOR_THRESHOLD,MSS,MSS,Primary,Colorectal Cancer,Colon Adenocarcinoma,0.2455,,9.0,0.3544,0.35,36.0,No,Yes,Greater Poland Cancer Center,DM,Colon,Colon Adenocarcinoma,0.3544,0.35,cBioPortal PanCancer Atlas; MANTIS/MSIsensor thresholds
TCGA-DM-A1D6,TCGA-DM-A1D6-01,Colorectal Cancer,Mucinous Adenocarcinoma of the Colon and Rectum,,,0.2642,,,,,,,,95.0,MACR,,Primary,,Matched,3.133333333,,coadread_tcga_pan_can_atlas_2018,MANTIS_MSISENSOR_THRESHOLD,MSS,MSS,Primary,Colorectal Cancer,Mucinous Adenocarcinoma of the Colon and Rectum,0.2642,,10.0,0.3534,0.53,61.0,No,Yes,Greater Poland Cancer Center,DM,Colon,"Colon Adenocarcinoma, Mucinous Type",0.3534,0.53,cBioPortal PanCancer Atlas; MANTIS/MSIsensor thresholds
TCGA-DM-A1D7,TCGA-DM-A1D7-01,Colorectal Cancer,Colon Adenocarcinoma,,,0.1597,,,,,,,,126.0,COAD,,Primary,,Matched,4.2,,coadread_tcga_pan_can_atlas_2018,MANTIS_MSISENSOR_THRESHOLD,MSS,MSS,Primary,Colorectal Cancer,Mucinous Adenocarcinoma of the Colon and Rectum,0.1597,,5.0,0.3316,0.01,124.0,No,Yes,Greater Poland Cancer Center,DM,Colon,Colon Adenocarcinoma,0.3316,0.01,cBioPortal PanCancer Atlas; MANTIS/MSIsensor thresholds
TCGA-DM-A1D8,TCGA-DM-A1D8-01,Colorectal Cancer,Colon Adenocarcinoma,,,0.3676,,,,,,,,144.0,COAD,,Primary,,Matched,4.8,,coadread_tcga_pan_can_atlas_2018,MANTIS_MSISENSOR_THRESHOLD,MSS,MSS,Primary,Colorectal Cancer,Colon Adenocarcinoma,0.3676,,17.0,0.3468,0.47,74.0,No,Yes,Greater Poland Cancer Center,DM,Colon,Colon Adenocarcinoma,0.3468,0.47,cBioPortal PanCancer Atlas; MANTIS/MSIsensor thresholds
TCGA-DM-A1D9,TCGA-DM-A1D9-01,Colorectal Cancer,Colon Adenocarcinoma,,,0.2667,,,,,,,,121.0,COAD,,Primary,,Matched,4.0,,coadread_tcga_pan_can_atlas_2018,MANTIS_MSISENSOR_THRESHOLD,MSS,MSS,Primary,Colorectal Cancer,Colon Adenocarcinoma,0.2667,,9.0,0.335,0.33,56.0,No,Yes,Greater Poland Cancer Center,DM,Colon,Colon Adenocarcinoma,0.335,0.33,cBioPortal PanCancer Atlas; MANTIS/MSIsensor thresholds
TCGA-DM-A1DA,TCGA-DM-A1DA-01,Colorectal Cancer,Colon Adenocarcinoma,,,0.7719,,,,,,,,251.0,COAD,,Primary,,Matched,8.466666667,,coadread_tcga_pan_can_atlas_2018,MANTIS_MSISENSOR_THRESHOLD,MSS,MSS,Primary,Colorectal Cancer,Colon Adenocarcinoma,0.7719,,17.0,0.3952,2.42,85.0,No,Yes,Greater Poland Cancer Center,DM,Colon,Colon Adenocarcinoma,0.3952,2.42,cBioPortal PanCancer Atlas; MANTIS/MSIsensor thresholds
TCGA-DM-A1DB,TCGA-DM-A1DB-01,Colorectal Cancer,Colon Adenocarcinoma,,,0.3363,,,,,,,,65.0,COAD,,Primary,,Matched,2.2,,coadread_tcga_pan_can_atlas_2018,MANTIS_MSISENSOR_THRESHOLD,MSS,MSS,Primary,Colorectal Cancer,Colon Adenocarcinoma,0.3363,,12.0,0.3441,0.25,92.0,No,Yes,Greater Poland Cancer Center,DM,Colon,Colon Adenocarcinoma,0.3441,0.25,cBioPortal PanCancer Atlas; MANTIS/MSIsensor thresholds
TCGA-DM-A1HA,TCGA-DM-A1HA-01,Colorectal Cancer,Colon Adenocarcinoma,,,0.3085,,,,,,,,133.0,COAD,,Primary,,Matched,4.5,,coadread_tcga_pan_can_atlas_2018,MANTIS_MSISENSOR_THRESHOLD,MSS,MSS,Primary,Colorectal Cancer,Colon Adenocarcinoma,0.3085,,10.0,0.3507,1.46,109.0,No,Yes,Greater Poland Cancer Center,DM,Colon,Colon Adenocarcinoma,0.3507,1.46,cBioPortal PanCancer Atlas; MANTIS/MSIsensor thresholds
TCGA-DM-A1HB,TCGA-DM-A1HB-01,Colorectal Cancer,Colon Adenocarcinoma,,,0.0004,,,,,,,,1117.0,COAD,,Primary,,Matched,37.1,,coadread_tcga_pan_can_atlas_2018,MANTIS_MSISENSOR_THRESHOLD,MSI-H,MSI-H,Primary,Colorectal Cancer,Mucinous Adenocarcinoma of the Colon and Rectum,0.0004,,0.0,1.0166,27.61,11.0,No,Yes,Greater Poland Cancer Center,DM,Colon,Colon Adenocarcinoma,1.0166,27.61,cBioPortal PanCancer Atlas; MANTIS/MSIsensor thresholds
TCGA-DM-A280,TCGA-DM-A280-01,Colorectal Cancer,Mucinous Adenocarcinoma of the Colon and Rectum,,,0.0942,,,,,,,,120.0,MACR,,Primary,,Matched,4.1,,coadread_tcga_pan_can_atlas_2018,MANTIS_MSISENSOR_THRESHOLD,MSS,MSS,Primary,Colorectal Cancer,Mucinous Adenocarcinoma of the Colon and Rectum,0.0942,,3.0,0.3888,0.01,6.0,No,Yes,Greater Poland Cancer Center,DM,Colon,"Colon Adenocarcinoma, Mucinous Type",0.3888,0.01,cBioPortal PanCancer Atlas; MANTIS/MSIsensor thresholds
TCGA-DM-A282,TCGA-DM-A282-01,Colorectal Cancer,Colon Adenocarcinoma,,,0.0625,,,,,,,,95.0,COAD,,Primary,,Matched,3.166666667,,coadread_tcga_pan_can_atlas_2018,MANTIS_MSISENSOR_THRESHOLD,MSS,MSS,Primary,Colorectal Cancer,Mucinous Adenocarcinoma of the Colon and Rectum,0.0625,,5.0,0.3739,0.03,11.0,No,Yes,Asterand,DM,Colon,Colon Adenocarcinoma,0.3739,0.03,cBioPortal PanCancer Atlas; MANTIS/MSIsensor thresholds
TCGA-DM-A285,TCGA-DM-A285-01,Colorectal Cancer,Mucinous Adenocarcinoma of the Colon and Rectum,,,0.4602,,,,,,,,170.0,MACR,,Primary,,Matched,5.766666667,,coadread_tcga_pan_can_atlas_2018,MANTIS_MSISENSOR_THRESHOLD,MSS,MSS,Primary,Colorectal Cancer,Mucinous Adenocarcinoma of the Colon and Rectum,0.4602,,16.0,0.3761,0.13,86.0,No,Yes,Asterand,DM,Colon,"Colon Adenocarcinoma, Mucinous Type",0.3761,0.13,cBioPortal PanCancer Atlas; MANTIS/MSIsensor thresholds
TCGA-DM-A288,TCGA-DM-A288-01,Colorectal Cancer,Mucinous Adenocarcinoma of the Colon and Rectum,,,0.4907,,,,,,,,74.0,MACR,,Primary,,Matched,2.466666667,,coadread_tcga_pan_can_atlas_2018,MANTIS_MSISENSOR_THRESHOLD,MSS,MSS,Primary,Colorectal Cancer,Mucinous Adenocarcinoma of the Colon and Rectum,0.4907,,16.0,0.3948,0.31,80.0,No,Yes,Asterand,DM,Colon,"Colon Adenocarcinoma, Mucinous Type",0.3948,0.31,cBioPortal PanCancer Atlas; MANTIS/MSIsensor thresholds
TCGA-DM-A28A,TCGA-DM-A28A-01,Colorectal Cancer,Colon Adenocarcinoma,,,0.2699,,,,,,,,129.0,COAD,,Primary,,Matched,4.3,,coadread_tcga_pan_can_atlas_2018,MANTIS_MSISENSOR_THRESHOLD,MSS,MSS,Primary,Colorectal Cancer,Colon Adenocarcinoma,0.2699,,8.0,0.3995,0.25,118.0,No,Yes,Asterand,DM,Colon,Colon Adenocarcinoma,0.3995,0.25,cBioPortal PanCancer Atlas; MANTIS/MSIsensor thresholds
TCGA-DM-A28C,TCGA-DM-A28C-01,Colorectal Cancer,Colon Adenocarcinoma,,,0.0342,,,,,,,,99.0,COAD,,Primary,,Matched,3.333333333,,coadread_tcga_pan_can_atlas_2018,MANTIS_MSISENSOR_THRESHOLD,MSS,MSS,Primary,Colorectal Cancer,Colon Adenocarcinoma,0.0342,,1.0,0.3712,0.08,5.0,No,Yes,Asterand,DM,Colon,Colon Adenocarcinoma,0.3712,0.08,cBioPortal PanCancer Atlas; MANTIS/MSIsensor thresholds
TCGA-DM-A28E,TCGA-DM-A28E-01,Colorectal Cancer,Colon Adenocarcinoma,,,0.1164,,,,,,,,87.0,COAD,,Primary,,Matched,2.9,,coadread_tcga_pan_can_atlas_2018,MANTIS_MSISENSOR_THRESHOLD,MSS,MSS,Primary,Colorectal Cancer,Colon Adenocarcinoma,0.1164,,6.0,0.379,0.04,66.0,No,Yes,Asterand,DM,Colon,Colon Adenocarcinoma,0.379,0.04,cBioPortal PanCancer Atlas; MANTIS/MSIsensor thresholds
TCGA-DM-A28F,TCGA-DM-A28F-01,Colorectal Cancer,Colon Adenocarcinoma,,,0.3062,,,,,,,,229.0,COAD,,Primary,,Matched,7.633333333,,coadread_tcga_pan_can_atlas_2018,MANTIS_MSISENSOR_THRESHOLD,MSS,MSS,Primary,Colorectal Cancer,Colon Adenocarcinoma,0.3062,,16.0,0.3791,0.24,162.0,No,Yes,Asterand,DM,Colon,Colon Adenocarcinoma,0.3791,0.24,cBioPortal PanCancer Atlas; MANTIS/MSIsensor thresholds
TCGA-DM-A28G,TCGA-DM-A28G-01,Colorectal Cancer,Colon Adenocarcinoma,,,0.0516,,,,,,,,108.0,COAD,,Primary,,Matched,3.666666667,,coadread_tcga_pan_can_atlas_2018,MANTIS_MSISENSOR_THRESHOLD,MSS,MSS,Primary,Colorectal Cancer,Colon Adenocarcinoma,0.0516,,2.0,0.3656,0.01,10.0,No,Yes,Asterand,DM,Colon,Colon Adenocarcinoma,0.3656,0.01,cBioPortal PanCancer Atlas; MANTIS/MSIsensor thresholds
TCGA-DM-A28H,TCGA-DM-A28H-01,Colorectal Cancer,Colon Adenocarcinoma,,,0.2122,,,,,,,,123.0,COAD,,Primary,,Matched,4.166666667,,coadread_tcga_pan_can_atlas_2018,MANTIS_MSISENSOR_THRESHOLD,MSS,MSS,Primary,Colorectal Cancer,Colon Adenocarcinoma,0.2122,,7.0,0.3898,0.15,157.0,No,Yes,Asterand,DM,Colon,Colon Adenocarcinoma,0.3898,0.15,cBioPortal PanCancer Atlas; MANTIS/MSIsensor thresholds
TCGA-DM-A28K,TCGA-DM-A28K-01,Colorectal Cancer,Mucinous Adenocarcinoma of the Colon and Rectum,,,0.2298,,,,,,,,101.0,MACR,,Primary,,Matched,3.4,,coadread_tcga_pan_can_atlas_2018,MANTIS_MSISENSOR_THRESHOLD,MSS,MSS,Primary,Colorectal Cancer,Mucinous Adenocarcinoma of the Colon and Rectum,0.2298,,8.0,0.397,0.05,27.0,No,Yes,Asterand,DM,Colon,"Colon Adenocarcinoma, Mucinous Type",0.397,0.05,cBioPortal PanCancer Atlas; MANTIS/MSIsensor thresholds
TCGA-DM-A28M,TCGA-DM-A28M-01,Colorectal Cancer,Colon Adenocarcinoma,,,0.0692,,,,,,,,99.0,COAD,,Primary,,Matched,3.3,,coadread_tcga_pan_can_atlas_2018,MANTIS_MSISENSOR_THRESHOLD,MSS,MSS,Primary,Colorectal Cancer,Colon Adenocarcinoma,0.0692,,20.0,0.3983,0.13,2.0,No,Yes,Asterand,DM,Colon,Colon Adenocarcinoma,0.3983,0.13,cBioPortal PanCancer Atlas; MANTIS/MSIsensor thresholds
TCGA-DT-5265,TCGA-DT-5265-01,Colorectal Cancer,Rectal Adenocarcinoma,,,0.2911,,,,,,,,81.0,READ,,Primary,,Matched,2.766666667,,coadread_tcga_pan_can_atlas_2018,MANTIS_MSISENSOR_THRESHOLD,MSS,MSS,Primary,Colorectal Cancer,Rectal Adenocarcinoma,0.2911,,7.0,0.3389,0.13,79.0,Yes,No,Indivumed,DT,Rectum,"Rectal Adenocarcinoma, Mucinous Type",0.3389,0.13,cBioPortal PanCancer Atlas; MANTIS/MSIsensor thresholds
TCGA-DY-A0XA,TCGA-DY-A0XA-01,Colorectal Cancer,Rectal Adenocarcinoma,,,0.314,,,,,,,,128.0,READ,,Primary,,Matched,4.366666667,,coadread_tcga_pan_can_atlas_2018,MANTIS_MSISENSOR_THRESHOLD,MSS,MSS,Primary,Colorectal Cancer,Rectal Adenocarcinoma,0.314,,13.0,0.3458,0.29,84.0,No,Yes,Indivumed,DY,Rectum,Rectal Adenocarcinoma,0.3458,0.29,cBioPortal PanCancer Atlas; MANTIS/MSIsensor thresholds
TCGA-DY-A1DC,TCGA-DY-A1DC-01,Colorectal Cancer,Rectal Adenocarcinoma,,,0.2741,,,,,,,,138.0,READ,,Primary,,Matched,4.666666667,,coadread_tcga_pan_can_atlas_2018,MANTIS_MSISENSOR_THRESHOLD,MSS,MSS,Primary,Colorectal Cancer,Rectal Adenocarcinoma,0.2741,,11.0,0.3327,0.18,44.0,No,Yes,Indivumed,DY,Rectum,Rectal Adenocarcinoma,0.3327,0.18,cBioPortal PanCancer Atlas; MANTIS/MSIsensor thresholds
TCGA-DY-A1DD,TCGA-DY-A1DD-01,Colorectal Cancer,Rectal Adenocarcinoma,,,0.3114,,,,,,,,116.0,READ,,Primary,,Matched,3.9,,coadread_tcga_pan_can_atlas_2018,MANTIS_MSISENSOR_THRESHOLD,MSS,MSS,Primary,Colorectal Cancer,Rectal Adenocarcinoma,0.3114,,13.0,0.3611,1.0,45.0,No,Yes,Indivumed,DY,Rectum,Rectal Adenocarcinoma,0.3611,1.0,cBioPortal PanCancer Atlas; MANTIS/MSIsensor thresholds
TCGA-DY-A1DF,TCGA-DY-A1DF-01,Colorectal Cancer,Rectal Adenocarcinoma,,,0.5784,,,,,,,,123.0,READ,,Primary,,Matched,4.166666667,,coadread_tcga_pan_can_atlas_2018,MANTIS_MSISENSOR_THRESHOLD,MSS,MSS,Primary,Colorectal Cancer,Rectal Adenocarcinoma,0.5784,,21.0,0.3545,0.72,149.0,No,Yes,Indivumed,DY,Rectum,Rectal Adenocarcinoma,0.3545,0.72,cBioPortal PanCancer Atlas; MANTIS/MSIsensor thresholds
TCGA-DY-A1DG,TCGA-DY-A1DG-01,Colorectal Cancer,Rectal Adenocarcinoma,,,0.4299,,,,,,,,151.0,READ,,Primary,,Matched,5.1,,coadread_tcga_pan_can_atlas_2018,MANTIS_MSISENSOR_THRESHOLD,MSS,MSS,Primary,Colorectal Cancer,Rectal Adenocarcinoma,0.4299,,17.0,0.363,0.8,126.0,No,Yes,Indivumed,DY,Rectum,Rectal Adenocarcinoma,0.363,0.8,cBioPortal PanCancer Atlas; MANTIS/MSIsensor thresholds
TCGA-DY-A1H8,TCGA-DY-A1H8-01,Colorectal Cancer,Rectal Adenocarcinoma,,,0.2282,,,,,,,,86.0,READ,,Primary,,Matched,2.966666667,,coadread_tcga_pan_can_atlas_2018,MANTIS_MSISENSOR_THRESHOLD,MSS,MSS,Primary,Colorectal Cancer,Rectal Adenocarcinoma,0.2282,,7.0,0.3551,0.39,72.0,No,Yes,Indivumed,DY,Rectum,Rectal Adenocarcinoma,0.3551,0.39,cBioPortal PanCancer Atlas; MANTIS/MSIsensor thresholds
TCGA-EF-5830,TCGA-EF-5830-01,Colorectal Cancer,Rectal Adenocarcinoma,,,0.2437,,,,,,,,65.0,READ,,Primary,,Matched,2.233333333,,coadread_tcga_pan_can_atlas_2018,MANTIS_MSISENSOR_THRESHOLD,MSS,MSS,Primary,Colorectal Cancer,Rectal Adenocarcinoma,0.2437,,10.0,0.3447,0.63,78.0,No,Yes,Indivumed,EF,Rectum,Rectal Adenocarcinoma,0.3447,0.63,cBioPortal PanCancer Atlas; MANTIS/MSIsensor thresholds
TCGA-EF-5831,TCGA-EF-5831-01,Colorectal Cancer,Rectal Adenocarcinoma,,,0.4306,,,,,,,,,READ,,Primary,,Matched,0.0,,coadread_tcga_pan_can_atlas_2018,MANTIS_MSISENSOR_THRESHOLD,MSS,MSS,Primary,Colorectal Cancer,Rectal Adenocarcinoma,0.4306,,15.0,,0.5,96.0,No,Yes,Indivumed,EF,Rectum,Rectal Adenocarcinoma,,0.5,cBioPortal PanCancer Atlas; MANTIS/MSIsensor thresholds
TCGA-EI-6506,TCGA-EI-6506-01,Colorectal Cancer,Rectal Adenocarcinoma,,,0.1474,,,,,,,,123.0,READ,,Primary,,Matched,4.1,,coadread_tcga_pan_can_atlas_2018,MANTIS_MSISENSOR_THRESHOLD,MSS,MSS,Primary,Colorectal Cancer,Rectal Adenocarcinoma,0.1474,,10.0,0.3332,0.05,72.0,Yes,No,Indivumed,EI,Rectum,Rectal Adenocarcinoma,0.3332,0.05,cBioPortal PanCancer Atlas; MANTIS/MSIsensor thresholds
TCGA-EI-6507,TCGA-EI-6507-01,Colorectal Cancer,Rectal Adenocarcinoma,,,0.0475,,,,,,,,923.0,READ,,Primary,,Matched,31.03333333,,coadread_tcga_pan_can_atlas_2018,MANTIS_MSISENSOR_THRESHOLD,MSI-H,MSI-H,Primary,Colorectal Cancer,Rectal Adenocarcinoma,0.0475,,2.0,0.6711,15.99,10.0,Yes,No,Indivumed,EI,Rectum,Rectal Adenocarcinoma,0.6711,15.99,cBioPortal PanCancer Atlas; MANTIS/MSIsensor thresholds
TCGA-EI-6508,TCGA-EI-6508-01,Colorectal Cancer,Rectal Adenocarcinoma,,,0.194,,,,,,,,101.0,READ,,Primary,,Matched,3.433333333,,coadread_tcga_pan_can_atlas_2018,MANTIS_MSISENSOR_THRESHOLD,MSS,MSS,Primary,Colorectal Cancer,Rectal Adenocarcinoma,0.194,,5.0,0.3488,0.24,146.0,Yes,No,Indivumed,EI,Rectum,Rectal Adenocarcinoma,0.3488,0.24,cBioPortal PanCancer Atlas; MANTIS/MSIsensor thresholds
TCGA-EI-6509,TCGA-EI-6509-01,Colorectal Cancer,Rectal Adenocarcinoma,,,0.2606,,,,,,,,52.0,READ,,Primary,,Matched,1.733333333,,coadread_tcga_pan_can_atlas_2018,MANTIS_MSISENSOR_THRESHOLD,MSS,MSS,Primary,Colorectal Cancer,Rectal Adenocarcinoma,0.2606,,8.0,0.3555,0.5,44.0,Yes,No,Indivumed,EI,Rectum,Rectal Adenocarcinoma,0.3555,0.5,cBioPortal PanCancer Atlas; MANTIS/MSIsensor thresholds
TCGA-EI-6510,TCGA-EI-6510-01,Colorectal Cancer,Rectal Adenocarcinoma,,,0.2942,,,,,,,,101.0,READ,,Primary,,Matched,3.4,,coadread_tcga_pan_can_atlas_2018,MANTIS_MSISENSOR_THRESHOLD,MSS,MSS,Primary,Colorectal Cancer,Rectal Adenocarcinoma,0.2942,,10.0,0.3574,0.05,15.0,Yes,No,Indivumed,EI,Rectum,Rectal Adenocarcinoma,0.3574,0.05,cBioPortal PanCancer Atlas; MANTIS/MSIsensor thresholds
TCGA-EI-6511,TCGA-EI-6511-01,Colorectal Cancer,Rectal Adenocarcinoma,,,0.3252,,,,,,,,78.0,READ,,Primary,,Matched,2.566666667,,coadread_tcga_pan_can_atlas_2018,MANTIS_MSISENSOR_THRESHOLD,MSS,MSS,Primary,Colorectal Cancer,Rectal Adenocarcinoma,0.3252,,12.0,0.3537,0.15,38.0,Yes,No,Indivumed,EI,Rectum,Rectal Adenocarcinoma,0.3537,0.15,cBioPortal PanCancer Atlas; MANTIS/MSIsensor thresholds
TCGA-EI-6512,TCGA-EI-6512-01,Colorectal Cancer,Rectal Adenocarcinoma,,,0.2885,,,,,,,,114.0,READ,,Primary,,Matched,3.833333333,,coadread_tcga_pan_can_atlas_2018,MANTIS_MSISENSOR_THRESHOLD,MSS,MSS,Primary,Colorectal Cancer,Rectal Adenocarcinoma,0.2885,,16.0,0.3602,0.71,36.0,Yes,No,Indivumed,EI,Rectum,Rectal Adenocarcinoma,0.3602,0.71,cBioPortal PanCancer Atlas; MANTIS/MSIsensor thresholds
TCGA-EI-6513,TCGA-EI-6513-01,Colorectal Cancer,Rectal Adenocarcinoma,,,0.2863,,,,,,,,139.0,READ,,Primary,,Matched,4.633333333,,coadread_tcga_pan_can_atlas_2018,MANTIS_MSISENSOR_THRESHOLD,MSS,MSS,Primary,Colorectal Cancer,Rectal Adenocarcinoma,0.2863,,12.0,0.3553,0.48,84.0,Yes,No,Indivumed,EI,Rectum,Rectal Adenocarcinoma,0.3553,0.48,cBioPortal PanCancer Atlas; MANTIS/MSIsensor thresholds
TCGA-EI-6514,TCGA-EI-6514-01,Colorectal Cancer,Rectal Adenocarcinoma,,,0.3525,,,,,,,,105.0,READ,,Primary,,Matched,3.5,,coadread_tcga_pan_can_atlas_2018,MANTIS_MSISENSOR_THRESHOLD,MSS,MSS,Primary,Colorectal Cancer,Rectal Adenocarcinoma,0.3525,,25.0,0.3382,0.38,39.0,Yes,No,Indivumed,EI,Rectum,Rectal Adenocarcinoma,0.3382,0.38,cBioPortal PanCancer Atlas; MANTIS/MSIsensor thresholds
TCGA-EI-6881,TCGA-EI-6881-01,Colorectal Cancer,Rectal Adenocarcinoma,,,0.1479,,,,,,,,102.0,READ,,Primary,,Matched,3.4,,coadread_tcga_pan_can_atlas_2018,MANTIS_MSISENSOR_THRESHOLD,MSS,MSS,Primary,Colorectal Cancer,Rectal Adenocarcinoma,0.1479,,18.0,0.3444,0.21,18.0,Yes,No,Indivumed,EI,Rectum,Rectal Adenocarcinoma,0.3444,0.21,cBioPortal PanCancer Atlas; MANTIS/MSIsensor thresholds
TCGA-EI-6882,TCGA-EI-6882-01,Colorectal Cancer,Rectal Adenocarcinoma,,,0.0419,,,,,,,,1214.0,READ,,Primary,,Matched,40.73333333,,coadread_tcga_pan_can_atlas_2018,MANTIS_MSISENSOR_THRESHOLD,MSI-H,MSI-H,Primary,Colorectal Cancer,Rectal Adenocarcinoma,0.0419,,1.0,0.9044,25.05,16.0,Yes,No,Indivumed,EI,Rectum,"Rectal Adenocarcinoma, Mucinous Type",0.9044,25.05,cBioPortal PanCancer Atlas; MANTIS/MSIsensor thresholds
TCGA-EI-6883,TCGA-EI-6883-01,Colorectal Cancer,Rectal Adenocarcinoma,,,0.4144,,,,,,,,90.0,READ,,Primary,,Matched,3.033333333,,coadread_tcga_pan_can_atlas_2018,MANTIS_MSISENSOR_THRESHOLD,MSS,MSS,Primary,Colorectal Cancer,Rectal Adenocarcinoma,0.4144,,16.0,0.3433,0.27,125.0,Yes,No,Indivumed,EI,Rectum,Rectal Adenocarcinoma,0.3433,0.27,cBioPortal PanCancer Atlas; MANTIS/MSIsensor thresholds
TCGA-EI-6884,TCGA-EI-6884-01,Colorectal Cancer,Rectal Adenocarcinoma,,,0.1951,,,,,,,,105.0,READ,,Primary,,Matched,3.533333333,,coadread_tcga_pan_can_atlas_2018,MANTIS_MSISENSOR_THRESHOLD,MSS,MSS,Primary,Colorectal Cancer,Rectal Adenocarcinoma,0.1951,,11.0,0.3424,0.0,32.0,Yes,No,Indivumed,EI,Rectum,Rectal Adenocarcinoma,0.3424,0.0,cBioPortal PanCancer Atlas; MANTIS/MSIsensor thresholds
TCGA-EI-6885,TCGA-EI-6885-01,Colorectal Cancer,Rectal Adenocarcinoma,,,0.2335,,,,,,,,95.0,READ,,Primary,,Matched,3.166666667,,coadread_tcga_pan_can_atlas_2018,MANTIS_MSISENSOR_THRESHOLD,MSS,MSS,Primary,Colorectal Cancer,Rectal Adenocarcinoma,0.2335,,28.0,0.3401,0.11,101.0,Yes,No,Indivumed,EI,Rectum,Rectal Adenocarcinoma,0.3401,0.11,cBioPortal PanCancer Atlas; MANTIS/MSIsensor thresholds
TCGA-EI-6917,TCGA-EI-6917-01,Colorectal Cancer,Rectal Adenocarcinoma,,,0.0009,,,,,,,,4937.0,READ,,Primary,,Matched,165.5666667,,coadread_tcga_pan_can_atlas_2018,MANTIS_MSISENSOR_THRESHOLD,MSS,MSS,Primary,Colorectal Cancer,Rectal Adenocarcinoma,0.0009,,0.0,0.3457,0.03,33.0,Yes,No,Indivumed,EI,Rectum,Rectal Adenocarcinoma,0.3457,0.03,cBioPortal PanCancer Atlas; MANTIS/MSIsensor thresholds
TCGA-EI-7002,TCGA-EI-7002-01,Colorectal Cancer,Rectal Adenocarcinoma,,,0.5407,,,,,,,,156.0,READ,,Primary,,Matched,5.2,,coadread_tcga_pan_can_atlas_2018,MANTIS_MSISENSOR_THRESHOLD,MSS,MSS,Primary,Colorectal Cancer,Rectal Adenocarcinoma,0.5407,,21.0,0.3622,0.54,71.0,Yes,No,Indivumed,EI,Rectum,Rectal Adenocarcinoma,0.3622,0.54,cBioPortal PanCancer Atlas; MANTIS/MSIsensor thresholds
TCGA-EI-7004,TCGA-EI-7004-01,Colorectal Cancer,Rectal Adenocarcinoma,,,0.318,,,,,,,,85.0,READ,,Primary,,Matched,2.8,,coadread_tcga_pan_can_atlas_2018,MANTIS_MSISENSOR_THRESHOLD,MSS,MSS,Primary,Colorectal Cancer,Rectal Adenocarcinoma,0.318,,8.0,0.345,0.06,123.0,Yes,No,Indivumed,EI,Rectum,"Rectal Adenocarcinoma, Mucinous Type",0.345,0.06,cBioPortal PanCancer Atlas; MANTIS/MSIsensor thresholds
TCGA-F4-6459,TCGA-F4-6459-01,Colorectal Cancer,Colon Adenocarcinoma,,,0.3075,,,,,,,,126.0,COAD,,Primary,,Matched,4.233333333,,coadread_tcga_pan_can_atlas_2018,MANTIS_MSISENSOR_THRESHOLD,MSS,MSS,Primary,Colorectal Cancer,Colon Adenocarcinoma,0.3075,,11.0,0.3642,0.31,120.0,Yes,No,Asterand,F4,Colon,Colon Adenocarcinoma,0.3642,0.31,cBioPortal PanCancer Atlas; MANTIS/MSIsensor thresholds
TCGA-F4-6460,TCGA-F4-6460-01,Colorectal Cancer,Colon Adenocarcinoma,,,0.5944,,,,,,,,127.0,COAD,,Primary,,Matched,4.3,,coadread_tcga_pan_can_atlas_2018,MANTIS_MSISENSOR_THRESHOLD,MSS,MSS,Primary,Colorectal Cancer,Colon Adenocarcinoma,0.5944,,20.0,0.3437,0.24,183.0,Yes,No,Asterand,F4,Colon,Colon Adenocarcinoma,0.3437,0.24,cBioPortal PanCancer Atlas; MANTIS/MSIsensor thresholds
TCGA-F4-6461,TCGA-F4-6461-01,Colorectal Cancer,Colon Adenocarcinoma,,,0.0581,,,,,,,,138.0,COAD,,Primary,,Matched,4.6,,coadread_tcga_pan_can_atlas_2018,MANTIS_MSISENSOR_THRESHOLD,MSS,MSS,Primary,Colorectal Cancer,Colon Adenocarcinoma,0.0581,,1.0,0.3699,0.23,144.0,Yes,No,Asterand,F4,Colon,Colon Adenocarcinoma,0.3699,0.23,cBioPortal PanCancer Atlas; MANTIS/MSIsensor thresholds
TCGA-F4-6463,TCGA-F4-6463-01,Colorectal Cancer,Mucinous Adenocarcinoma of the Colon and Rectum,,,0.1206,,,,,,,,69.0,MACR,,Primary,,Matched,2.333333333,,coadread_tcga_pan_can_atlas_2018,MANTIS_MSISENSOR_THRESHOLD,MSS,MSS,Primary,Colorectal Cancer,Mucinous Adenocarcinoma of the Colon and Rectum,0.1206,,4.0,0.3302,0.14,17.0,Yes,No,Asterand,F4,Colon,"Colon Adenocarcinoma, Mucinous Type",0.3302,0.14,cBioPortal PanCancer Atlas; MANTIS/MSIsensor thresholds
TCGA-F4-6569,TCGA-F4-6569-01,Colorectal Cancer,Colon Adenocarcinoma,,,0.1586,,,,,,,,117.0,COAD,,Primary,,Matched,3.966666667,,coadread_tcga_pan_can_atlas_2018,MANTIS_MSISENSOR_THRESHOLD,MSS,MSS,Primary,Colorectal Cancer,Colon Adenocarcinoma,0.1586,,10.0,0.3647,0.06,34.0,Yes,No,Asterand,F4,Colon,Colon Adenocarcinoma,0.3647,0.06,cBioPortal PanCancer Atlas; MANTIS/MSIsensor thresholds
TCGA-F4-6570,TCGA-F4-6570-01,Colorectal Cancer,Colon Adenocarcinoma,,,0.051,,,,,,,,1640.0,COAD,,Primary,,Matched,55.03333333,,coadread_tcga_pan_can_atlas_2018,MANTIS_MSISENSOR_THRESHOLD,MSI-H,MSI-H,Primary,Colorectal Cancer,Colon Adenocarcinoma,0.051,,1.0,0.9787,31.81,29.0,Yes,No,Asterand,F4,Colon,Colon Adenocarcinoma,0.9787,31.81,cBioPortal PanCancer Atlas; MANTIS/MSIsensor thresholds
TCGA-F4-6704,TCGA-F4-6704-01,Colorectal Cancer,Mucinous Adenocarcinoma of the Colon and Rectum,,,0.3791,,,,,,,,78.0,MACR,,Primary,,Matched,2.6,,coadread_tcga_pan_can_atlas_2018,MANTIS_MSISENSOR_THRESHOLD,MSS,MSS,Primary,Colorectal Cancer,Mucinous Adenocarcinoma of the Colon and Rectum,0.3791,,20.0,0.3596,0.06,102.0,Yes,No,Asterand,F4,Colon,"Colon Adenocarcinoma, Mucinous Type",0.3596,0.06,cBioPortal PanCancer Atlas; MANTIS/MSIsensor thresholds
TCGA-F4-6805,TCGA-F4-6805-01,Colorectal Cancer,Colon Adenocarcinoma,,,0.1049,,,,,,,,68.0,COAD,,Primary,,Matched,2.266666667,,coadread_tcga_pan_can_atlas_2018,MANTIS_MSISENSOR_THRESHOLD,MSS,MSS,Primary,Colorectal Cancer,Colon Adenocarcinoma,0.1049,,5.0,0.3882,0.03,17.0,Yes,No,Asterand,F4,Colon,Colon Adenocarcinoma,0.3882,0.03,cBioPortal PanCancer Atlas; MANTIS/MSIsensor thresholds
TCGA-F4-6806,TCGA-F4-6806-01,Colorectal Cancer,Colon Adenocarcinoma,,,0.1242,,,,,,,,103.0,COAD,,Primary,,Matched,3.433333333,,coadread_tcga_pan_can_atlas_2018,MANTIS_MSISENSOR_THRESHOLD,MSS,MSS,Primary,Colorectal Cancer,Colon Adenocarcinoma,0.1242,,1.0,0.3957,0.1,5.0,Yes,No,Asterand,F4,Colon,Colon Adenocarcinoma,0.3957,0.1,cBioPortal PanCancer Atlas; MANTIS/MSIsensor thresholds
TCGA-F4-6807,TCGA-F4-6807-01,Colorectal Cancer,Colon Adenocarcinoma,,,0.2021,,,,,,,,155.0,COAD,,Primary,,Matched,5.166666667,,coadread_tcga_pan_can_atlas_2018,MANTIS_MSISENSOR_THRESHOLD,MSS,MSS,Primary,Colorectal Cancer,Colon Adenocarcinoma,0.2021,,9.0,0.3514,0.0,75.0,Yes,No,Asterand,F4,Colon,Colon Adenocarcinoma,0.3514,0.0,cBioPortal PanCancer Atlas; MANTIS/MSIsensor thresholds
TCGA-F4-6808,TCGA-F4-6808-01,Colorectal Cancer,Colon Adenocarcinoma,,,0.2891,,,,,,,,121.0,COAD,,Primary,,Matched,4.1,,coadread_tcga_pan_can_atlas_2018,MANTIS_MSISENSOR_THRESHOLD,MSS,MSS,Primary,Colorectal Cancer,Colon Adenocarcinoma,0.2891,,14.0,0.3566,0.12,76.0,Yes,No,Asterand,F4,Colon,Colon Adenocarcinoma,0.3566,0.12,cBioPortal PanCancer Atlas; MANTIS/MSIsensor thresholds
TCGA-F4-6809,TCGA-F4-6809-01,Colorectal Cancer,Colon Adenocarcinoma,,,0.1669,,,,,,,,148.0,COAD,,Primary,,Matched,5.033333333,,coadread_tcga_pan_can_atlas_2018,MANTIS_MSISENSOR_THRESHOLD,MSS,MSS,Primary,Colorectal Cancer,Colon Adenocarcinoma,0.1669,,8.0,0.3476,0.02,108.0,Yes,No,Asterand,F4,Colon,Colon Adenocarcinoma,0.3476,0.02,cBioPortal PanCancer Atlas; MANTIS/MSIsensor thresholds
TCGA-F4-6854,TCGA-F4-6854-01,Colorectal Cancer,Colon Adenocarcinoma,,,0.2267,,,,,,,,110.0,COAD,,Primary,,Matched,3.8,,coadread_tcga_pan_can_atlas_2018,MANTIS_MSISENSOR_THRESHOLD,MSS,MSS,Primary,Colorectal Cancer,Colon Adenocarcinoma,0.2267,,10.0,0.3387,0.1,83.0,Yes,No,Asterand,F4,Colon,Colon Adenocarcinoma,0.3387,0.1,cBioPortal PanCancer Atlas; MANTIS/MSIsensor thresholds
TCGA-F4-6855,TCGA-F4-6855-01,Colorectal Cancer,Colon Adenocarcinoma,,,0.3419,,,,,,,,99.0,COAD,,Primary,,Matched,3.3,,coadread_tcga_pan_can_atlas_2018,MANTIS_MSISENSOR_THRESHOLD,MSS,MSS,Primary,Colorectal Cancer,Colon Adenocarcinoma,0.3419,,15.0,0.3419,0.03,15.0,Yes,No,Asterand,F4,Colon,Colon Adenocarcinoma,0.3419,0.03,cBioPortal PanCancer Atlas; MANTIS/MSIsensor thresholds
TCGA-F4-6856,TCGA-F4-6856-01,Colorectal Cancer,Mucinous Adenocarcinoma of the Colon and Rectum,,,0.0146,,,,,,,,963.0,MACR,,Primary,,Matched,32.46666667,,coadread_tcga_pan_can_atlas_2018,MANTIS_MSISENSOR_THRESHOLD,MSI-H,MSI-H,Primary,Colorectal Cancer,Mucinous Adenocarcinoma of the Colon and Rectum,0.0146,,0.0,0.8729,27.56,17.0,Yes,No,Asterand,F4,Colon,"Colon Adenocarcinoma, Mucinous Type",0.8729,27.56,cBioPortal PanCancer Atlas; MANTIS/MSIsensor thresholds
TCGA-F5-6464,TCGA-F5-6464-01,Colorectal Cancer,Rectal Adenocarcinoma,,,0.2378,,,,,,,,86.0,READ,,Primary,,Matched,2.8,,coadread_tcga_pan_can_atlas_2018,MANTIS_MSISENSOR_THRESHOLD,MSS,MSS,Primary,Colorectal Cancer,Rectal Adenocarcinoma,0.2378,,28.0,0.3424,0.04,56.0,Yes,No,Indivumed,F5,Rectum,Rectal Adenocarcinoma,0.3424,0.04,cBioPortal PanCancer Atlas; MANTIS/MSIsensor thresholds
TCGA-F5-6465,TCGA-F5-6465-01,Colorectal Cancer,Rectal Adenocarcinoma,,,0.3351,,,,,,,,98.0,READ,,Primary,,Matched,3.3,,coadread_tcga_pan_can_atlas_2018,MANTIS_MSISENSOR_THRESHOLD,MSS,MSS,Primary,Colorectal Cancer,Rectal Adenocarcinoma,0.3351,,14.0,0.3415,0.0,83.0,Yes,No,Indivumed,F5,Rectum,Rectal Adenocarcinoma,0.3415,0.0,cBioPortal PanCancer Atlas; MANTIS/MSIsensor thresholds
TCGA-F5-6571,TCGA-F5-6571-01,Colorectal Cancer,Rectal Adenocarcinoma,,,0.2455,,,,,,,,83.0,READ,,Primary,,Matched,2.766666667,,coadread_tcga_pan_can_atlas_2018,MANTIS_MSISENSOR_THRESHOLD,MSS,MSS,Primary,Colorectal Cancer,Rectal Adenocarcinoma,0.2455,,11.0,0.3388,0.35,81.0,Yes,No,Indivumed,F5,Rectum,Rectal Adenocarcinoma,0.3388,0.35,cBioPortal PanCancer Atlas; MANTIS/MSIsensor thresholds
TCGA-F5-6702,TCGA-F5-6702-01,Colorectal Cancer,Rectal Adenocarcinoma,,,0.3903,,,,,,,,63.0,READ,,Primary,,Matched,2.1,,coadread_tcga_pan_can_atlas_2018,MANTIS_MSISENSOR_THRESHOLD,MSS,MSS,Primary,Colorectal Cancer,Rectal Adenocarcinoma,0.3903,,28.0,0.328,0.02,29.0,Yes,No,Indivumed,F5,Rectum,Rectal Adenocarcinoma,0.328,0.02,cBioPortal PanCancer Atlas; MANTIS/MSIsensor thresholds
TCGA-F5-6810,TCGA-F5-6810-01,Colorectal Cancer,Rectal Adenocarcinoma,,,0.3152,,,,,,,,112.0,READ,,Primary,,Matched,3.733333333,,coadread_tcga_pan_can_atlas_2018,MANTIS_MSISENSOR_THRESHOLD,MSS,MSS,Primary,Colorectal Cancer,Colorectal Adenocarcinoma,0.3152,,21.0,0.3292,0.13,54.0,Yes,No,Indivumed,F5,Rectum,Rectal Adenocarcinoma,0.3292,0.13,cBioPortal PanCancer Atlas; MANTIS/MSIsensor thresholds
TCGA-F5-6811,TCGA-F5-6811-01,Colorectal Cancer,Rectal Adenocarcinoma,,,0.3801,,,,,,,,84.0,READ,,Primary,,Matched,2.833333333,,coadread_tcga_pan_can_atlas_2018,MANTIS_MSISENSOR_THRESHOLD,MSS,MSS,Primary,Colorectal Cancer,Rectal Adenocarcinoma,0.3801,,18.0,0.3549,0.35,47.0,Yes,No,Indivumed,F5,Rectum,Rectal Adenocarcinoma,0.3549,0.35,cBioPortal PanCancer Atlas; MANTIS/MSIsensor thresholds
TCGA-F5-6812,TCGA-F5-6812-01,Colorectal Cancer,Rectal Adenocarcinoma,,,0.3174,,,,,,,,88.0,READ,,Primary,,Matched,2.9,,coadread_tcga_pan_can_atlas_2018,MANTIS_MSISENSOR_THRESHOLD,MSS,MSS,Primary,Colorectal Cancer,Rectal Adenocarcinoma,0.3174,,11.0,0.3556,0.01,29.0,Yes,No,Indivumed,F5,Rectum,Rectal Adenocarcinoma,0.3556,0.01,cBioPortal PanCancer Atlas; MANTIS/MSIsensor thresholds
TCGA-F5-6813,TCGA-F5-6813-01,Colorectal Cancer,Rectal Adenocarcinoma,,,0.4134,,,,,,,,123.0,READ,,Primary,,Matched,4.133333333,,coadread_tcga_pan_can_atlas_2018,MANTIS_MSISENSOR_THRESHOLD,MSS,MSS,Primary,Colorectal Cancer,Rectal Adenocarcinoma,0.4134,,16.0,0.3558,0.45,80.0,Yes,No,Indivumed,F5,Rectum,Rectal Adenocarcinoma,0.3558,0.45,cBioPortal PanCancer Atlas; MANTIS/MSIsensor thresholds
TCGA-F5-6814,TCGA-F5-6814-01,Colorectal Cancer,Rectal Adenocarcinoma,,,0.0284,,,,,,,,9459.0,READ,,Primary,,Matched,316.7666667,,coadread_tcga_pan_can_atlas_2018,MANTIS_MSISENSOR_THRESHOLD,MSS,MSS,Primary,Colorectal Cancer,Rectal Adenocarcinoma,0.0284,,0.0,0.3409,0.34,121.0,Yes,No,Indivumed,F5,Rectum,Rectal Adenocarcinoma,0.3409,0.34,cBioPortal PanCancer Atlas; MANTIS/MSIsensor thresholds
TCGA-F5-6861,TCGA-F5-6861-01,Colorectal Cancer,Rectal Adenocarcinoma,,,0.0696,,,,,,,,95.0,READ,,Primary,,Matched,3.2,,coadread_tcga_pan_can_atlas_2018,MANTIS_MSISENSOR_THRESHOLD,MSS,MSS,Primary,Colorectal Cancer,Rectal Adenocarcinoma,0.0696,,4.0,0.3338,0.0,2.0,Yes,No,Indivumed,F5,Rectum,Rectal Adenocarcinoma,0.3338,0.0,cBioPortal PanCancer Atlas; MANTIS/MSIsensor thresholds
TCGA-F5-6863,TCGA-F5-6863-01,Colorectal Cancer,Rectal Adenocarcinoma,,,0.4128,,,,,,,,69.0,READ,,Primary,,Matched,2.3,,coadread_tcga_pan_can_atlas_2018,MANTIS_MSISENSOR_THRESHOLD,MSS,MSS,Primary,Colorectal Cancer,Rectal Adenocarcinoma,0.4128,,17.0,0.3566,0.08,45.0,Yes,No,Indivumed,F5,Rectum,Rectal Adenocarcinoma,0.3566,0.08,cBioPortal PanCancer Atlas; MANTIS/MSIsensor thresholds
TCGA-F5-6864,TCGA-F5-6864-01,Colorectal Cancer,Rectal Adenocarcinoma,,,0.2658,,,,,,,,136.0,READ,,Primary,,Matched,4.533333333,,coadread_tcga_pan_can_atlas_2018,MANTIS_MSISENSOR_THRESHOLD,MSS,MSS,Primary,Colorectal Cancer,Rectal Adenocarcinoma,0.2658,,10.0,0.3486,0.19,86.0,Yes,No,Indivumed,F5,Rectum,Rectal Adenocarcinoma,0.3486,0.19,cBioPortal PanCancer Atlas; MANTIS/MSIsensor thresholds
TCGA-G4-6293,TCGA-G4-6293-01,Colorectal Cancer,Colon Adenocarcinoma,,,0.109,,,,,,,,105.0,COAD,,Primary,,Matched,3.5,,coadread_tcga_pan_can_atlas_2018,MANTIS_MSISENSOR_THRESHOLD,MSS,MSS,Primary,Colorectal Cancer,Colon Adenocarcinoma,0.109,,5.0,0.3277,0.28,3.0,No,Yes,Asterand,G4,Colon,Colon Adenocarcinoma,0.3277,0.28,cBioPortal PanCancer Atlas; MANTIS/MSIsensor thresholds
TCGA-G4-6294,TCGA-G4-6294-01,Colorectal Cancer,Colon Adenocarcinoma,,,0.1888,,,,,,,,149.0,COAD,,Primary,,Matched,5.033333333,,coadread_tcga_pan_can_atlas_2018,MANTIS_MSISENSOR_THRESHOLD,MSS,MSS,Primary,Colorectal Cancer,Colon Adenocarcinoma,0.1888,,7.0,0.3774,1.01,52.0,No,Yes,Roswell Park,G4,Colon,Colon Adenocarcinoma,0.3774,1.01,cBioPortal PanCancer Atlas; MANTIS/MSIsensor thresholds
TCGA-G4-6295,TCGA-G4-6295-01,Colorectal Cancer,Colon Adenocarcinoma,,,0.5968,,,,,,,,135.0,COAD,,Primary,,Matched,6.466666667,,coadread_tcga_pan_can_atlas_2018,MANTIS_MSISENSOR_THRESHOLD,MSS,MSS,Primary,Colorectal Cancer,Colon Adenocarcinoma,0.5968,,25.0,0.3241,0.24,40.0,No,Yes,Roswell Park,G4,Colon,Colon Adenocarcinoma,0.3241,0.24,cBioPortal PanCancer Atlas; MANTIS/MSIsensor thresholds
TCGA-G4-6297,TCGA-G4-6297-01,Colorectal Cancer,Colon Adenocarcinoma,,,0.2799,,,,,,,,85.0,COAD,,Primary,,Matched,5.4,,coadread_tcga_pan_can_atlas_2018,MANTIS_MSISENSOR_THRESHOLD,MSS,MSS,Primary,Colorectal Cancer,Colon Adenocarcinoma,0.2799,,29.0,0.3325,0.14,47.0,No,Yes,Roswell Park,G4,Colon,Colon Adenocarcinoma,0.3325,0.14,cBioPortal PanCancer Atlas; MANTIS/MSIsensor thresholds
TCGA-G4-6298,TCGA-G4-6298-01,Colorectal Cancer,Colon Adenocarcinoma,,,0.3193,,,,,,,,82.0,COAD,,Primary,,Matched,5.266666667,,coadread_tcga_pan_can_atlas_2018,MANTIS_MSISENSOR_THRESHOLD,MSS,MSS,Primary,Colorectal Cancer,Colon Adenocarcinoma,0.3193,,13.0,0.3334,0.31,16.0,No,Yes,Roswell Park,G4,Colon,Colon Adenocarcinoma,0.3334,0.31,cBioPortal PanCancer Atlas; MANTIS/MSIsensor thresholds
TCGA-G4-6299,TCGA-G4-6299-01,Colorectal Cancer,Colon Adenocarcinoma,,,0.2049,,,,,,,,160.0,COAD,,Primary,,Matched,5.333333333,,coadread_tcga_pan_can_atlas_2018,MANTIS_MSISENSOR_THRESHOLD,MSS,MSS,Primary,Colorectal Cancer,Colon Adenocarcinoma,0.2049,,17.0,0.3963,0.88,148.0,No,Yes,Roswell Park,G4,Colon,Colon Adenocarcinoma,0.3963,0.88,cBioPortal PanCancer Atlas; MANTIS/MSIsensor thresholds
TCGA-G4-6303,TCGA-G4-6303-01,Colorectal Cancer,Colon Adenocarcinoma,,,0.3983,,,,,,,,83.0,COAD,,Primary,,Matched,2.833333333,,coadread_tcga_pan_can_atlas_2018,MANTIS_MSISENSOR_THRESHOLD,MSS,MSS,Primary,Colorectal Cancer,Colon Adenocarcinoma,0.3983,,17.0,0.359,0.5,95.0,No,Yes,Roswell Park,G4,Colon,Colon Adenocarcinoma,0.359,0.5,cBioPortal PanCancer Atlas; MANTIS/MSIsensor thresholds
TCGA-G4-6306,TCGA-G4-6306-01,Colorectal Cancer,Colon Adenocarcinoma,,,0.2501,,,,,,,,106.0,COAD,,Primary,,Matched,3.6,,coadread_tcga_pan_can_atlas_2018,MANTIS_MSISENSOR_THRESHOLD,MSS,MSS,Primary,Colorectal Cancer,Colon Adenocarcinoma,0.2501,,12.0,0.3415,0.25,35.0,No,Yes,Roswell Park,G4,Colon,Colon Adenocarcinoma,0.3415,0.25,cBioPortal PanCancer Atlas; MANTIS/MSIsensor thresholds
TCGA-G4-6307,TCGA-G4-6307-01,Colorectal Cancer,Colon Adenocarcinoma,,,0.2746,,,,,,,,74.0,COAD,,Primary,,Matched,2.433333333,,coadread_tcga_pan_can_atlas_2018,MANTIS_MSISENSOR_THRESHOLD,MSS,MSS,Primary,Colorectal Cancer,Colon Adenocarcinoma,0.2746,,19.0,0.316,0.41,34.0,No,Yes,Roswell Park,G4,Colon,Colon Adenocarcinoma,0.316,0.41,cBioPortal PanCancer Atlas; MANTIS/MSIsensor thresholds
TCGA-G4-6309,TCGA-G4-6309-01,Colorectal Cancer,Colon Adenocarcinoma,,,0.0008,,,,,,,,811.0,COAD,,Primary,,Matched,27.2,,coadread_tcga_pan_can_atlas_2018,MANTIS_MSISENSOR_THRESHOLD,MSI-H,MSI-H,Primary,Colorectal Cancer,Colon Adenocarcinoma,0.0008,,0.0,0.9341,26.62,24.0,No,Yes,Roswell Park,G4,Colon,Colon Adenocarcinoma,0.9341,26.62,cBioPortal PanCancer Atlas; MANTIS/MSIsensor thresholds
TCGA-G4-6311,TCGA-G4-6311-01,Colorectal Cancer,Colon Adenocarcinoma,,,0.1236,,,,,,,,124.0,COAD,,Primary,,Matched,8.066666667,,coadread_tcga_pan_can_atlas_2018,MANTIS_MSISENSOR_THRESHOLD,MSS,MSS,Primary,Colorectal Cancer,Colon Adenocarcinoma,0.1236,,26.0,0.3185,0.19,126.0,No,Yes,Roswell Park,G4,Colon,Colon Adenocarcinoma,0.3185,0.19,cBioPortal PanCancer Atlas; MANTIS/MSIsensor thresholds
TCGA-G4-6315,TCGA-G4-6315-01,Colorectal Cancer,Colon Adenocarcinoma,,,0.0857,,,,,,,,132.0,COAD,,Primary,,Matched,4.433333333,,coadread_tcga_pan_can_atlas_2018,MANTIS_MSISENSOR_THRESHOLD,MSS,MSS,Primary,Colorectal Cancer,Colon Adenocarcinoma,0.0857,,21.0,0.3321,0.25,28.0,No,Yes,Roswell Park,G4,Colon,Colon Adenocarcinoma,0.3321,0.25,cBioPortal PanCancer Atlas; MANTIS/MSIsensor thresholds
TCGA-G4-6317,TCGA-G4-6317-01,Colorectal Cancer,Colon Adenocarcinoma,,,0.4029,,,,,,,,87.0,COAD,,Primary,,Matched,2.9,,coadread_tcga_pan_can_atlas_2018,MANTIS_MSISENSOR_THRESHOLD,MSS,MSS,Primary,Colorectal Cancer,Colon Adenocarcinoma,0.4029,,21.0,0.3455,0.89,61.0,No,Yes,Roswell Park,G4,Colon,Colon Adenocarcinoma,0.3455,0.89,cBioPortal PanCancer Atlas; MANTIS/MSIsensor thresholds
TCGA-G4-6321,TCGA-G4-6321-01,Colorectal Cancer,Colon Adenocarcinoma,,,0.0003,,,,,,,,73.0,COAD,,Primary,,Matched,2.433333333,,coadread_tcga_pan_can_atlas_2018,MANTIS_MSISENSOR_THRESHOLD,MSS,MSS,Primary,Colorectal Cancer,Colon Adenocarcinoma,0.0003,,0.0,0.3258,0.18,4.0,No,Yes,Roswell Park,G4,Colon,Colon Adenocarcinoma,0.3258,0.18,cBioPortal PanCancer Atlas; MANTIS/MSIsensor thresholds
TCGA-G4-6322,TCGA-G4-6322-01,Colorectal Cancer,Mucinous Adenocarcinoma of the Colon and Rectum,,,0.1146,,,,,,,,83.0,MACR,,Primary,,Matched,5.466666667,,coadread_tcga_pan_can_atlas_2018,MANTIS_MSISENSOR_THRESHOLD,MSS,MSS,Primary,Colorectal Cancer,Mucinous Adenocarcinoma of the Colon and Rectum,0.1146,,2.0,0.3214,0.14,166.0,No,Yes,Roswell Park,G4,Colon,"Colon Adenocarcinoma, Mucinous Type",0.3214,0.14,cBioPortal PanCancer Atlas; MANTIS/MSIsensor thresholds
TCGA-G4-6323,TCGA-G4-6323-01,Colorectal Cancer,Colon Adenocarcinoma,,,0.0096,,,,,,,,91.0,COAD,,Primary,,Matched,3.033333333,,coadread_tcga_pan_can_atlas_2018,MANTIS_MSISENSOR_THRESHOLD,MSS,MSS,Primary,Colorectal Cancer,Colon Adenocarcinoma,0.0096,,2.0,0.3512,0.42,13.0,No,Yes,Roswell Park,G4,Colon,Colon Adenocarcinoma,0.3512,0.42,cBioPortal PanCancer Atlas; MANTIS/MSIsensor thresholds
TCGA-G4-6586,TCGA-G4-6586-01,Colorectal Cancer,Colon Adenocarcinoma,,,0.045,,,,,,,,1108.0,COAD,,Primary,,Matched,37.03333333,,coadread_tcga_pan_can_atlas_2018,MANTIS_MSISENSOR_THRESHOLD,MSI-H,MSI-H,Primary,Colorectal Cancer,Colon Adenocarcinoma,0.045,,1.0,1.0607,33.57,16.0,No,Yes,Roswell Park,G4,Colon,Colon Adenocarcinoma,1.0607,33.57,cBioPortal PanCancer Atlas; MANTIS/MSIsensor thresholds
TCGA-G4-6588,TCGA-G4-6588-01,Colorectal Cancer,Colon Adenocarcinoma,,,0.0033,,,,,,,,1964.0,COAD,,Primary,,Matched,65.56666667,,coadread_tcga_pan_can_atlas_2018,MANTIS_MSISENSOR_THRESHOLD,MSI-H,MSI-H,Primary,Colorectal Cancer,Colon Adenocarcinoma,0.0033,,0.0,1.0066,34.69,9.0,No,Yes,Roswell Park,G4,Colon,Colon Adenocarcinoma,1.0066,34.69,cBioPortal PanCancer Atlas; MANTIS/MSIsensor thresholds
TCGA-G4-6626,TCGA-G4-6626-01,Colorectal Cancer,Colon Adenocarcinoma,,,0.4974,,,,,,,,118.0,COAD,,Primary,,Matched,3.966666667,,coadread_tcga_pan_can_atlas_2018,MANTIS_MSISENSOR_THRESHOLD,MSS,MSS,Primary,Colorectal Cancer,Colon Adenocarcinoma,0.4974,,20.0,0.349,0.39,189.0,No,Yes,Roswell Park,G4,Colon,Colon Adenocarcinoma,0.349,0.39,cBioPortal PanCancer Atlas; MANTIS/MSIsensor thresholds
TCGA-G4-6627,TCGA-G4-6627-01,Colorectal Cancer,Colon Adenocarcinoma,,,0.0213,,,,,,,,98.0,COAD,,Primary,,Matched,3.233333333,,coadread_tcga_pan_can_atlas_2018,MANTIS_MSISENSOR_THRESHOLD,MSS,MSS,Primary,Colorectal Cancer,Colon Adenocarcinoma,0.0213,,7.0,0.3582,0.02,2.0,No,Yes,Roswell Park,G4,Colon,Colon Adenocarcinoma,0.3582,0.02,cBioPortal PanCancer Atlas; MANTIS/MSIsensor thresholds
TCGA-G4-6628,TCGA-G4-6628-01,Colorectal Cancer,Colon Adenocarcinoma,,,0.0885,,,,,,,,1875.0,COAD,,Primary,,Matched,62.86666667,,coadread_tcga_pan_can_atlas_2018,MANTIS_MSISENSOR_THRESHOLD,MSI-H,MSI-H,Primary,Colorectal Cancer,Colon Adenocarcinoma,0.0885,,2.0,0.7863,19.28,12.0,No,Yes,Roswell Park,G4,Colon,Colon Adenocarcinoma,0.7863,19.28,cBioPortal PanCancer Atlas; MANTIS/MSIsensor thresholds
TCGA-G5-6641,TCGA-G5-6641-01,Colorectal Cancer,Rectal Adenocarcinoma,,,0.2193,,,,,,,,93.0,READ,,Primary,,Matched,3.133333333,,coadread_tcga_pan_can_atlas_2018,MANTIS_MSISENSOR_THRESHOLD,MSS,MSS,Primary,Colorectal Cancer,Rectal Adenocarcinoma,0.2193,,6.0,0.3305,0.02,73.0,No,Yes,Indivumed,G5,Rectum,"Rectal Adenocarcinoma, Mucinous Type",0.3305,0.02,cBioPortal PanCancer Atlas; MANTIS/MSIsensor thresholds
TCGA-NH-A50T,TCGA-NH-A50T-01,Colorectal Cancer,Colon Adenocarcinoma,,,0.4128,,,,,,,,120.0,COAD,,Primary,,Matched,4.033333333,,coadread_tcga_pan_can_atlas_2018,MANTIS_MSISENSOR_THRESHOLD,MSS,MSS,Primary,Colorectal Cancer,Colon Adenocarcinoma,0.4128,,19.0,0.2912,0.31,36.0,Yes,No,Roswell Park,NH,Colon,Colon Adenocarcinoma,0.2912,0.31,cBioPortal PanCancer Atlas; MANTIS/MSIsensor thresholds
TCGA-NH-A50U,TCGA-NH-A50U-01,Colorectal Cancer,Mucinous Adenocarcinoma of the Colon and Rectum,,,0.5291,,,,,,,,87.0,MACR,,Primary,,Matched,2.9,,coadread_tcga_pan_can_atlas_2018,MANTIS_MSISENSOR_THRESHOLD,MSS,MSS,Primary,Colorectal Cancer,Mucinous Adenocarcinoma of the Colon and Rectum,0.5291,,23.0,0.3425,0.5,40.0,Yes,No,Roswell Park,NH,Colon,"Colon Adenocarcinoma, Mucinous Type",0.3425,0.5,cBioPortal PanCancer Atlas; MANTIS/MSIsensor thresholds
TCGA-NH-A50V,TCGA-NH-A50V-01,Colorectal Cancer,Colon Adenocarcinoma,,,0.1895,,,,,,,,146.0,COAD,,Primary,,Matched,4.866666667,,coadread_tcga_pan_can_atlas_2018,MANTIS_MSISENSOR_THRESHOLD,MSS,MSS,Primary,Colorectal Cancer,Colon Adenocarcinoma,0.1895,,10.0,0.2879,0.32,50.0,Yes,No,Candler,NH,Colon,Colon Adenocarcinoma,0.2879,0.32,cBioPortal PanCancer Atlas; MANTIS/MSIsensor thresholds
TCGA-NH-A5IV,TCGA-NH-A5IV-01,Colorectal Cancer,Colon Adenocarcinoma,,,0.0008,,,,,,,,2380.0,COAD,,Primary,,Matched,79.83333333,,coadread_tcga_pan_can_atlas_2018,MANTIS_MSISENSOR_THRESHOLD,MSI-H,MSI-H,Primary,Colorectal Cancer,Colon Adenocarcinoma,0.0008,,0.0,1.2012,41.02,23.0,Yes,No,Candler,NH,Colon,Colon Adenocarcinoma,1.2012,41.02,cBioPortal PanCancer Atlas; MANTIS/MSIsensor thresholds
TCGA-NH-A6GA,TCGA-NH-A6GA-01,Colorectal Cancer,Colon Adenocarcinoma,,,0.3715,,,,,,,,84.0,COAD,,Primary,,Matched,2.833333333,,coadread_tcga_pan_can_atlas_2018,MANTIS_MSISENSOR_THRESHOLD,MSS,MSS,Primary,Colorectal Cancer,Colon Adenocarcinoma,0.3715,,13.0,0.3295,1.07,30.0,Yes,No,Candler,NH,Colon,Colon Adenocarcinoma,0.3295,1.07,cBioPortal PanCancer Atlas; MANTIS/MSIsensor thresholds
TCGA-NH-A6GB,TCGA-NH-A6GB-01,Colorectal Cancer,Colon Adenocarcinoma,,,0.1527,,,,,,,,150.0,COAD,,Primary,,Matched,5.0,,coadread_tcga_pan_can_atlas_2018,MANTIS_MSISENSOR_THRESHOLD,MSS,MSS,Primary,Colorectal Cancer,Colon Adenocarcinoma,0.1527,,7.0,0.3185,0.31,49.0,Yes,No,Candler,NH,Colon,Colon Adenocarcinoma,0.3185,0.31,cBioPortal PanCancer Atlas; MANTIS/MSIsensor thresholds
TCGA-NH-A6GC,TCGA-NH-A6GC-01,Colorectal Cancer,Mucinous Adenocarcinoma of the Colon and Rectum,,,0.5911,,,,,,,,114.0,MACR,,Primary,,Matched,3.8,,coadread_tcga_pan_can_atlas_2018,MANTIS_MSISENSOR_THRESHOLD,MSS,MSS,Primary,Colorectal Cancer,Mucinous Adenocarcinoma of the Colon and Rectum,0.5911,,23.0,0.3241,0.73,53.0,Yes,No,Candler,NH,Colon,"Colon Adenocarcinoma, Mucinous Type",0.3241,0.73,cBioPortal PanCancer Atlas; MANTIS/MSIsensor thresholds
TCGA-NH-A8F7,TCGA-NH-A8F7-01,Colorectal Cancer,Colon Adenocarcinoma,,,0.405,,,,,,,,118.0,COAD,,Primary,,Matched,3.966666667,,coadread_tcga_pan_can_atlas_2018,MANTIS_MSISENSOR_THRESHOLD,MSS,MSS,Primary,Colorectal Cancer,Colon Adenocarcinoma,0.405,,18.0,0.3241,0.36,26.0,Yes,No,Candler,NH,Colon,Colon Adenocarcinoma,0.3241,0.36,cBioPortal PanCancer Atlas; MANTIS/MSIsensor thresholds
TCGA-NH-A8F8,TCGA-NH-A8F8-01,Colorectal Cancer,Colon Adenocarcinoma,,,0.3075,,,,,,,,105.0,COAD,,Primary,,Matched,3.5,,coadread_tcga_pan_can_atlas_2018,MANTIS_MSISENSOR_THRESHOLD,MSS,MSS,Primary,Colorectal Cancer,Colon Adenocarcinoma,0.3075,,13.0,0.3144,0.23,23.0,Yes,No,Candler,NH,Colon,Colon Adenocarcinoma,0.3144,0.23,cBioPortal PanCancer Atlas; MANTIS/MSIsensor thresholds
TCGA-QG-A5YV,TCGA-QG-A5YV-01,Colorectal Cancer,Colon Adenocarcinoma,,,0.4264,,,,,,,,162.0,COAD,,Primary,,Matched,5.466666667,,coadread_tcga_pan_can_atlas_2018,MANTIS_MSISENSOR_THRESHOLD,MSS,MSS,Primary,Colorectal Cancer,Colon Adenocarcinoma,0.4264,,18.0,0.2586,0.0,33.0,No,Yes,Candler,QG,Colon,Colon Adenocarcinoma,0.2586,0.0,cBioPortal PanCancer Atlas; MANTIS/MSIsensor thresholds
TCGA-QG-A5YW,TCGA-QG-A5YW-01,Colorectal Cancer,Mucinous Adenocarcinoma of the Colon and Rectum,,,0.4458,,,,,,,,148.0,MACR,,Primary,,Matched,4.933333333,,coadread_tcga_pan_can_atlas_2018,MANTIS_MSISENSOR_THRESHOLD,MSS,MSS,Primary,Colorectal Cancer,Mucinous Adenocarcinoma of the Colon and Rectum,0.4458,,21.0,0.2723,0.47,26.0,No,Yes,Candler,QG,Colon,"Colon Adenocarcinoma, Mucinous Type",0.2723,0.47,cBioPortal PanCancer Atlas; MANTIS/MSIsensor thresholds
TCGA-QG-A5YX,TCGA-QG-A5YX-01,Colorectal Cancer,Colon Adenocarcinoma,,,0.2323,,,,,,,,80.0,COAD,,Primary,,Matched,2.733333333,,coadread_tcga_pan_can_atlas_2018,MANTIS_MSISENSOR_THRESHOLD,MSS,MSS,Primary,Colorectal Cancer,Colon Adenocarcinoma,0.2323,,10.0,0.304,0.18,25.0,No,Yes,BLN - Baylor,QG,Colon,Colon Adenocarcinoma,0.304,0.18,cBioPortal PanCancer Atlas; MANTIS/MSIsensor thresholds
TCGA-QG-A5Z1,TCGA-QG-A5Z1-01,Colorectal Cancer,Colon Adenocarcinoma,,,0.272,,,,,,,,95.0,COAD,,Primary,,Matched,3.166666667,,coadread_tcga_pan_can_atlas_2018,MANTIS_MSISENSOR_THRESHOLD,MSS,MSS,Primary,Colorectal Cancer,Colon Adenocarcinoma,0.272,,9.0,0.2924,0.03,78.0,No,Yes,BLN - Baylor,QG,Colon,Colon Adenocarcinoma,0.2924,0.03,cBioPortal PanCancer Atlas; MANTIS/MSIsensor thresholds
TCGA-QG-A5Z2,TCGA-QG-A5Z2-01,Colorectal Cancer,Colon Adenocarcinoma,,,0.0002,,,,,,,,1023.0,COAD,,Primary,,Matched,34.46666667,,coadread_tcga_pan_can_atlas_2018,MANTIS_MSISENSOR_THRESHOLD,MSI-H,MSI-H,Primary,Colorectal Cancer,Colon Adenocarcinoma,0.0002,,0.0,0.86,19.29,4.0,No,Yes,BLN - Baylor,QG,Colon,Colon Adenocarcinoma,0.86,19.29,cBioPortal PanCancer Atlas; MANTIS/MSIsensor thresholds
TCGA-QL-A97D,TCGA-QL-A97D-01,Colorectal Cancer,Colon Adenocarcinoma,,,0.2828,,,,,,,,211.0,COAD,,Primary,,Matched,7.1,,coadread_tcga_pan_can_atlas_2018,MANTIS_MSISENSOR_THRESHOLD,MSS,MSS,Primary,Colorectal Cancer,Colon Adenocarcinoma,0.2828,,21.0,0.3204,0.56,101.0,No,Yes,BLN - Baylor,QL,Colon,Colon Adenocarcinoma,0.3204,0.56,cBioPortal PanCancer Atlas; MANTIS/MSIsensor thresholds
TCGA-RU-A8FL,TCGA-RU-A8FL-01,Colorectal Cancer,Colon Adenocarcinoma,,,0.2344,,,,,,,,126.0,COAD,,Primary,,Matched,4.2,,coadread_tcga_pan_can_atlas_2018,MANTIS_MSISENSOR_THRESHOLD,MSS,MSS,Primary,Colorectal Cancer,Colon Adenocarcinoma,0.2344,,26.0,0.3417,0.47,102.0,No,Yes,BLN - Baylor,RU,Colon,Colon Adenocarcinoma,0.3417,0.47,cBioPortal PanCancer Atlas; MANTIS/MSIsensor thresholds
TCGA-SS-A7HO,TCGA-SS-A7HO-01,Colorectal Cancer,Colon Adenocarcinoma,,,0.3774,,,,,,,,145.0,COAD,,Primary,,Matched,4.833333333,,coadread_tcga_pan_can_atlas_2018,MANTIS_MSISENSOR_THRESHOLD,MSS,MSS,Primary,Colorectal Cancer,Colon Adenocarcinoma,0.3774,,18.0,0.3318,1.19,80.0,No,Yes,University of Chicago,SS,Colon,Colon Adenocarcinoma,0.3318,1.19,cBioPortal PanCancer Atlas; MANTIS/MSIsensor thresholds
TCGA-T9-A92H,TCGA-T9-A92H-01,Colorectal Cancer,Colon Adenocarcinoma,,,0.1742,,,,,,,,159.0,COAD,,Primary,,Matched,5.333333333,,coadread_tcga_pan_can_atlas_2018,MANTIS_MSISENSOR_THRESHOLD,MSS,MSS,Primary,Colorectal Cancer,Colon Adenocarcinoma,0.1742,,11.0,0.317,0.4,111.0,Yes,No,Northwestern University,T9,Colon,Colon Adenocarcinoma,0.317,0.4,cBioPortal PanCancer Atlas; MANTIS/MSIsensor thresholds
TCGA-WS-AB45,TCGA-WS-AB45-01,Colorectal Cancer,Mucinous Adenocarcinoma of the Colon and Rectum,,,0.0053,,,,,,,,2513.0,MACR,,Primary,,Matched,84.33333333,,coadread_tcga_pan_can_atlas_2018,MANTIS_MSISENSOR_THRESHOLD,MSI-H,MSI-H,Primary,Colorectal Cancer,Mucinous Adenocarcinoma of the Colon and Rectum,0.0053,,7.0,0.6782,24.48,25.0,No,Yes,Medical College of Georgia,WS,Colon,"Colon Adenocarcinoma, Mucinous Type",0.6782,24.48,cBioPortal PanCancer Atlas; MANTIS/MSIsensor thresholds
