studyId,patientId,sampleId,clinicalAttributeId,displayName,datatype,patientAttribute,value
crc_dd_2022,P-0001237,P-0001237-T01-IM3,CANCER_TYPE,Cancer Type,STRING,False,Colorectal Cancer
crc_dd_2022,P-0001237,P-0001237-T01-IM3,CANCER_TYPE_DETAILED,Cancer Type Detailed,STRING,False,Mucinous Adenocarcinoma of the Colon and Rectum
crc_dd_2022,P-0001237,P-0001237-T01-IM3,CVR_TMB_SCORE,Impact TMB Score,NUMBER,False,75
crc_dd_2022,P-0001237,P-0001237-T01-IM3,DRIVER1_AI,Driver1 Allelic Imbalance,STRING,False,No
crc_dd_2022,P-0001237,P-0001237-T01-IM3,DRIVER1_CCF,Driver1 CCF,NUMBER,False,1
crc_dd_2022,P-0001237,P-0001237-T01-IM3,DRIVER1_CELLULAR_FRACTION,Driver1 Cellular Fraction,NUMBER,False,1.00
crc_dd_2022,P-0001237,P-0001237-T01-IM3,DRIVER1_CLONAL_CALL,Driver1 Clonal Call,STRING,False,Clonal
crc_dd_2022,P-0001237,P-0001237-T01-IM3,DRIVER1_EXPECTED_MUTANT_COPIES,Driver1 Expected Mutant Copies,NUMBER,False,1.20
crc_dd_2022,P-0001237,P-0001237-T01-IM3,DRIVER1_FACETS_PLOIDY_CALL,Driver1 Facets Ploidy Call,STRING,False,DIPLOID
crc_dd_2022,P-0001237,P-0001237-T01-IM3,DRIVER1_LCN,Driver1 LCN,STRING,False,1
crc_dd_2022,P-0001237,P-0001237-T01-IM3,DRIVER1_MUTATION,Driver1 Mutation,STRING,False,BRAF p.V600E
crc_dd_2022,P-0001237,P-0001237-T01-IM3,DRIVER1_TCN,Driver1 TCN,STRING,False,2
crc_dd_2022,P-0001237,P-0001237-T01-IM3,DRIVER2_AI,Driver2 Allelic Imbalance,STRING,False,No
crc_dd_2022,P-0001237,P-0001237-T01-IM3,DRIVER2_CCF,Driver2 CCF,NUMBER,False,0.572
crc_dd_2022,P-0001237,P-0001237-T01-IM3,DRIVER2_CELLULAR_FRACTION,Driver2 Cellular Fraction,NUMBER,False,1.00
crc_dd_2022,P-0001237,P-0001237-T01-IM3,DRIVER2_CLONAL_CALL,Driver2 Clonal Call,STRING,False,Subclonal
crc_dd_2022,P-0001237,P-0001237-T01-IM3,DRIVER2_FACETS_PLOIDY_CALL,Driver2 Facets Ploidy Call,STRING,False,DIPLOID
crc_dd_2022,P-0001237,P-0001237-T01-IM3,DRIVER2_LCN,Driver2 LCN,STRING,False,1
crc_dd_2022,P-0001237,P-0001237-T01-IM3,DRIVER2_MUTATION,Driver2 Mutation,STRING,False,KRAS p.G13D
crc_dd_2022,P-0001237,P-0001237-T01-IM3,DRIVER2_TCN,Driver2 TCN,STRING,False,2
crc_dd_2022,P-0001237,P-0001237-T01-IM3,FRACTION_GENOME_ALTERED,Fraction Genome Altered,NUMBER,False,0.0939
crc_dd_2022,P-0001237,P-0001237-T01-IM3,GENOMIC_QC,Genomic QC,STRING,False,PASS
crc_dd_2022,P-0001237,P-0001237-T01-IM3,GROUP,Group,STRING,False,Subclonal-Clonal
crc_dd_2022,P-0001237,P-0001237-T01-IM3,HIGHEST_LEVEL_ONCOKB,Highest Level OncoKB,STRING,False,LEVEL_1
crc_dd_2022,P-0001237,P-0001237-T01-IM3,MSI_SCORE,MSI Score,NUMBER,False,29
crc_dd_2022,P-0001237,P-0001237-T01-IM3,MSI_TYPE,MSI Type,STRING,False,Instable
crc_dd_2022,P-0001237,P-0001237-T01-IM3,MUTATION_COUNT,Mutation Count,NUMBER,False,67
crc_dd_2022,P-0001237,P-0001237-T01-IM3,ONCOTREE_CODE,Oncotree Code,STRING,False,MACR
crc_dd_2022,P-0001237,P-0001237-T01-IM3,PRIMARY_SITE,Primary Tumor Site,STRING,False,Transverse Colon
crc_dd_2022,P-0001237,P-0001237-T01-IM3,SAMPLE_COVERAGE,Sample coverage,NUMBER,False,210
crc_dd_2022,P-0001237,P-0001237-T01-IM3,SAMPLE_TYPE,Sample Type,STRING,False,Primary
crc_dd_2022,P-0001237,P-0001237-T01-IM3,TUMOR_LOCATION,Tumor Location (Proximal vs. Distal),STRING,False,Proximal
crc_dd_2022,P-0001237,P-0001237-T01-IM3,TUMOR_PURITY,Tumor Purity,NUMBER,False,40
crc_dd_2022,P-0001237,P-0001237-T01-IM3,WGD,WGD,STRING,False,FALSE
crc_dd_2022,P-0002475,P-0002475-T01-IM3,CANCER_TYPE,Cancer Type,STRING,False,Colorectal Cancer
crc_dd_2022,P-0002475,P-0002475-T01-IM3,CANCER_TYPE_DETAILED,Cancer Type Detailed,STRING,False,Colon Adenocarcinoma
crc_dd_2022,P-0002475,P-0002475-T01-IM3,CVR_TMB_SCORE,Impact TMB Score,NUMBER,False,10
crc_dd_2022,P-0002475,P-0002475-T01-IM3,DRIVER1_AI,Driver1 Allelic Imbalance,STRING,False,No
crc_dd_2022,P-0002475,P-0002475-T01-IM3,DRIVER1_CCF,Driver1 CCF,NUMBER,False,1.00
crc_dd_2022,P-0002475,P-0002475-T01-IM3,DRIVER1_CELLULAR_FRACTION,Driver1 Cellular Fraction,NUMBER,False,1.00
crc_dd_2022,P-0002475,P-0002475-T01-IM3,DRIVER1_CLONAL_CALL,Driver1 Clonal Call,STRING,False,Clonal
crc_dd_2022,P-0002475,P-0002475-T01-IM3,DRIVER1_EXPECTED_MUTANT_COPIES,Driver1 Expected Mutant Copies,NUMBER,False,1.04
crc_dd_2022,P-0002475,P-0002475-T01-IM3,DRIVER1_FACETS_PLOIDY_CALL,Driver1 Facets Ploidy Call,STRING,False,DIPLOID
crc_dd_2022,P-0002475,P-0002475-T01-IM3,DRIVER1_LCN,Driver1 LCN,STRING,False,1
crc_dd_2022,P-0002475,P-0002475-T01-IM3,DRIVER1_MUTATION,Driver1 Mutation,STRING,False,KRAS p.G13D
crc_dd_2022,P-0002475,P-0002475-T01-IM3,DRIVER1_TCN,Driver1 TCN,STRING,False,2
crc_dd_2022,P-0002475,P-0002475-T01-IM3,DRIVER2_AI,Driver2 Allelic Imbalance,STRING,False,No
crc_dd_2022,P-0002475,P-0002475-T01-IM3,DRIVER2_CCF,Driver2 CCF,NUMBER,False,0.872
crc_dd_2022,P-0002475,P-0002475-T01-IM3,DRIVER2_CELLULAR_FRACTION,Driver2 Cellular Fraction,NUMBER,False,1.00
crc_dd_2022,P-0002475,P-0002475-T01-IM3,DRIVER2_CLONAL_CALL,Driver2 Clonal Call,STRING,False,Clonal
crc_dd_2022,P-0002475,P-0002475-T01-IM3,DRIVER2_FACETS_PLOIDY_CALL,Driver2 Facets Ploidy Call,STRING,False,DIPLOID
crc_dd_2022,P-0002475,P-0002475-T01-IM3,DRIVER2_LCN,Driver2 LCN,STRING,False,1
crc_dd_2022,P-0002475,P-0002475-T01-IM3,DRIVER2_MUTATION,Driver2 Mutation,STRING,False,KRAS p.G12D
crc_dd_2022,P-0002475,P-0002475-T01-IM3,DRIVER2_TCN,Driver2 TCN,STRING,False,2
crc_dd_2022,P-0002475,P-0002475-T01-IM3,FRACTION_GENOME_ALTERED,Fraction Genome Altered,NUMBER,False,0.3130
crc_dd_2022,P-0002475,P-0002475-T01-IM3,GENOMIC_QC,Genomic QC,STRING,False,PASS
crc_dd_2022,P-0002475,P-0002475-T01-IM3,GROUP,Group,STRING,False,Clonal-Clonal
crc_dd_2022,P-0002475,P-0002475-T01-IM3,HIGHEST_LEVEL_ONCOKB,Highest Level OncoKB,STRING,False,LEVEL_3B
crc_dd_2022,P-0002475,P-0002475-T01-IM3,MSI_SCORE,MSI Score,NUMBER,False,0.7
crc_dd_2022,P-0002475,P-0002475-T01-IM3,MSI_TYPE,MSI Type,STRING,False,Stable
crc_dd_2022,P-0002475,P-0002475-T01-IM3,MUTATION_COUNT,Mutation Count,NUMBER,False,9
crc_dd_2022,P-0002475,P-0002475-T01-IM3,ONCOTREE_CODE,Oncotree Code,STRING,False,COAD
crc_dd_2022,P-0002475,P-0002475-T01-IM3,PRIMARY_SITE,Primary Tumor Site,STRING,False,Rectosigmoid Colon
crc_dd_2022,P-0002475,P-0002475-T01-IM3,SAMPLE_COVERAGE,Sample coverage,NUMBER,False,846
crc_dd_2022,P-0002475,P-0002475-T01-IM3,SAMPLE_TYPE,Sample Type,STRING,False,Primary
crc_dd_2022,P-0002475,P-0002475-T01-IM3,TUMOR_LOCATION,Tumor Location (Proximal vs. Distal),STRING,False,Distal
crc_dd_2022,P-0002475,P-0002475-T01-IM3,WGD,WGD,STRING,False,FALSE
crc_dd_2022,P-0004783,P-0004783-T01-IM5,CANCER_TYPE,Cancer Type,STRING,False,Colorectal Cancer
crc_dd_2022,P-0004783,P-0004783-T01-IM5,CANCER_TYPE_DETAILED,Cancer Type Detailed,STRING,False,Rectal Adenocarcinoma
crc_dd_2022,P-0004783,P-0004783-T01-IM5,CVR_TMB_SCORE,Impact TMB Score,NUMBER,False,47.2
crc_dd_2022,P-0004783,P-0004783-T01-IM5,DRIVER1_AI,Driver1 Allelic Imbalance,STRING,False,No
crc_dd_2022,P-0004783,P-0004783-T01-IM5,DRIVER1_CCF,Driver1 CCF,NUMBER,False,1.00
crc_dd_2022,P-0004783,P-0004783-T01-IM5,DRIVER1_CELLULAR_FRACTION,Driver1 Cellular Fraction,NUMBER,False,1.00
crc_dd_2022,P-0004783,P-0004783-T01-IM5,DRIVER1_CLONAL_CALL,Driver1 Clonal Call,STRING,False,Clonal
crc_dd_2022,P-0004783,P-0004783-T01-IM5,DRIVER1_EXPECTED_MUTANT_COPIES,Driver1 Expected Mutant Copies,NUMBER,False,1.31
crc_dd_2022,P-0004783,P-0004783-T01-IM5,DRIVER1_FACETS_PLOIDY_CALL,Driver1 Facets Ploidy Call,STRING,False,DIPLOID
crc_dd_2022,P-0004783,P-0004783-T01-IM5,DRIVER1_LCN,Driver1 LCN,STRING,False,1
crc_dd_2022,P-0004783,P-0004783-T01-IM5,DRIVER1_MUTATION,Driver1 Mutation,STRING,False,KRAS p.A59T
crc_dd_2022,P-0004783,P-0004783-T01-IM5,DRIVER1_TCN,Driver1 TCN,STRING,False,2
crc_dd_2022,P-0004783,P-0004783-T01-IM5,DRIVER2_AI,Driver2 Allelic Imbalance,STRING,False,No
crc_dd_2022,P-0004783,P-0004783-T01-IM5,DRIVER2_CCF,Driver2 CCF,NUMBER,False,1
crc_dd_2022,P-0004783,P-0004783-T01-IM5,DRIVER2_CELLULAR_FRACTION,Driver2 Cellular Fraction,NUMBER,False,1.00
crc_dd_2022,P-0004783,P-0004783-T01-IM5,DRIVER2_CLONAL_CALL,Driver2 Clonal Call,STRING,False,Clonal
crc_dd_2022,P-0004783,P-0004783-T01-IM5,DRIVER2_EXPECTED_MUTANT_COPIES,Driver2 Expected Mutant Copies,NUMBER,False,1.48890174
crc_dd_2022,P-0004783,P-0004783-T01-IM5,DRIVER2_FACETS_PLOIDY_CALL,Driver2 Facets Ploidy Call,STRING,False,DIPLOID
crc_dd_2022,P-0004783,P-0004783-T01-IM5,DRIVER2_LCN,Driver2 LCN,STRING,False,1
crc_dd_2022,P-0004783,P-0004783-T01-IM5,DRIVER2_MUTATION,Driver2 Mutation,STRING,False,KRAS p.G12D
crc_dd_2022,P-0004783,P-0004783-T01-IM5,DRIVER2_TCN,Driver2 TCN,STRING,False,2
crc_dd_2022,P-0004783,P-0004783-T01-IM5,FRACTION_GENOME_ALTERED,Fraction Genome Altered,NUMBER,False,0.0037
crc_dd_2022,P-0004783,P-0004783-T01-IM5,GENOMIC_QC,Genomic QC,STRING,False,PASS
crc_dd_2022,P-0004783,P-0004783-T01-IM5,GROUP,Group,STRING,False,Clonal-Clonal
crc_dd_2022,P-0004783,P-0004783-T01-IM5,HIGHEST_LEVEL_ONCOKB,Highest Level OncoKB,STRING,False,LEVEL_4
crc_dd_2022,P-0004783,P-0004783-T01-IM5,MSI_SCORE,MSI Score,NUMBER,False,23.53
crc_dd_2022,P-0004783,P-0004783-T01-IM5,MSI_TYPE,MSI Type,STRING,False,Instable
crc_dd_2022,P-0004783,P-0004783-T01-IM5,MUTATION_COUNT,Mutation Count,NUMBER,False,48
crc_dd_2022,P-0004783,P-0004783-T01-IM5,ONCOTREE_CODE,Oncotree Code,STRING,False,READ
crc_dd_2022,P-0004783,P-0004783-T01-IM5,PRIMARY_SITE,Primary Tumor Site,STRING,False,Rectum
crc_dd_2022,P-0004783,P-0004783-T01-IM5,SAMPLE_COVERAGE,Sample coverage,NUMBER,False,587
crc_dd_2022,P-0004783,P-0004783-T01-IM5,SAMPLE_TYPE,Sample Type,STRING,False,Primary
crc_dd_2022,P-0004783,P-0004783-T01-IM5,TUMOR_LOCATION,Tumor Location (Proximal vs. Distal),STRING,False,Distal
crc_dd_2022,P-0004783,P-0004783-T01-IM5,TUMOR_PURITY,Tumor Purity,NUMBER,False,40
crc_dd_2022,P-0004783,P-0004783-T01-IM5,WGD,WGD,STRING,False,FALSE
crc_dd_2022,P-0005230,P-0005230-T01-IM5,CANCER_TYPE,Cancer Type,STRING,False,Colorectal Cancer
crc_dd_2022,P-0005230,P-0005230-T01-IM5,CANCER_TYPE_DETAILED,Cancer Type Detailed,STRING,False,Colon Adenocarcinoma
crc_dd_2022,P-0005230,P-0005230-T01-IM5,CVR_TMB_SCORE,Impact TMB Score,NUMBER,False,63.9
crc_dd_2022,P-0005230,P-0005230-T01-IM5,DRIVER1_MUTATION,Driver1 Mutation,STRING,False,KRAS p.G12D
crc_dd_2022,P-0005230,P-0005230-T01-IM5,DRIVER2_MUTATION,Driver2 Mutation,STRING,False,KRAS p.G13D
crc_dd_2022,P-0005230,P-0005230-T01-IM5,FRACTION_GENOME_ALTERED,Fraction Genome Altered,NUMBER,False,0.0753
crc_dd_2022,P-0005230,P-0005230-T01-IM5,GENOMIC_QC,Genomic QC,STRING,False,FAIL
crc_dd_2022,P-0005230,P-0005230-T01-IM5,HIGHEST_LEVEL_ONCOKB,Highest Level OncoKB,STRING,False,LEVEL_3B
crc_dd_2022,P-0005230,P-0005230-T01-IM5,MSI_SCORE,MSI Score,NUMBER,False,14.14
crc_dd_2022,P-0005230,P-0005230-T01-IM5,MSI_TYPE,MSI Type,STRING,False,Instable
crc_dd_2022,P-0005230,P-0005230-T01-IM5,MUTATION_COUNT,Mutation Count,NUMBER,False,65
crc_dd_2022,P-0005230,P-0005230-T01-IM5,ONCOTREE_CODE,Oncotree Code,STRING,False,COAD
crc_dd_2022,P-0005230,P-0005230-T01-IM5,PRIMARY_SITE,Primary Tumor Site,STRING,False,Ascending Colon
crc_dd_2022,P-0005230,P-0005230-T01-IM5,SAMPLE_COVERAGE,Sample coverage,NUMBER,False,562
crc_dd_2022,P-0005230,P-0005230-T01-IM5,SAMPLE_TYPE,Sample Type,STRING,False,Primary
crc_dd_2022,P-0005230,P-0005230-T01-IM5,TUMOR_LOCATION,Tumor Location (Proximal vs. Distal),STRING,False,Proximal
crc_dd_2022,P-0005230,P-0005230-T01-IM5,TUMOR_PURITY,Tumor Purity,NUMBER,False,30
crc_dd_2022,P-0007592,P-0007592-T01-IM5,CANCER_TYPE,Cancer Type,STRING,False,Colorectal Cancer
crc_dd_2022,P-0007592,P-0007592-T01-IM5,CANCER_TYPE_DETAILED,Cancer Type Detailed,STRING,False,Colon Adenocarcinoma
crc_dd_2022,P-0007592,P-0007592-T01-IM5,CVR_TMB_SCORE,Impact TMB Score,NUMBER,False,8.9
crc_dd_2022,P-0007592,P-0007592-T01-IM5,DRIVER1_AI,Driver1 Allelic Imbalance,STRING,False,No
crc_dd_2022,P-0007592,P-0007592-T01-IM5,DRIVER1_CCF,Driver1 CCF,NUMBER,False,0.99
crc_dd_2022,P-0007592,P-0007592-T01-IM5,DRIVER1_CELLULAR_FRACTION,Driver1 Cellular Fraction,NUMBER,False,1.00
crc_dd_2022,P-0007592,P-0007592-T01-IM5,DRIVER1_CLONAL_CALL,Driver1 Clonal Call,STRING,False,Clonal
crc_dd_2022,P-0007592,P-0007592-T01-IM5,DRIVER1_EXPECTED_MUTANT_COPIES,Driver1 Expected Mutant Copies,NUMBER,False,0.99
crc_dd_2022,P-0007592,P-0007592-T01-IM5,DRIVER1_FACETS_PLOIDY_CALL,Driver1 Facets Ploidy Call,STRING,False,DIPLOID
crc_dd_2022,P-0007592,P-0007592-T01-IM5,DRIVER1_LCN,Driver1 LCN,STRING,False,1
crc_dd_2022,P-0007592,P-0007592-T01-IM5,DRIVER1_MUTATION,Driver1 Mutation,STRING,False,NRAS p.Q61K
crc_dd_2022,P-0007592,P-0007592-T01-IM5,DRIVER1_TCN,Driver1 TCN,STRING,False,2
crc_dd_2022,P-0007592,P-0007592-T01-IM5,DRIVER2_AI,Driver2 Allelic Imbalance,STRING,False,No
crc_dd_2022,P-0007592,P-0007592-T01-IM5,DRIVER2_CCF,Driver2 CCF,NUMBER,False,0.92
crc_dd_2022,P-0007592,P-0007592-T01-IM5,DRIVER2_CELLULAR_FRACTION,Driver2 Cellular Fraction,NUMBER,False,1.00
crc_dd_2022,P-0007592,P-0007592-T01-IM5,DRIVER2_CLONAL_CALL,Driver2 Clonal Call,STRING,False,Clonal
crc_dd_2022,P-0007592,P-0007592-T01-IM5,DRIVER2_EXPECTED_MUTANT_COPIES,Driver2 Expected Mutant Copies,NUMBER,False,0.919762365
crc_dd_2022,P-0007592,P-0007592-T01-IM5,DRIVER2_FACETS_PLOIDY_CALL,Driver2 Facets Ploidy Call,STRING,False,DIPLOID
crc_dd_2022,P-0007592,P-0007592-T01-IM5,DRIVER2_LCN,Driver2 LCN,STRING,False,1
crc_dd_2022,P-0007592,P-0007592-T01-IM5,DRIVER2_MUTATION,Driver2 Mutation,STRING,False,KRAS p.G12A
crc_dd_2022,P-0007592,P-0007592-T01-IM5,DRIVER2_TCN,Driver2 TCN,STRING,False,2
crc_dd_2022,P-0007592,P-0007592-T01-IM5,FRACTION_GENOME_ALTERED,Fraction Genome Altered,NUMBER,False,0.1820
crc_dd_2022,P-0007592,P-0007592-T01-IM5,GENOMIC_QC,Genomic QC,STRING,False,PASS
crc_dd_2022,P-0007592,P-0007592-T01-IM5,GROUP,Group,STRING,False,Clonal-Clonal
crc_dd_2022,P-0007592,P-0007592-T01-IM5,HIGHEST_LEVEL_ONCOKB,Highest Level OncoKB,STRING,False,LEVEL_3B
crc_dd_2022,P-0007592,P-0007592-T01-IM5,MSI_SCORE,MSI Score,NUMBER,False,0.17
crc_dd_2022,P-0007592,P-0007592-T01-IM5,MSI_TYPE,MSI Type,STRING,False,Stable
crc_dd_2022,P-0007592,P-0007592-T01-IM5,MUTATION_COUNT,Mutation Count,NUMBER,False,9
crc_dd_2022,P-0007592,P-0007592-T01-IM5,ONCOTREE_CODE,Oncotree Code,STRING,False,COAD
crc_dd_2022,P-0007592,P-0007592-T01-IM5,PRIMARY_SITE,Primary Tumor Site,STRING,False,Ascending Colon
crc_dd_2022,P-0007592,P-0007592-T01-IM5,SAMPLE_COVERAGE,Sample coverage,NUMBER,False,856
crc_dd_2022,P-0007592,P-0007592-T01-IM5,SAMPLE_TYPE,Sample Type,STRING,False,Primary
crc_dd_2022,P-0007592,P-0007592-T01-IM5,TUMOR_LOCATION,Tumor Location (Proximal vs. Distal),STRING,False,Proximal
crc_dd_2022,P-0007592,P-0007592-T01-IM5,WGD,WGD,STRING,False,FALSE
crc_dd_2022,P-0008729,P-0008729-T01-IM5,CANCER_TYPE,Cancer Type,STRING,False,Colorectal Cancer
crc_dd_2022,P-0008729,P-0008729-T01-IM5,CANCER_TYPE_DETAILED,Cancer Type Detailed,STRING,False,Colon Adenocarcinoma
crc_dd_2022,P-0008729,P-0008729-T01-IM5,CVR_TMB_SCORE,Impact TMB Score,NUMBER,False,49.2
crc_dd_2022,P-0008729,P-0008729-T01-IM5,DRIVER1_AI,Driver1 Allelic Imbalance,STRING,False,No
crc_dd_2022,P-0008729,P-0008729-T01-IM5,DRIVER1_CCF,Driver1 CCF,NUMBER,False,0.77
crc_dd_2022,P-0008729,P-0008729-T01-IM5,DRIVER1_CELLULAR_FRACTION,Driver1 Cellular Fraction,NUMBER,False,1.00
crc_dd_2022,P-0008729,P-0008729-T01-IM5,DRIVER1_CLONAL_CALL,Driver1 Clonal Call,STRING,False,Subclonal
crc_dd_2022,P-0008729,P-0008729-T01-IM5,DRIVER1_FACETS_PLOIDY_CALL,Driver1 Facets Ploidy Call,STRING,False,DIPLOID
crc_dd_2022,P-0008729,P-0008729-T01-IM5,DRIVER1_LCN,Driver1 LCN,STRING,False,1
crc_dd_2022,P-0008729,P-0008729-T01-IM5,DRIVER1_MUTATION,Driver1 Mutation,STRING,False,BRAF p.V600E
crc_dd_2022,P-0008729,P-0008729-T01-IM5,DRIVER1_TCN,Driver1 TCN,STRING,False,2
crc_dd_2022,P-0008729,P-0008729-T01-IM5,DRIVER2_AI,Driver2 Allelic Imbalance,STRING,False,Yes
crc_dd_2022,P-0008729,P-0008729-T01-IM5,DRIVER2_CCF,Driver2 CCF,NUMBER,False,0.636
crc_dd_2022,P-0008729,P-0008729-T01-IM5,DRIVER2_CELLULAR_FRACTION,Driver2 Cellular Fraction,NUMBER,False,0.36
crc_dd_2022,P-0008729,P-0008729-T01-IM5,DRIVER2_CLONAL_CALL,Driver2 Clonal Call,STRING,False,Indeterminate
crc_dd_2022,P-0008729,P-0008729-T01-IM5,DRIVER2_FACETS_PLOIDY_CALL,Driver2 Facets Ploidy Call,STRING,False,HETLOSS
crc_dd_2022,P-0008729,P-0008729-T01-IM5,DRIVER2_LCN,Driver2 LCN,STRING,False,0
crc_dd_2022,P-0008729,P-0008729-T01-IM5,DRIVER2_MUTATION,Driver2 Mutation,STRING,False,KRAS p.G12D
crc_dd_2022,P-0008729,P-0008729-T01-IM5,DRIVER2_TCN,Driver2 TCN,STRING,False,1
crc_dd_2022,P-0008729,P-0008729-T01-IM5,FRACTION_GENOME_ALTERED,Fraction Genome Altered,NUMBER,False,0.0486
crc_dd_2022,P-0008729,P-0008729-T01-IM5,GENOMIC_QC,Genomic QC,STRING,False,PASS
crc_dd_2022,P-0008729,P-0008729-T01-IM5,GROUP,Group,STRING,False,Indeterminate-Subclonal
crc_dd_2022,P-0008729,P-0008729-T01-IM5,HIGHEST_LEVEL_ONCOKB,Highest Level OncoKB,STRING,False,LEVEL_1
crc_dd_2022,P-0008729,P-0008729-T01-IM5,MSI_SCORE,MSI Score,NUMBER,False,33.56
crc_dd_2022,P-0008729,P-0008729-T01-IM5,MSI_TYPE,MSI Type,STRING,False,Instable
crc_dd_2022,P-0008729,P-0008729-T01-IM5,MUTATION_COUNT,Mutation Count,NUMBER,False,51
crc_dd_2022,P-0008729,P-0008729-T01-IM5,ONCOTREE_CODE,Oncotree Code,STRING,False,COAD
crc_dd_2022,P-0008729,P-0008729-T01-IM5,PRIMARY_SITE,Primary Tumor Site,STRING,False,Ascending Colon
crc_dd_2022,P-0008729,P-0008729-T01-IM5,SAMPLE_COVERAGE,Sample coverage,NUMBER,False,976
crc_dd_2022,P-0008729,P-0008729-T01-IM5,SAMPLE_TYPE,Sample Type,STRING,False,Primary
crc_dd_2022,P-0008729,P-0008729-T01-IM5,TUMOR_LOCATION,Tumor Location (Proximal vs. Distal),STRING,False,Proximal
crc_dd_2022,P-0008729,P-0008729-T01-IM5,TUMOR_PURITY,Tumor Purity,NUMBER,False,60
crc_dd_2022,P-0008729,P-0008729-T01-IM5,WGD,WGD,STRING,False,FALSE
crc_dd_2022,P-0010007,P-0010007-T01-IM5,CANCER_TYPE,Cancer Type,STRING,False,Colorectal Cancer
crc_dd_2022,P-0010007,P-0010007-T01-IM5,CANCER_TYPE_DETAILED,Cancer Type Detailed,STRING,False,Colon Adenocarcinoma
crc_dd_2022,P-0010007,P-0010007-T01-IM5,CVR_TMB_SCORE,Impact TMB Score,NUMBER,False,7.9
crc_dd_2022,P-0010007,P-0010007-T01-IM5,DRIVER1_AI,Driver1 Allelic Imbalance,STRING,False,Yes
crc_dd_2022,P-0010007,P-0010007-T01-IM5,DRIVER1_CCF,Driver1 CCF,NUMBER,False,1.00
crc_dd_2022,P-0010007,P-0010007-T01-IM5,DRIVER1_CELLULAR_FRACTION,Driver1 Cellular Fraction,NUMBER,False,0.04
crc_dd_2022,P-0010007,P-0010007-T01-IM5,DRIVER1_CLONAL_CALL,Driver1 Clonal Call,STRING,False,Indeterminate
crc_dd_2022,P-0010007,P-0010007-T01-IM5,DRIVER1_EXPECTED_MUTANT_COPIES,Driver1 Expected Mutant Copies,NUMBER,False,1.03
crc_dd_2022,P-0010007,P-0010007-T01-IM5,DRIVER1_FACETS_PLOIDY_CALL,Driver1 Facets Ploidy Call,STRING,False,GAIN
crc_dd_2022,P-0010007,P-0010007-T01-IM5,DRIVER1_LCN,Driver1 LCN,STRING,False,1
crc_dd_2022,P-0010007,P-0010007-T01-IM5,DRIVER1_MUTATION,Driver1 Mutation,STRING,False,KRAS p.G12A
crc_dd_2022,P-0010007,P-0010007-T01-IM5,DRIVER1_TCN,Driver1 TCN,STRING,False,3
crc_dd_2022,P-0010007,P-0010007-T01-IM5,DRIVER2_AI,Driver2 Allelic Imbalance,STRING,False,Yes
crc_dd_2022,P-0010007,P-0010007-T01-IM5,DRIVER2_CCF,Driver2 CCF,NUMBER,False,0.336
crc_dd_2022,P-0010007,P-0010007-T01-IM5,DRIVER2_CELLULAR_FRACTION,Driver2 Cellular Fraction,NUMBER,False,0.04
crc_dd_2022,P-0010007,P-0010007-T01-IM5,DRIVER2_CLONAL_CALL,Driver2 Clonal Call,STRING,False,Indeterminate
crc_dd_2022,P-0010007,P-0010007-T01-IM5,DRIVER2_FACETS_PLOIDY_CALL,Driver2 Facets Ploidy Call,STRING,False,GAIN
crc_dd_2022,P-0010007,P-0010007-T01-IM5,DRIVER2_LCN,Driver2 LCN,STRING,False,1
crc_dd_2022,P-0010007,P-0010007-T01-IM5,DRIVER2_MUTATION,Driver2 Mutation,STRING,False,KRAS p.G12V
crc_dd_2022,P-0010007,P-0010007-T01-IM5,DRIVER2_TCN,Driver2 TCN,STRING,False,3
crc_dd_2022,P-0010007,P-0010007-T01-IM5,FRACTION_GENOME_ALTERED,Fraction Genome Altered,NUMBER,False,0.0513
crc_dd_2022,P-0010007,P-0010007-T01-IM5,GENOMIC_QC,Genomic QC,STRING,False,PASS
crc_dd_2022,P-0010007,P-0010007-T01-IM5,GROUP,Group,STRING,False,Indeterminate-Indeterminate
crc_dd_2022,P-0010007,P-0010007-T01-IM5,HIGHEST_LEVEL_ONCOKB,Highest Level OncoKB,STRING,False,LEVEL_3B
crc_dd_2022,P-0010007,P-0010007-T01-IM5,MSI_SCORE,MSI Score,NUMBER,False,0.08
crc_dd_2022,P-0010007,P-0010007-T01-IM5,MSI_TYPE,MSI Type,STRING,False,Stable
crc_dd_2022,P-0010007,P-0010007-T01-IM5,MUTATION_COUNT,Mutation Count,NUMBER,False,8
crc_dd_2022,P-0010007,P-0010007-T01-IM5,ONCOTREE_CODE,Oncotree Code,STRING,False,COAD
crc_dd_2022,P-0010007,P-0010007-T01-IM5,PRIMARY_SITE,Primary Tumor Site,STRING,False,Ascending Colon
crc_dd_2022,P-0010007,P-0010007-T01-IM5,SAMPLE_COVERAGE,Sample coverage,NUMBER,False,1020
crc_dd_2022,P-0010007,P-0010007-T01-IM5,SAMPLE_TYPE,Sample Type,STRING,False,Primary
crc_dd_2022,P-0010007,P-0010007-T01-IM5,TUMOR_LOCATION,Tumor Location (Proximal vs. Distal),STRING,False,Proximal
crc_dd_2022,P-0010007,P-0010007-T01-IM5,TUMOR_PURITY,Tumor Purity,NUMBER,False,30
crc_dd_2022,P-0010007,P-0010007-T01-IM5,WGD,WGD,STRING,False,FALSE
crc_dd_2022,P-0015416,P-0015416-T01-IM6,CANCER_TYPE,Cancer Type,STRING,False,Colorectal Cancer
crc_dd_2022,P-0015416,P-0015416-T01-IM6,CANCER_TYPE_DETAILED,Cancer Type Detailed,STRING,False,Colon Adenocarcinoma
crc_dd_2022,P-0015416,P-0015416-T01-IM6,CVR_TMB_SCORE,Impact TMB Score,NUMBER,False,105.3
crc_dd_2022,P-0015416,P-0015416-T01-IM6,DRIVER1_AI,Driver1 Allelic Imbalance,STRING,False,No
crc_dd_2022,P-0015416,P-0015416-T01-IM6,DRIVER1_CCF,Driver1 CCF,NUMBER,False,1.00
crc_dd_2022,P-0015416,P-0015416-T01-IM6,DRIVER1_CELLULAR_FRACTION,Driver1 Cellular Fraction,NUMBER,False,1.00
crc_dd_2022,P-0015416,P-0015416-T01-IM6,DRIVER1_CLONAL_CALL,Driver1 Clonal Call,STRING,False,Clonal
crc_dd_2022,P-0015416,P-0015416-T01-IM6,DRIVER1_EXPECTED_MUTANT_COPIES,Driver1 Expected Mutant Copies,NUMBER,False,1.29
crc_dd_2022,P-0015416,P-0015416-T01-IM6,DRIVER1_FACETS_PLOIDY_CALL,Driver1 Facets Ploidy Call,STRING,False,DIPLOID
crc_dd_2022,P-0015416,P-0015416-T01-IM6,DRIVER1_LCN,Driver1 LCN,STRING,False,1
crc_dd_2022,P-0015416,P-0015416-T01-IM6,DRIVER1_MUTATION,Driver1 Mutation,STRING,False,KRAS p.A59T
crc_dd_2022,P-0015416,P-0015416-T01-IM6,DRIVER1_TCN,Driver1 TCN,STRING,False,2
crc_dd_2022,P-0015416,P-0015416-T01-IM6,DRIVER2_AI,Driver2 Allelic Imbalance,STRING,False,No
crc_dd_2022,P-0015416,P-0015416-T01-IM6,DRIVER2_CCF,Driver2 CCF,NUMBER,False,0.92
crc_dd_2022,P-0015416,P-0015416-T01-IM6,DRIVER2_CELLULAR_FRACTION,Driver2 Cellular Fraction,NUMBER,False,1.00
crc_dd_2022,P-0015416,P-0015416-T01-IM6,DRIVER2_CLONAL_CALL,Driver2 Clonal Call,STRING,False,Clonal
crc_dd_2022,P-0015416,P-0015416-T01-IM6,DRIVER2_EXPECTED_MUTANT_COPIES,Driver2 Expected Mutant Copies,NUMBER,False,0.920098675
crc_dd_2022,P-0015416,P-0015416-T01-IM6,DRIVER2_FACETS_PLOIDY_CALL,Driver2 Facets Ploidy Call,STRING,False,DIPLOID
crc_dd_2022,P-0015416,P-0015416-T01-IM6,DRIVER2_LCN,Driver2 LCN,STRING,False,1
crc_dd_2022,P-0015416,P-0015416-T01-IM6,DRIVER2_MUTATION,Driver2 Mutation,STRING,False,KRAS p.G12D
crc_dd_2022,P-0015416,P-0015416-T01-IM6,DRIVER2_TCN,Driver2 TCN,STRING,False,2
crc_dd_2022,P-0015416,P-0015416-T01-IM6,FRACTION_GENOME_ALTERED,Fraction Genome Altered,NUMBER,False,0.0330
crc_dd_2022,P-0015416,P-0015416-T01-IM6,GENOMIC_QC,Genomic QC,STRING,False,PASS
crc_dd_2022,P-0015416,P-0015416-T01-IM6,GROUP,Group,STRING,False,Clonal-Clonal
crc_dd_2022,P-0015416,P-0015416-T01-IM6,HIGHEST_LEVEL_ONCOKB,Highest Level OncoKB,STRING,False,LEVEL_3B
crc_dd_2022,P-0015416,P-0015416-T01-IM6,MSI_SCORE,MSI Score,NUMBER,False,37.6
crc_dd_2022,P-0015416,P-0015416-T01-IM6,MSI_TYPE,MSI Type,STRING,False,Instable
crc_dd_2022,P-0015416,P-0015416-T01-IM6,MUTATION_COUNT,Mutation Count,NUMBER,False,120
crc_dd_2022,P-0015416,P-0015416-T01-IM6,ONCOTREE_CODE,Oncotree Code,STRING,False,COAD
crc_dd_2022,P-0015416,P-0015416-T01-IM6,PRIMARY_SITE,Primary Tumor Site,STRING,False,Colon
crc_dd_2022,P-0015416,P-0015416-T01-IM6,SAMPLE_COVERAGE,Sample coverage,NUMBER,False,935
crc_dd_2022,P-0015416,P-0015416-T01-IM6,SAMPLE_TYPE,Sample Type,STRING,False,Primary
crc_dd_2022,P-0015416,P-0015416-T01-IM6,TUMOR_LOCATION,Tumor Location (Proximal vs. Distal),STRING,False,Distal
crc_dd_2022,P-0015416,P-0015416-T01-IM6,TUMOR_PURITY,Tumor Purity,NUMBER,False,60
crc_dd_2022,P-0015416,P-0015416-T01-IM6,WGD,WGD,STRING,False,FALSE
crc_dd_2022,P-0016091,P-0016091-T01-IM6,CANCER_TYPE,Cancer Type,STRING,False,Colorectal Cancer
crc_dd_2022,P-0016091,P-0016091-T01-IM6,CANCER_TYPE_DETAILED,Cancer Type Detailed,STRING,False,Colorectal Adenocarcinoma
crc_dd_2022,P-0016091,P-0016091-T01-IM6,CVR_TMB_SCORE,Impact TMB Score,NUMBER,False,8.8
crc_dd_2022,P-0016091,P-0016091-T01-IM6,DRIVER1_AI,Driver1 Allelic Imbalance,STRING,False,No
crc_dd_2022,P-0016091,P-0016091-T01-IM6,DRIVER1_CCF,Driver1 CCF,NUMBER,False,0.95
crc_dd_2022,P-0016091,P-0016091-T01-IM6,DRIVER1_CELLULAR_FRACTION,Driver1 Cellular Fraction,NUMBER,False,1.00
crc_dd_2022,P-0016091,P-0016091-T01-IM6,DRIVER1_CLONAL_CALL,Driver1 Clonal Call,STRING,False,Clonal
crc_dd_2022,P-0016091,P-0016091-T01-IM6,DRIVER1_EXPECTED_MUTANT_COPIES,Driver1 Expected Mutant Copies,NUMBER,False,0.95
crc_dd_2022,P-0016091,P-0016091-T01-IM6,DRIVER1_FACETS_PLOIDY_CALL,Driver1 Facets Ploidy Call,STRING,False,DIPLOID
crc_dd_2022,P-0016091,P-0016091-T01-IM6,DRIVER1_LCN,Driver1 LCN,STRING,False,1
crc_dd_2022,P-0016091,P-0016091-T01-IM6,DRIVER1_MUTATION,Driver1 Mutation,STRING,False,KRAS p.A146T
crc_dd_2022,P-0016091,P-0016091-T01-IM6,DRIVER1_TCN,Driver1 TCN,STRING,False,2
crc_dd_2022,P-0016091,P-0016091-T01-IM6,DRIVER2_AI,Driver2 Allelic Imbalance,STRING,False,Yes
crc_dd_2022,P-0016091,P-0016091-T01-IM6,DRIVER2_CCF,Driver2 CCF,NUMBER,False,0.723
crc_dd_2022,P-0016091,P-0016091-T01-IM6,DRIVER2_CELLULAR_FRACTION,Driver2 Cellular Fraction,NUMBER,False,0.62
crc_dd_2022,P-0016091,P-0016091-T01-IM6,DRIVER2_CLONAL_CALL,Driver2 Clonal Call,STRING,False,Subclonal
crc_dd_2022,P-0016091,P-0016091-T01-IM6,DRIVER2_FACETS_PLOIDY_CALL,Driver2 Facets Ploidy Call,STRING,False,HETLOSS
crc_dd_2022,P-0016091,P-0016091-T01-IM6,DRIVER2_LCN,Driver2 LCN,STRING,False,0
crc_dd_2022,P-0016091,P-0016091-T01-IM6,DRIVER2_MUTATION,Driver2 Mutation,STRING,False,NRAS p.G12A
crc_dd_2022,P-0016091,P-0016091-T01-IM6,DRIVER2_TCN,Driver2 TCN,STRING,False,1
crc_dd_2022,P-0016091,P-0016091-T01-IM6,FRACTION_GENOME_ALTERED,Fraction Genome Altered,NUMBER,False,0.4698
crc_dd_2022,P-0016091,P-0016091-T01-IM6,GENOMIC_QC,Genomic QC,STRING,False,PASS
crc_dd_2022,P-0016091,P-0016091-T01-IM6,GROUP,Group,STRING,False,Subclonal-Clonal
crc_dd_2022,P-0016091,P-0016091-T01-IM6,HIGHEST_LEVEL_ONCOKB,Highest Level OncoKB,STRING,False,LEVEL_3B
crc_dd_2022,P-0016091,P-0016091-T01-IM6,METASTATIC_SITE,Metastatic Site,STRING,False,Liver
crc_dd_2022,P-0016091,P-0016091-T01-IM6,MSI_SCORE,MSI Score,NUMBER,False,0.64
crc_dd_2022,P-0016091,P-0016091-T01-IM6,MSI_TYPE,MSI Type,STRING,False,Stable
crc_dd_2022,P-0016091,P-0016091-T01-IM6,MUTATION_COUNT,Mutation Count,NUMBER,False,10
crc_dd_2022,P-0016091,P-0016091-T01-IM6,ONCOTREE_CODE,Oncotree Code,STRING,False,COADREAD
crc_dd_2022,P-0016091,P-0016091-T01-IM6,PRIMARY_SITE,Primary Tumor Site,STRING,False,Colon
crc_dd_2022,P-0016091,P-0016091-T01-IM6,SAMPLE_COVERAGE,Sample coverage,NUMBER,False,565
crc_dd_2022,P-0016091,P-0016091-T01-IM6,SAMPLE_TYPE,Sample Type,STRING,False,Metastasis
crc_dd_2022,P-0016091,P-0016091-T01-IM6,TUMOR_LOCATION,Tumor Location (Proximal vs. Distal),STRING,False,Proximal
crc_dd_2022,P-0016091,P-0016091-T01-IM6,TUMOR_PURITY,Tumor Purity,NUMBER,False,60
crc_dd_2022,P-0016091,P-0016091-T01-IM6,WGD,WGD,STRING,False,FALSE
crc_dd_2022,P-0019880,P-0019880-T01-IM6,CANCER_TYPE,Cancer Type,STRING,False,Colorectal Cancer
crc_dd_2022,P-0019880,P-0019880-T01-IM6,CANCER_TYPE_DETAILED,Cancer Type Detailed,STRING,False,Colon Adenocarcinoma
crc_dd_2022,P-0019880,P-0019880-T01-IM6,CVR_TMB_SCORE,Impact TMB Score,NUMBER,False,7
crc_dd_2022,P-0019880,P-0019880-T01-IM6,DRIVER1_MUTATION,Driver1 Mutation,STRING,False,KRAS p.G12S
crc_dd_2022,P-0019880,P-0019880-T01-IM6,DRIVER2_MUTATION,Driver2 Mutation,STRING,False,KRAS p.G13D
crc_dd_2022,P-0019880,P-0019880-T01-IM6,FRACTION_GENOME_ALTERED,Fraction Genome Altered,NUMBER,False,0.0134
crc_dd_2022,P-0019880,P-0019880-T01-IM6,GENOMIC_QC,Genomic QC,STRING,False,FAIL
crc_dd_2022,P-0019880,P-0019880-T01-IM6,HIGHEST_LEVEL_ONCOKB,Highest Level OncoKB,STRING,False,LEVEL_4
crc_dd_2022,P-0019880,P-0019880-T01-IM6,METASTATIC_SITE,Metastatic Site,STRING,False,Lung
crc_dd_2022,P-0019880,P-0019880-T01-IM6,MSI_SCORE,MSI Score,NUMBER,False,0.14
crc_dd_2022,P-0019880,P-0019880-T01-IM6,MSI_TYPE,MSI Type,STRING,False,Stable
crc_dd_2022,P-0019880,P-0019880-T01-IM6,MUTATION_COUNT,Mutation Count,NUMBER,False,8
crc_dd_2022,P-0019880,P-0019880-T01-IM6,ONCOTREE_CODE,Oncotree Code,STRING,False,COAD
crc_dd_2022,P-0019880,P-0019880-T01-IM6,PRIMARY_SITE,Primary Tumor Site,STRING,False,Colon
crc_dd_2022,P-0019880,P-0019880-T01-IM6,SAMPLE_COVERAGE,Sample coverage,NUMBER,False,546
crc_dd_2022,P-0019880,P-0019880-T01-IM6,SAMPLE_TYPE,Sample Type,STRING,False,Metastasis
crc_dd_2022,P-0019880,P-0019880-T01-IM6,TUMOR_LOCATION,Tumor Location (Proximal vs. Distal),STRING,False,Distal
crc_dd_2022,P-0019880,P-0019880-T01-IM6,TUMOR_PURITY,Tumor Purity,NUMBER,False,10
crc_dd_2022,P-0021518,P-0021518-T01-IM6,CANCER_TYPE,Cancer Type,STRING,False,Colorectal Cancer
crc_dd_2022,P-0021518,P-0021518-T01-IM6,CANCER_TYPE_DETAILED,Cancer Type Detailed,STRING,False,Colon Adenocarcinoma
crc_dd_2022,P-0021518,P-0021518-T01-IM6,CVR_TMB_SCORE,Impact TMB Score,NUMBER,False,13.2
crc_dd_2022,P-0021518,P-0021518-T01-IM6,DRIVER1_AI,Driver1 Allelic Imbalance,STRING,False,No
crc_dd_2022,P-0021518,P-0021518-T01-IM6,DRIVER1_CCF,Driver1 CCF,NUMBER,False,1.00
crc_dd_2022,P-0021518,P-0021518-T01-IM6,DRIVER1_CELLULAR_FRACTION,Driver1 Cellular Fraction,NUMBER,False,1.00
crc_dd_2022,P-0021518,P-0021518-T01-IM6,DRIVER1_CLONAL_CALL,Driver1 Clonal Call,STRING,False,Clonal
crc_dd_2022,P-0021518,P-0021518-T01-IM6,DRIVER1_EXPECTED_MUTANT_COPIES,Driver1 Expected Mutant Copies,NUMBER,False,1.03
crc_dd_2022,P-0021518,P-0021518-T01-IM6,DRIVER1_FACETS_PLOIDY_CALL,Driver1 Facets Ploidy Call,STRING,False,DIPLOID
crc_dd_2022,P-0021518,P-0021518-T01-IM6,DRIVER1_LCN,Driver1 LCN,STRING,False,1
crc_dd_2022,P-0021518,P-0021518-T01-IM6,DRIVER1_MUTATION,Driver1 Mutation,STRING,False,NRAS p.G13D
crc_dd_2022,P-0021518,P-0021518-T01-IM6,DRIVER1_TCN,Driver1 TCN,STRING,False,2
crc_dd_2022,P-0021518,P-0021518-T01-IM6,DRIVER2_AI,Driver2 Allelic Imbalance,STRING,False,No
crc_dd_2022,P-0021518,P-0021518-T01-IM6,DRIVER2_CCF,Driver2 CCF,NUMBER,False,0.956
crc_dd_2022,P-0021518,P-0021518-T01-IM6,DRIVER2_CELLULAR_FRACTION,Driver2 Cellular Fraction,NUMBER,False,1.00
crc_dd_2022,P-0021518,P-0021518-T01-IM6,DRIVER2_CLONAL_CALL,Driver2 Clonal Call,STRING,False,Clonal
crc_dd_2022,P-0021518,P-0021518-T01-IM6,DRIVER2_EXPECTED_MUTANT_COPIES,Driver2 Expected Mutant Copies,NUMBER,False,0.955948452
crc_dd_2022,P-0021518,P-0021518-T01-IM6,DRIVER2_FACETS_PLOIDY_CALL,Driver2 Facets Ploidy Call,STRING,False,DIPLOID
crc_dd_2022,P-0021518,P-0021518-T01-IM6,DRIVER2_LCN,Driver2 LCN,STRING,False,1
crc_dd_2022,P-0021518,P-0021518-T01-IM6,DRIVER2_MUTATION,Driver2 Mutation,STRING,False,KRAS p.G12C
crc_dd_2022,P-0021518,P-0021518-T01-IM6,DRIVER2_TCN,Driver2 TCN,STRING,False,2
crc_dd_2022,P-0021518,P-0021518-T01-IM6,FRACTION_GENOME_ALTERED,Fraction Genome Altered,NUMBER,False,0.2875
crc_dd_2022,P-0021518,P-0021518-T01-IM6,GENOMIC_QC,Genomic QC,STRING,False,PASS
crc_dd_2022,P-0021518,P-0021518-T01-IM6,GROUP,Group,STRING,False,Clonal-Clonal
crc_dd_2022,P-0021518,P-0021518-T01-IM6,HIGHEST_LEVEL_ONCOKB,Highest Level OncoKB,STRING,False,LEVEL_3B
crc_dd_2022,P-0021518,P-0021518-T01-IM6,METASTATIC_SITE,Metastatic Site,STRING,False,Liver
crc_dd_2022,P-0021518,P-0021518-T01-IM6,MSI_SCORE,MSI Score,NUMBER,False,0.77
crc_dd_2022,P-0021518,P-0021518-T01-IM6,MSI_TYPE,MSI Type,STRING,False,Stable
crc_dd_2022,P-0021518,P-0021518-T01-IM6,MUTATION_COUNT,Mutation Count,NUMBER,False,15
crc_dd_2022,P-0021518,P-0021518-T01-IM6,ONCOTREE_CODE,Oncotree Code,STRING,False,COAD
crc_dd_2022,P-0021518,P-0021518-T01-IM6,PRIMARY_SITE,Primary Tumor Site,STRING,False,Colon
crc_dd_2022,P-0021518,P-0021518-T01-IM6,SAMPLE_COVERAGE,Sample coverage,NUMBER,False,778
crc_dd_2022,P-0021518,P-0021518-T01-IM6,SAMPLE_TYPE,Sample Type,STRING,False,Metastasis
crc_dd_2022,P-0021518,P-0021518-T01-IM6,TUMOR_LOCATION,Tumor Location (Proximal vs. Distal),STRING,False,Proximal
crc_dd_2022,P-0021518,P-0021518-T01-IM6,TUMOR_PURITY,Tumor Purity,NUMBER,False,30
crc_dd_2022,P-0021518,P-0021518-T01-IM6,WGD,WGD,STRING,False,FALSE
crc_dd_2022,P-0025161,P-0025161-T01-IM6,CANCER_TYPE,Cancer Type,STRING,False,Colorectal Cancer
crc_dd_2022,P-0025161,P-0025161-T01-IM6,CANCER_TYPE_DETAILED,Cancer Type Detailed,STRING,False,Colorectal Adenocarcinoma
crc_dd_2022,P-0025161,P-0025161-T01-IM6,CVR_TMB_SCORE,Impact TMB Score,NUMBER,False,9.7
crc_dd_2022,P-0025161,P-0025161-T01-IM6,DRIVER1_AI,Driver1 Allelic Imbalance,STRING,False,No
crc_dd_2022,P-0025161,P-0025161-T01-IM6,DRIVER1_CCF,Driver1 CCF,NUMBER,False,0.98
crc_dd_2022,P-0025161,P-0025161-T01-IM6,DRIVER1_CELLULAR_FRACTION,Driver1 Cellular Fraction,NUMBER,False,1.00
crc_dd_2022,P-0025161,P-0025161-T01-IM6,DRIVER1_CLONAL_CALL,Driver1 Clonal Call,STRING,False,Clonal
crc_dd_2022,P-0025161,P-0025161-T01-IM6,DRIVER1_EXPECTED_MUTANT_COPIES,Driver1 Expected Mutant Copies,NUMBER,False,0.98
crc_dd_2022,P-0025161,P-0025161-T01-IM6,DRIVER1_FACETS_PLOIDY_CALL,Driver1 Facets Ploidy Call,STRING,False,DIPLOID
crc_dd_2022,P-0025161,P-0025161-T01-IM6,DRIVER1_LCN,Driver1 LCN,STRING,False,1
crc_dd_2022,P-0025161,P-0025161-T01-IM6,DRIVER1_MUTATION,Driver1 Mutation,STRING,False,KRAS p.G12D
crc_dd_2022,P-0025161,P-0025161-T01-IM6,DRIVER1_TCN,Driver1 TCN,STRING,False,2
crc_dd_2022,P-0025161,P-0025161-T01-IM6,DRIVER2_AI,Driver2 Allelic Imbalance,STRING,False,No
crc_dd_2022,P-0025161,P-0025161-T01-IM6,DRIVER2_CCF,Driver2 CCF,NUMBER,False,0.148
crc_dd_2022,P-0025161,P-0025161-T01-IM6,DRIVER2_CELLULAR_FRACTION,Driver2 Cellular Fraction,NUMBER,False,1.00
crc_dd_2022,P-0025161,P-0025161-T01-IM6,DRIVER2_CLONAL_CALL,Driver2 Clonal Call,STRING,False,Subclonal
crc_dd_2022,P-0025161,P-0025161-T01-IM6,DRIVER2_FACETS_PLOIDY_CALL,Driver2 Facets Ploidy Call,STRING,False,DIPLOID
crc_dd_2022,P-0025161,P-0025161-T01-IM6,DRIVER2_LCN,Driver2 LCN,STRING,False,1
crc_dd_2022,P-0025161,P-0025161-T01-IM6,DRIVER2_MUTATION,Driver2 Mutation,STRING,False,KRAS p.G12V
crc_dd_2022,P-0025161,P-0025161-T01-IM6,DRIVER2_TCN,Driver2 TCN,STRING,False,2
crc_dd_2022,P-0025161,P-0025161-T01-IM6,FRACTION_GENOME_ALTERED,Fraction Genome Altered,NUMBER,False,0.1644
crc_dd_2022,P-0025161,P-0025161-T01-IM6,GENOMIC_QC,Genomic QC,STRING,False,PASS
crc_dd_2022,P-0025161,P-0025161-T01-IM6,GROUP,Group,STRING,False,Clonal-Subclonal
crc_dd_2022,P-0025161,P-0025161-T01-IM6,HIGHEST_LEVEL_ONCOKB,Highest Level OncoKB,STRING,False,LEVEL_3B
crc_dd_2022,P-0025161,P-0025161-T01-IM6,MSI_SCORE,MSI Score,NUMBER,False,0.39
crc_dd_2022,P-0025161,P-0025161-T01-IM6,MSI_TYPE,MSI Type,STRING,False,Stable
crc_dd_2022,P-0025161,P-0025161-T01-IM6,MUTATION_COUNT,Mutation Count,NUMBER,False,11
crc_dd_2022,P-0025161,P-0025161-T01-IM6,ONCOTREE_CODE,Oncotree Code,STRING,False,COADREAD
crc_dd_2022,P-0025161,P-0025161-T01-IM6,PRIMARY_SITE,Primary Tumor Site,STRING,False,Colon
crc_dd_2022,P-0025161,P-0025161-T01-IM6,SAMPLE_COVERAGE,Sample coverage,NUMBER,False,706
crc_dd_2022,P-0025161,P-0025161-T01-IM6,SAMPLE_TYPE,Sample Type,STRING,False,Primary
crc_dd_2022,P-0025161,P-0025161-T01-IM6,TUMOR_LOCATION,Tumor Location (Proximal vs. Distal),STRING,False,Distal
crc_dd_2022,P-0025161,P-0025161-T01-IM6,TUMOR_PURITY,Tumor Purity,NUMBER,False,20
crc_dd_2022,P-0025161,P-0025161-T01-IM6,WGD,WGD,STRING,False,FALSE
crc_dd_2022,P-0025362,P-0025362-T01-IM6,CANCER_TYPE,Cancer Type,STRING,False,Colorectal Cancer
crc_dd_2022,P-0025362,P-0025362-T01-IM6,CANCER_TYPE_DETAILED,Cancer Type Detailed,STRING,False,Rectal Adenocarcinoma
crc_dd_2022,P-0025362,P-0025362-T01-IM6,CVR_TMB_SCORE,Impact TMB Score,NUMBER,False,8.8
crc_dd_2022,P-0025362,P-0025362-T01-IM6,DRIVER1_AI,Driver1 Allelic Imbalance,STRING,False,No
crc_dd_2022,P-0025362,P-0025362-T01-IM6,DRIVER1_CCF,Driver1 CCF,NUMBER,False,0.94
crc_dd_2022,P-0025362,P-0025362-T01-IM6,DRIVER1_CELLULAR_FRACTION,Driver1 Cellular Fraction,NUMBER,False,0.40
crc_dd_2022,P-0025362,P-0025362-T01-IM6,DRIVER1_CLONAL_CALL,Driver1 Clonal Call,STRING,False,Clonal
crc_dd_2022,P-0025362,P-0025362-T01-IM6,DRIVER1_EXPECTED_MUTANT_COPIES,Driver1 Expected Mutant Copies,NUMBER,False,1.89
crc_dd_2022,P-0025362,P-0025362-T01-IM6,DRIVER1_FACETS_PLOIDY_CALL,Driver1 Facets Ploidy Call,STRING,False,TETRAPLOID
crc_dd_2022,P-0025362,P-0025362-T01-IM6,DRIVER1_LCN,Driver1 LCN,STRING,False,2
crc_dd_2022,P-0025362,P-0025362-T01-IM6,DRIVER1_MUTATION,Driver1 Mutation,STRING,False,KRAS p.A146T
crc_dd_2022,P-0025362,P-0025362-T01-IM6,DRIVER1_TCN,Driver1 TCN,STRING,False,4
crc_dd_2022,P-0025362,P-0025362-T01-IM6,DRIVER2_AI,Driver2 Allelic Imbalance,STRING,False,Yes
crc_dd_2022,P-0025362,P-0025362-T01-IM6,DRIVER2_CCF,Driver2 CCF,NUMBER,False,0.415
crc_dd_2022,P-0025362,P-0025362-T01-IM6,DRIVER2_CELLULAR_FRACTION,Driver2 Cellular Fraction,NUMBER,False,0.47
crc_dd_2022,P-0025362,P-0025362-T01-IM6,DRIVER2_CLONAL_CALL,Driver2 Clonal Call,STRING,False,Subclonal
crc_dd_2022,P-0025362,P-0025362-T01-IM6,DRIVER2_FACETS_PLOIDY_CALL,Driver2 Facets Ploidy Call,STRING,False,CNLOH BEFORE & LOSS
crc_dd_2022,P-0025362,P-0025362-T01-IM6,DRIVER2_LCN,Driver2 LCN,STRING,False,0
crc_dd_2022,P-0025362,P-0025362-T01-IM6,DRIVER2_MUTATION,Driver2 Mutation,STRING,False,NRAS p.Q61K
crc_dd_2022,P-0025362,P-0025362-T01-IM6,DRIVER2_TCN,Driver2 TCN,STRING,False,3
crc_dd_2022,P-0025362,P-0025362-T01-IM6,FRACTION_GENOME_ALTERED,Fraction Genome Altered,NUMBER,False,0.4997
crc_dd_2022,P-0025362,P-0025362-T01-IM6,GENOMIC_QC,Genomic QC,STRING,False,PASS
crc_dd_2022,P-0025362,P-0025362-T01-IM6,GROUP,Group,STRING,False,Subclonal-Clonal
crc_dd_2022,P-0025362,P-0025362-T01-IM6,HIGHEST_LEVEL_ONCOKB,Highest Level OncoKB,STRING,False,LEVEL_3B
crc_dd_2022,P-0025362,P-0025362-T01-IM6,MSI_SCORE,MSI Score,NUMBER,False,0.81
crc_dd_2022,P-0025362,P-0025362-T01-IM6,MSI_TYPE,MSI Type,STRING,False,Stable
crc_dd_2022,P-0025362,P-0025362-T01-IM6,MUTATION_COUNT,Mutation Count,NUMBER,False,10
crc_dd_2022,P-0025362,P-0025362-T01-IM6,ONCOTREE_CODE,Oncotree Code,STRING,False,READ
crc_dd_2022,P-0025362,P-0025362-T01-IM6,PRIMARY_SITE,Primary Tumor Site,STRING,False,Rectum
crc_dd_2022,P-0025362,P-0025362-T01-IM6,SAMPLE_COVERAGE,Sample coverage,NUMBER,False,857
crc_dd_2022,P-0025362,P-0025362-T01-IM6,SAMPLE_TYPE,Sample Type,STRING,False,Primary
crc_dd_2022,P-0025362,P-0025362-T01-IM6,TUMOR_LOCATION,Tumor Location (Proximal vs. Distal),STRING,False,Distal
crc_dd_2022,P-0025362,P-0025362-T01-IM6,TUMOR_PURITY,Tumor Purity,NUMBER,False,30
crc_dd_2022,P-0025362,P-0025362-T01-IM6,WGD,WGD,STRING,False,TRUE
crc_dd_2022,P-0027427,P-0027427-T01-IM6,CANCER_TYPE,Cancer Type,STRING,False,Colorectal Cancer
crc_dd_2022,P-0027427,P-0027427-T01-IM6,CANCER_TYPE_DETAILED,Cancer Type Detailed,STRING,False,Colon Adenocarcinoma
crc_dd_2022,P-0027427,P-0027427-T01-IM6,CVR_TMB_SCORE,Impact TMB Score,NUMBER,False,7.9
crc_dd_2022,P-0027427,P-0027427-T01-IM6,DRIVER1_AI,Driver1 Allelic Imbalance,STRING,False,Yes
crc_dd_2022,P-0027427,P-0027427-T01-IM6,DRIVER1_CCF,Driver1 CCF,NUMBER,False,1.00
crc_dd_2022,P-0027427,P-0027427-T01-IM6,DRIVER1_CELLULAR_FRACTION,Driver1 Cellular Fraction,NUMBER,False,0.14
crc_dd_2022,P-0027427,P-0027427-T01-IM6,DRIVER1_CLONAL_CALL,Driver1 Clonal Call,STRING,False,Indeterminate
crc_dd_2022,P-0027427,P-0027427-T01-IM6,DRIVER1_EXPECTED_MUTANT_COPIES,Driver1 Expected Mutant Copies,NUMBER,False,1.49
crc_dd_2022,P-0027427,P-0027427-T01-IM6,DRIVER1_FACETS_PLOIDY_CALL,Driver1 Facets Ploidy Call,STRING,False,GAIN
crc_dd_2022,P-0027427,P-0027427-T01-IM6,DRIVER1_LCN,Driver1 LCN,STRING,False,1
crc_dd_2022,P-0027427,P-0027427-T01-IM6,DRIVER1_MUTATION,Driver1 Mutation,STRING,False,KRAS p.G12D
crc_dd_2022,P-0027427,P-0027427-T01-IM6,DRIVER1_TCN,Driver1 TCN,STRING,False,3
crc_dd_2022,P-0027427,P-0027427-T01-IM6,DRIVER2_AI,Driver2 Allelic Imbalance,STRING,False,Yes
crc_dd_2022,P-0027427,P-0027427-T01-IM6,DRIVER2_CCF,Driver2 CCF,NUMBER,False,0.87
crc_dd_2022,P-0027427,P-0027427-T01-IM6,DRIVER2_CELLULAR_FRACTION,Driver2 Cellular Fraction,NUMBER,False,0.14
crc_dd_2022,P-0027427,P-0027427-T01-IM6,DRIVER2_CLONAL_CALL,Driver2 Clonal Call,STRING,False,Indeterminate
crc_dd_2022,P-0027427,P-0027427-T01-IM6,DRIVER2_EXPECTED_MUTANT_COPIES,Driver2 Expected Mutant Copies,NUMBER,False,0.869974706
crc_dd_2022,P-0027427,P-0027427-T01-IM6,DRIVER2_FACETS_PLOIDY_CALL,Driver2 Facets Ploidy Call,STRING,False,GAIN
crc_dd_2022,P-0027427,P-0027427-T01-IM6,DRIVER2_LCN,Driver2 LCN,STRING,False,1
crc_dd_2022,P-0027427,P-0027427-T01-IM6,DRIVER2_MUTATION,Driver2 Mutation,STRING,False,KRAS p.G12V
crc_dd_2022,P-0027427,P-0027427-T01-IM6,DRIVER2_TCN,Driver2 TCN,STRING,False,3
crc_dd_2022,P-0027427,P-0027427-T01-IM6,FRACTION_GENOME_ALTERED,Fraction Genome Altered,NUMBER,False,0.0003
crc_dd_2022,P-0027427,P-0027427-T01-IM6,GENOMIC_QC,Genomic QC,STRING,False,PASS
crc_dd_2022,P-0027427,P-0027427-T01-IM6,GROUP,Group,STRING,False,Indeterminate-Indeterminate
crc_dd_2022,P-0027427,P-0027427-T01-IM6,HIGHEST_LEVEL_ONCOKB,Highest Level OncoKB,STRING,False,LEVEL_3B
crc_dd_2022,P-0027427,P-0027427-T01-IM6,MSI_SCORE,MSI Score,NUMBER,False,0.47
crc_dd_2022,P-0027427,P-0027427-T01-IM6,MSI_TYPE,MSI Type,STRING,False,Stable
crc_dd_2022,P-0027427,P-0027427-T01-IM6,MUTATION_COUNT,Mutation Count,NUMBER,False,9
crc_dd_2022,P-0027427,P-0027427-T01-IM6,ONCOTREE_CODE,Oncotree Code,STRING,False,COAD
crc_dd_2022,P-0027427,P-0027427-T01-IM6,PRIMARY_SITE,Primary Tumor Site,STRING,False,Colon
crc_dd_2022,P-0027427,P-0027427-T01-IM6,SAMPLE_COVERAGE,Sample coverage,NUMBER,False,1030
crc_dd_2022,P-0027427,P-0027427-T01-IM6,SAMPLE_TYPE,Sample Type,STRING,False,Primary
crc_dd_2022,P-0027427,P-0027427-T01-IM6,TUMOR_LOCATION,Tumor Location (Proximal vs. Distal),STRING,False,Distal
crc_dd_2022,P-0027427,P-0027427-T01-IM6,TUMOR_PURITY,Tumor Purity,NUMBER,False,50
crc_dd_2022,P-0027427,P-0027427-T01-IM6,WGD,WGD,STRING,False,FALSE
crc_dd_2022,P-0028274,P-0028274-T01-IM6,CANCER_TYPE,Cancer Type,STRING,False,Colorectal Cancer
crc_dd_2022,P-0028274,P-0028274-T01-IM6,CANCER_TYPE_DETAILED,Cancer Type Detailed,STRING,False,Colon Adenocarcinoma
crc_dd_2022,P-0028274,P-0028274-T01-IM6,CVR_TMB_SCORE,Impact TMB Score,NUMBER,False,50.9
crc_dd_2022,P-0028274,P-0028274-T01-IM6,DRIVER1_AI,Driver1 Allelic Imbalance,STRING,False,No
crc_dd_2022,P-0028274,P-0028274-T01-IM6,DRIVER1_CCF,Driver1 CCF,NUMBER,False,0.78
crc_dd_2022,P-0028274,P-0028274-T01-IM6,DRIVER1_CELLULAR_FRACTION,Driver1 Cellular Fraction,NUMBER,False,1.00
crc_dd_2022,P-0028274,P-0028274-T01-IM6,DRIVER1_CLONAL_CALL,Driver1 Clonal Call,STRING,False,Clonal
crc_dd_2022,P-0028274,P-0028274-T01-IM6,DRIVER1_FACETS_PLOIDY_CALL,Driver1 Facets Ploidy Call,STRING,False,DIPLOID
crc_dd_2022,P-0028274,P-0028274-T01-IM6,DRIVER1_LCN,Driver1 LCN,STRING,False,1
crc_dd_2022,P-0028274,P-0028274-T01-IM6,DRIVER1_MUTATION,Driver1 Mutation,STRING,False,KRAS p.V14I
crc_dd_2022,P-0028274,P-0028274-T01-IM6,DRIVER1_TCN,Driver1 TCN,STRING,False,2
crc_dd_2022,P-0028274,P-0028274-T01-IM6,DRIVER2_AI,Driver2 Allelic Imbalance,STRING,False,No
crc_dd_2022,P-0028274,P-0028274-T01-IM6,DRIVER2_CCF,Driver2 CCF,NUMBER,False,0.782
crc_dd_2022,P-0028274,P-0028274-T01-IM6,DRIVER2_CELLULAR_FRACTION,Driver2 Cellular Fraction,NUMBER,False,1.00
crc_dd_2022,P-0028274,P-0028274-T01-IM6,DRIVER2_CLONAL_CALL,Driver2 Clonal Call,STRING,False,Clonal
crc_dd_2022,P-0028274,P-0028274-T01-IM6,DRIVER2_FACETS_PLOIDY_CALL,Driver2 Facets Ploidy Call,STRING,False,DIPLOID
crc_dd_2022,P-0028274,P-0028274-T01-IM6,DRIVER2_LCN,Driver2 LCN,STRING,False,1
crc_dd_2022,P-0028274,P-0028274-T01-IM6,DRIVER2_MUTATION,Driver2 Mutation,STRING,False,KRAS p.G13D
crc_dd_2022,P-0028274,P-0028274-T01-IM6,DRIVER2_TCN,Driver2 TCN,STRING,False,2
crc_dd_2022,P-0028274,P-0028274-T01-IM6,FRACTION_GENOME_ALTERED,Fraction Genome Altered,NUMBER,False,0.0293
crc_dd_2022,P-0028274,P-0028274-T01-IM6,GENOMIC_QC,Genomic QC,STRING,False,PASS
crc_dd_2022,P-0028274,P-0028274-T01-IM6,GROUP,Group,STRING,False,Clonal-Clonal
crc_dd_2022,P-0028274,P-0028274-T01-IM6,HIGHEST_LEVEL_ONCOKB,Highest Level OncoKB,STRING,False,LEVEL_4
crc_dd_2022,P-0028274,P-0028274-T01-IM6,MSI_SCORE,MSI Score,NUMBER,False,12.22
crc_dd_2022,P-0028274,P-0028274-T01-IM6,MSI_TYPE,MSI Type,STRING,False,Instable
crc_dd_2022,P-0028274,P-0028274-T01-IM6,MUTATION_COUNT,Mutation Count,NUMBER,False,58
crc_dd_2022,P-0028274,P-0028274-T01-IM6,ONCOTREE_CODE,Oncotree Code,STRING,False,COAD
crc_dd_2022,P-0028274,P-0028274-T01-IM6,PRIMARY_SITE,Primary Tumor Site,STRING,False,Colon
crc_dd_2022,P-0028274,P-0028274-T01-IM6,SAMPLE_COVERAGE,Sample coverage,NUMBER,False,627
crc_dd_2022,P-0028274,P-0028274-T01-IM6,SAMPLE_TYPE,Sample Type,STRING,False,Primary
crc_dd_2022,P-0028274,P-0028274-T01-IM6,TUMOR_LOCATION,Tumor Location (Proximal vs. Distal),STRING,False,Proximal
crc_dd_2022,P-0028274,P-0028274-T01-IM6,TUMOR_PURITY,Tumor Purity,NUMBER,False,40
crc_dd_2022,P-0028274,P-0028274-T01-IM6,WGD,WGD,STRING,False,FALSE
crc_dd_2022,P-0033060,P-0033060-T01-IM6,CANCER_TYPE,Cancer Type,STRING,False,Colorectal Cancer
crc_dd_2022,P-0033060,P-0033060-T01-IM6,CANCER_TYPE_DETAILED,Cancer Type Detailed,STRING,False,Colon Adenocarcinoma
crc_dd_2022,P-0033060,P-0033060-T01-IM6,CVR_TMB_SCORE,Impact TMB Score,NUMBER,False,7
crc_dd_2022,P-0033060,P-0033060-T01-IM6,DRIVER1_CCF,Driver1 CCF,NUMBER,False,0.54
crc_dd_2022,P-0033060,P-0033060-T01-IM6,DRIVER1_CELLULAR_FRACTION,Driver1 Cellular Fraction,NUMBER,False,0.13
crc_dd_2022,P-0033060,P-0033060-T01-IM6,DRIVER1_CLONAL_CALL,Driver1 Clonal Call,STRING,False,Indeterminate
crc_dd_2022,P-0033060,P-0033060-T01-IM6,DRIVER1_FACETS_PLOIDY_CALL,Driver1 Facets Ploidy Call,STRING,False,HOMDEL
crc_dd_2022,P-0033060,P-0033060-T01-IM6,DRIVER1_LCN,Driver1 LCN,STRING,False,0
crc_dd_2022,P-0033060,P-0033060-T01-IM6,DRIVER1_MUTATION,Driver1 Mutation,STRING,False,KRAS p.G12C
crc_dd_2022,P-0033060,P-0033060-T01-IM6,DRIVER1_TCN,Driver1 TCN,STRING,False,0
crc_dd_2022,P-0033060,P-0033060-T01-IM6,DRIVER2_CCF,Driver2 CCF,NUMBER,False,0.086
crc_dd_2022,P-0033060,P-0033060-T01-IM6,DRIVER2_CELLULAR_FRACTION,Driver2 Cellular Fraction,NUMBER,False,0.13
crc_dd_2022,P-0033060,P-0033060-T01-IM6,DRIVER2_CLONAL_CALL,Driver2 Clonal Call,STRING,False,Indeterminate
crc_dd_2022,P-0033060,P-0033060-T01-IM6,DRIVER2_FACETS_PLOIDY_CALL,Driver2 Facets Ploidy Call,STRING,False,HOMDEL
crc_dd_2022,P-0033060,P-0033060-T01-IM6,DRIVER2_LCN,Driver2 LCN,STRING,False,0
crc_dd_2022,P-0033060,P-0033060-T01-IM6,DRIVER2_MUTATION,Driver2 Mutation,STRING,False,KRAS p.G12V
crc_dd_2022,P-0033060,P-0033060-T01-IM6,DRIVER2_TCN,Driver2 TCN,STRING,False,0
crc_dd_2022,P-0033060,P-0033060-T01-IM6,FRACTION_GENOME_ALTERED,Fraction Genome Altered,NUMBER,False,0.1896
crc_dd_2022,P-0033060,P-0033060-T01-IM6,GENOMIC_QC,Genomic QC,STRING,False,PASS
crc_dd_2022,P-0033060,P-0033060-T01-IM6,GROUP,Group,STRING,False,Indeterminate-Indeterminate
crc_dd_2022,P-0033060,P-0033060-T01-IM6,HIGHEST_LEVEL_ONCOKB,Highest Level OncoKB,STRING,False,LEVEL_2
crc_dd_2022,P-0033060,P-0033060-T01-IM6,MSI_SCORE,MSI Score,NUMBER,False,0.27
crc_dd_2022,P-0033060,P-0033060-T01-IM6,MSI_TYPE,MSI Type,STRING,False,Stable
crc_dd_2022,P-0033060,P-0033060-T01-IM6,MUTATION_COUNT,Mutation Count,NUMBER,False,8
crc_dd_2022,P-0033060,P-0033060-T01-IM6,ONCOTREE_CODE,Oncotree Code,STRING,False,COAD
crc_dd_2022,P-0033060,P-0033060-T01-IM6,PRIMARY_SITE,Primary Tumor Site,STRING,False,Ascending Colon
crc_dd_2022,P-0033060,P-0033060-T01-IM6,SAMPLE_COVERAGE,Sample coverage,NUMBER,False,700
crc_dd_2022,P-0033060,P-0033060-T01-IM6,SAMPLE_TYPE,Sample Type,STRING,False,Primary
crc_dd_2022,P-0033060,P-0033060-T01-IM6,TUMOR_LOCATION,Tumor Location (Proximal vs. Distal),STRING,False,Proximal
crc_dd_2022,P-0033060,P-0033060-T01-IM6,TUMOR_PURITY,Tumor Purity,NUMBER,False,40
crc_dd_2022,P-0033060,P-0033060-T01-IM6,WGD,WGD,STRING,False,FALSE
crc_dd_2022,P-0033100,P-0033100-T01-IM6,CANCER_TYPE,Cancer Type,STRING,False,Colorectal Cancer
crc_dd_2022,P-0033100,P-0033100-T01-IM6,CANCER_TYPE_DETAILED,Cancer Type Detailed,STRING,False,Colon Adenocarcinoma
crc_dd_2022,P-0033100,P-0033100-T01-IM6,CVR_TMB_SCORE,Impact TMB Score,NUMBER,False,68.5
crc_dd_2022,P-0033100,P-0033100-T01-IM6,DRIVER1_AI,Driver1 Allelic Imbalance,STRING,False,No
crc_dd_2022,P-0033100,P-0033100-T01-IM6,DRIVER1_CCF,Driver1 CCF,NUMBER,False,0.67
crc_dd_2022,P-0033100,P-0033100-T01-IM6,DRIVER1_CELLULAR_FRACTION,Driver1 Cellular Fraction,NUMBER,False,1.00
crc_dd_2022,P-0033100,P-0033100-T01-IM6,DRIVER1_CLONAL_CALL,Driver1 Clonal Call,STRING,False,Subclonal
crc_dd_2022,P-0033100,P-0033100-T01-IM6,DRIVER1_FACETS_PLOIDY_CALL,Driver1 Facets Ploidy Call,STRING,False,DIPLOID
crc_dd_2022,P-0033100,P-0033100-T01-IM6,DRIVER1_LCN,Driver1 LCN,STRING,False,1
crc_dd_2022,P-0033100,P-0033100-T01-IM6,DRIVER1_MUTATION,Driver1 Mutation,STRING,False,KRAS p.G13D
crc_dd_2022,P-0033100,P-0033100-T01-IM6,DRIVER1_TCN,Driver1 TCN,STRING,False,2
crc_dd_2022,P-0033100,P-0033100-T01-IM6,DRIVER2_AI,Driver2 Allelic Imbalance,STRING,False,No
crc_dd_2022,P-0033100,P-0033100-T01-IM6,DRIVER2_CCF,Driver2 CCF,NUMBER,False,0.244
crc_dd_2022,P-0033100,P-0033100-T01-IM6,DRIVER2_CELLULAR_FRACTION,Driver2 Cellular Fraction,NUMBER,False,1.00
crc_dd_2022,P-0033100,P-0033100-T01-IM6,DRIVER2_CLONAL_CALL,Driver2 Clonal Call,STRING,False,Subclonal
crc_dd_2022,P-0033100,P-0033100-T01-IM6,DRIVER2_FACETS_PLOIDY_CALL,Driver2 Facets Ploidy Call,STRING,False,DIPLOID
crc_dd_2022,P-0033100,P-0033100-T01-IM6,DRIVER2_LCN,Driver2 LCN,STRING,False,1
crc_dd_2022,P-0033100,P-0033100-T01-IM6,DRIVER2_MUTATION,Driver2 Mutation,STRING,False,KRAS p.G12C
crc_dd_2022,P-0033100,P-0033100-T01-IM6,DRIVER2_TCN,Driver2 TCN,STRING,False,2
crc_dd_2022,P-0033100,P-0033100-T01-IM6,FRACTION_GENOME_ALTERED,Fraction Genome Altered,NUMBER,False,0.0044
crc_dd_2022,P-0033100,P-0033100-T01-IM6,GENOMIC_QC,Genomic QC,STRING,False,PASS
crc_dd_2022,P-0033100,P-0033100-T01-IM6,GROUP,Group,STRING,False,Subclonal-Subclonal
crc_dd_2022,P-0033100,P-0033100-T01-IM6,HIGHEST_LEVEL_ONCOKB,Highest Level OncoKB,STRING,False,LEVEL_3B
crc_dd_2022,P-0033100,P-0033100-T01-IM6,MSI_SCORE,MSI Score,NUMBER,False,40.97
crc_dd_2022,P-0033100,P-0033100-T01-IM6,MSI_TYPE,MSI Type,STRING,False,Instable
crc_dd_2022,P-0033100,P-0033100-T01-IM6,MUTATION_COUNT,Mutation Count,NUMBER,False,78
crc_dd_2022,P-0033100,P-0033100-T01-IM6,ONCOTREE_CODE,Oncotree Code,STRING,False,COAD
crc_dd_2022,P-0033100,P-0033100-T01-IM6,PRIMARY_SITE,Primary Tumor Site,STRING,False,Colon
crc_dd_2022,P-0033100,P-0033100-T01-IM6,SAMPLE_COVERAGE,Sample coverage,NUMBER,False,548
crc_dd_2022,P-0033100,P-0033100-T01-IM6,SAMPLE_TYPE,Sample Type,STRING,False,Primary
crc_dd_2022,P-0033100,P-0033100-T01-IM6,TUMOR_LOCATION,Tumor Location (Proximal vs. Distal),STRING,False,Proximal
crc_dd_2022,P-0033100,P-0033100-T01-IM6,TUMOR_PURITY,Tumor Purity,NUMBER,False,50
crc_dd_2022,P-0033100,P-0033100-T01-IM6,WGD,WGD,STRING,False,FALSE
crc_dd_2022,P-0033196,P-0033196-T01-IM6,CANCER_TYPE,Cancer Type,STRING,False,Colorectal Cancer
crc_dd_2022,P-0033196,P-0033196-T01-IM6,CANCER_TYPE_DETAILED,Cancer Type Detailed,STRING,False,Colon Adenocarcinoma
crc_dd_2022,P-0033196,P-0033196-T01-IM6,CVR_TMB_SCORE,Impact TMB Score,NUMBER,False,14
crc_dd_2022,P-0033196,P-0033196-T01-IM6,DRIVER1_AI,Driver1 Allelic Imbalance,STRING,False,Yes
crc_dd_2022,P-0033196,P-0033196-T01-IM6,DRIVER1_CCF,Driver1 CCF,NUMBER,False,1.00
crc_dd_2022,P-0033196,P-0033196-T01-IM6,DRIVER1_CELLULAR_FRACTION,Driver1 Cellular Fraction,NUMBER,False,0.44
crc_dd_2022,P-0033196,P-0033196-T01-IM6,DRIVER1_CLONAL_CALL,Driver1 Clonal Call,STRING,False,Clonal
crc_dd_2022,P-0033196,P-0033196-T01-IM6,DRIVER1_EXPECTED_MUTANT_COPIES,Driver1 Expected Mutant Copies,NUMBER,False,2.02
crc_dd_2022,P-0033196,P-0033196-T01-IM6,DRIVER1_FACETS_PLOIDY_CALL,Driver1 Facets Ploidy Call,STRING,False,GAIN
crc_dd_2022,P-0033196,P-0033196-T01-IM6,DRIVER1_LCN,Driver1 LCN,STRING,False,1
crc_dd_2022,P-0033196,P-0033196-T01-IM6,DRIVER1_MUTATION,Driver1 Mutation,STRING,False,KRAS p.G13D
crc_dd_2022,P-0033196,P-0033196-T01-IM6,DRIVER1_TCN,Driver1 TCN,STRING,False,3
crc_dd_2022,P-0033196,P-0033196-T01-IM6,DRIVER2_AI,Driver2 Allelic Imbalance,STRING,False,Yes
crc_dd_2022,P-0033196,P-0033196-T01-IM6,DRIVER2_CCF,Driver2 CCF,NUMBER,False,0.206
crc_dd_2022,P-0033196,P-0033196-T01-IM6,DRIVER2_CELLULAR_FRACTION,Driver2 Cellular Fraction,NUMBER,False,0.44
crc_dd_2022,P-0033196,P-0033196-T01-IM6,DRIVER2_CLONAL_CALL,Driver2 Clonal Call,STRING,False,Subclonal
crc_dd_2022,P-0033196,P-0033196-T01-IM6,DRIVER2_FACETS_PLOIDY_CALL,Driver2 Facets Ploidy Call,STRING,False,GAIN
crc_dd_2022,P-0033196,P-0033196-T01-IM6,DRIVER2_LCN,Driver2 LCN,STRING,False,1
crc_dd_2022,P-0033196,P-0033196-T01-IM6,DRIVER2_MUTATION,Driver2 Mutation,STRING,False,KRAS p.G12D
crc_dd_2022,P-0033196,P-0033196-T01-IM6,DRIVER2_TCN,Driver2 TCN,STRING,False,3
crc_dd_2022,P-0033196,P-0033196-T01-IM6,FRACTION_GENOME_ALTERED,Fraction Genome Altered,NUMBER,False,0.1198
crc_dd_2022,P-0033196,P-0033196-T01-IM6,GENOMIC_QC,Genomic QC,STRING,False,PASS
crc_dd_2022,P-0033196,P-0033196-T01-IM6,GROUP,Group,STRING,False,Clonal-Subclonal
crc_dd_2022,P-0033196,P-0033196-T01-IM6,HIGHEST_LEVEL_ONCOKB,Highest Level OncoKB,STRING,False,LEVEL_3B
crc_dd_2022,P-0033196,P-0033196-T01-IM6,MSI_SCORE,MSI Score,NUMBER,False,0.13
crc_dd_2022,P-0033196,P-0033196-T01-IM6,MSI_TYPE,MSI Type,STRING,False,Stable
crc_dd_2022,P-0033196,P-0033196-T01-IM6,MUTATION_COUNT,Mutation Count,NUMBER,False,16
crc_dd_2022,P-0033196,P-0033196-T01-IM6,ONCOTREE_CODE,Oncotree Code,STRING,False,COAD
crc_dd_2022,P-0033196,P-0033196-T01-IM6,PRIMARY_SITE,Primary Tumor Site,STRING,False,Ascending Colon
crc_dd_2022,P-0033196,P-0033196-T01-IM6,SAMPLE_COVERAGE,Sample coverage,NUMBER,False,534
crc_dd_2022,P-0033196,P-0033196-T01-IM6,SAMPLE_TYPE,Sample Type,STRING,False,Primary
crc_dd_2022,P-0033196,P-0033196-T01-IM6,TUMOR_LOCATION,Tumor Location (Proximal vs. Distal),STRING,False,Proximal
crc_dd_2022,P-0033196,P-0033196-T01-IM6,TUMOR_PURITY,Tumor Purity,NUMBER,False,40
crc_dd_2022,P-0033196,P-0033196-T01-IM6,WGD,WGD,STRING,False,FALSE
crc_dd_2022,P-0034332,P-0034332-T01-IM6,CANCER_TYPE,Cancer Type,STRING,False,Colorectal Cancer
crc_dd_2022,P-0034332,P-0034332-T01-IM6,CANCER_TYPE_DETAILED,Cancer Type Detailed,STRING,False,Colon Adenocarcinoma
crc_dd_2022,P-0034332,P-0034332-T01-IM6,CVR_TMB_SCORE,Impact TMB Score,NUMBER,False,3.5
crc_dd_2022,P-0034332,P-0034332-T01-IM6,DRIVER1_AI,Driver1 Allelic Imbalance,STRING,False,No
crc_dd_2022,P-0034332,P-0034332-T01-IM6,DRIVER1_CCF,Driver1 CCF,NUMBER,False,0.95
crc_dd_2022,P-0034332,P-0034332-T01-IM6,DRIVER1_CELLULAR_FRACTION,Driver1 Cellular Fraction,NUMBER,False,1.00
crc_dd_2022,P-0034332,P-0034332-T01-IM6,DRIVER1_CLONAL_CALL,Driver1 Clonal Call,STRING,False,Clonal
crc_dd_2022,P-0034332,P-0034332-T01-IM6,DRIVER1_EXPECTED_MUTANT_COPIES,Driver1 Expected Mutant Copies,NUMBER,False,0.95
crc_dd_2022,P-0034332,P-0034332-T01-IM6,DRIVER1_FACETS_PLOIDY_CALL,Driver1 Facets Ploidy Call,STRING,False,DIPLOID
crc_dd_2022,P-0034332,P-0034332-T01-IM6,DRIVER1_LCN,Driver1 LCN,STRING,False,1
crc_dd_2022,P-0034332,P-0034332-T01-IM6,DRIVER1_MUTATION,Driver1 Mutation,STRING,False,KRAS p.V14I
crc_dd_2022,P-0034332,P-0034332-T01-IM6,DRIVER1_TCN,Driver1 TCN,STRING,False,2
crc_dd_2022,P-0034332,P-0034332-T01-IM6,DRIVER2_AI,Driver2 Allelic Imbalance,STRING,False,No
crc_dd_2022,P-0034332,P-0034332-T01-IM6,DRIVER2_CCF,Driver2 CCF,NUMBER,False,0.945
crc_dd_2022,P-0034332,P-0034332-T01-IM6,DRIVER2_CELLULAR_FRACTION,Driver2 Cellular Fraction,NUMBER,False,1.00
crc_dd_2022,P-0034332,P-0034332-T01-IM6,DRIVER2_CLONAL_CALL,Driver2 Clonal Call,STRING,False,Clonal
crc_dd_2022,P-0034332,P-0034332-T01-IM6,DRIVER2_EXPECTED_MUTANT_COPIES,Driver2 Expected Mutant Copies,NUMBER,False,0.945332431
crc_dd_2022,P-0034332,P-0034332-T01-IM6,DRIVER2_FACETS_PLOIDY_CALL,Driver2 Facets Ploidy Call,STRING,False,DIPLOID
crc_dd_2022,P-0034332,P-0034332-T01-IM6,DRIVER2_LCN,Driver2 LCN,STRING,False,1
crc_dd_2022,P-0034332,P-0034332-T01-IM6,DRIVER2_MUTATION,Driver2 Mutation,STRING,False,KRAS p.G12V
crc_dd_2022,P-0034332,P-0034332-T01-IM6,DRIVER2_TCN,Driver2 TCN,STRING,False,2
crc_dd_2022,P-0034332,P-0034332-T01-IM6,FRACTION_GENOME_ALTERED,Fraction Genome Altered,NUMBER,False,0.2408
crc_dd_2022,P-0034332,P-0034332-T01-IM6,GENOMIC_QC,Genomic QC,STRING,False,PASS
crc_dd_2022,P-0034332,P-0034332-T01-IM6,GROUP,Group,STRING,False,Clonal-Clonal
crc_dd_2022,P-0034332,P-0034332-T01-IM6,HIGHEST_LEVEL_ONCOKB,Highest Level OncoKB,STRING,False,LEVEL_4
crc_dd_2022,P-0034332,P-0034332-T01-IM6,MSI_SCORE,MSI Score,NUMBER,False,0.74
crc_dd_2022,P-0034332,P-0034332-T01-IM6,MSI_TYPE,MSI Type,STRING,False,Stable
crc_dd_2022,P-0034332,P-0034332-T01-IM6,MUTATION_COUNT,Mutation Count,NUMBER,False,4
crc_dd_2022,P-0034332,P-0034332-T01-IM6,ONCOTREE_CODE,Oncotree Code,STRING,False,COAD
crc_dd_2022,P-0034332,P-0034332-T01-IM6,PRIMARY_SITE,Primary Tumor Site,STRING,False,Sigmoid Colon
crc_dd_2022,P-0034332,P-0034332-T01-IM6,SAMPLE_COVERAGE,Sample coverage,NUMBER,False,788
crc_dd_2022,P-0034332,P-0034332-T01-IM6,SAMPLE_TYPE,Sample Type,STRING,False,Primary
crc_dd_2022,P-0034332,P-0034332-T01-IM6,TUMOR_LOCATION,Tumor Location (Proximal vs. Distal),STRING,False,Distal
crc_dd_2022,P-0034332,P-0034332-T01-IM6,TUMOR_PURITY,Tumor Purity,NUMBER,False,30
crc_dd_2022,P-0034332,P-0034332-T01-IM6,WGD,WGD,STRING,False,FALSE
crc_dd_2022,P-0034499,P-0034499-T01-IM6,CANCER_TYPE,Cancer Type,STRING,False,Colorectal Cancer
crc_dd_2022,P-0034499,P-0034499-T01-IM6,CANCER_TYPE_DETAILED,Cancer Type Detailed,STRING,False,Colon Adenocarcinoma
crc_dd_2022,P-0034499,P-0034499-T01-IM6,CVR_TMB_SCORE,Impact TMB Score,NUMBER,False,6.1
crc_dd_2022,P-0034499,P-0034499-T01-IM6,DRIVER1_AI,Driver1 Allelic Imbalance,STRING,False,No
crc_dd_2022,P-0034499,P-0034499-T01-IM6,DRIVER1_CCF,Driver1 CCF,NUMBER,False,0.79
crc_dd_2022,P-0034499,P-0034499-T01-IM6,DRIVER1_CELLULAR_FRACTION,Driver1 Cellular Fraction,NUMBER,False,1.00
crc_dd_2022,P-0034499,P-0034499-T01-IM6,DRIVER1_CLONAL_CALL,Driver1 Clonal Call,STRING,False,Subclonal
crc_dd_2022,P-0034499,P-0034499-T01-IM6,DRIVER1_FACETS_PLOIDY_CALL,Driver1 Facets Ploidy Call,STRING,False,DIPLOID
crc_dd_2022,P-0034499,P-0034499-T01-IM6,DRIVER1_LCN,Driver1 LCN,STRING,False,1
crc_dd_2022,P-0034499,P-0034499-T01-IM6,DRIVER1_MUTATION,Driver1 Mutation,STRING,False,KRAS p.G12C
crc_dd_2022,P-0034499,P-0034499-T01-IM6,DRIVER1_TCN,Driver1 TCN,STRING,False,2
crc_dd_2022,P-0034499,P-0034499-T01-IM6,DRIVER2_AI,Driver2 Allelic Imbalance,STRING,False,No
crc_dd_2022,P-0034499,P-0034499-T01-IM6,DRIVER2_CCF,Driver2 CCF,NUMBER,False,0.315
crc_dd_2022,P-0034499,P-0034499-T01-IM6,DRIVER2_CELLULAR_FRACTION,Driver2 Cellular Fraction,NUMBER,False,1.00
crc_dd_2022,P-0034499,P-0034499-T01-IM6,DRIVER2_CLONAL_CALL,Driver2 Clonal Call,STRING,False,Subclonal
crc_dd_2022,P-0034499,P-0034499-T01-IM6,DRIVER2_FACETS_PLOIDY_CALL,Driver2 Facets Ploidy Call,STRING,False,DIPLOID
crc_dd_2022,P-0034499,P-0034499-T01-IM6,DRIVER2_LCN,Driver2 LCN,STRING,False,1
crc_dd_2022,P-0034499,P-0034499-T01-IM6,DRIVER2_MUTATION,Driver2 Mutation,STRING,False,NRAS p.G12A
crc_dd_2022,P-0034499,P-0034499-T01-IM6,DRIVER2_TCN,Driver2 TCN,STRING,False,2
crc_dd_2022,P-0034499,P-0034499-T01-IM6,FRACTION_GENOME_ALTERED,Fraction Genome Altered,NUMBER,False,0.3292
crc_dd_2022,P-0034499,P-0034499-T01-IM6,GENOMIC_QC,Genomic QC,STRING,False,PASS
crc_dd_2022,P-0034499,P-0034499-T01-IM6,GROUP,Group,STRING,False,Subclonal-Subclonal
crc_dd_2022,P-0034499,P-0034499-T01-IM6,HIGHEST_LEVEL_ONCOKB,Highest Level OncoKB,STRING,False,LEVEL_3B
crc_dd_2022,P-0034499,P-0034499-T01-IM6,MSI_SCORE,MSI Score,NUMBER,False,0.11
crc_dd_2022,P-0034499,P-0034499-T01-IM6,MSI_TYPE,MSI Type,STRING,False,Stable
crc_dd_2022,P-0034499,P-0034499-T01-IM6,MUTATION_COUNT,Mutation Count,NUMBER,False,7
crc_dd_2022,P-0034499,P-0034499-T01-IM6,ONCOTREE_CODE,Oncotree Code,STRING,False,COAD
crc_dd_2022,P-0034499,P-0034499-T01-IM6,PRIMARY_SITE,Primary Tumor Site,STRING,False,Sigmoid Colon
crc_dd_2022,P-0034499,P-0034499-T01-IM6,SAMPLE_COVERAGE,Sample coverage,NUMBER,False,569
crc_dd_2022,P-0034499,P-0034499-T01-IM6,SAMPLE_TYPE,Sample Type,STRING,False,Primary
crc_dd_2022,P-0034499,P-0034499-T01-IM6,TUMOR_LOCATION,Tumor Location (Proximal vs. Distal),STRING,False,Distal
crc_dd_2022,P-0034499,P-0034499-T01-IM6,TUMOR_PURITY,Tumor Purity,NUMBER,False,60
crc_dd_2022,P-0034499,P-0034499-T01-IM6,WGD,WGD,STRING,False,FALSE
crc_dd_2022,P-0034973,P-0034973-T01-IM6,CANCER_TYPE,Cancer Type,STRING,False,Colorectal Cancer
crc_dd_2022,P-0034973,P-0034973-T01-IM6,CANCER_TYPE_DETAILED,Cancer Type Detailed,STRING,False,Colorectal Adenocarcinoma
crc_dd_2022,P-0034973,P-0034973-T01-IM6,CVR_TMB_SCORE,Impact TMB Score,NUMBER,False,11.4
crc_dd_2022,P-0034973,P-0034973-T01-IM6,DRIVER1_AI,Driver1 Allelic Imbalance,STRING,False,Yes
crc_dd_2022,P-0034973,P-0034973-T01-IM6,DRIVER1_CCF,Driver1 CCF,NUMBER,False,0.98
crc_dd_2022,P-0034973,P-0034973-T01-IM6,DRIVER1_CELLULAR_FRACTION,Driver1 Cellular Fraction,NUMBER,False,0.40
crc_dd_2022,P-0034973,P-0034973-T01-IM6,DRIVER1_CLONAL_CALL,Driver1 Clonal Call,STRING,False,Clonal
crc_dd_2022,P-0034973,P-0034973-T01-IM6,DRIVER1_EXPECTED_MUTANT_COPIES,Driver1 Expected Mutant Copies,NUMBER,False,1.96
crc_dd_2022,P-0034973,P-0034973-T01-IM6,DRIVER1_FACETS_PLOIDY_CALL,Driver1 Facets Ploidy Call,STRING,False,GAIN
crc_dd_2022,P-0034973,P-0034973-T01-IM6,DRIVER1_LCN,Driver1 LCN,STRING,False,1
crc_dd_2022,P-0034973,P-0034973-T01-IM6,DRIVER1_MUTATION,Driver1 Mutation,STRING,False,KRAS p.G12D
crc_dd_2022,P-0034973,P-0034973-T01-IM6,DRIVER1_TCN,Driver1 TCN,STRING,False,3
crc_dd_2022,P-0034973,P-0034973-T01-IM6,DRIVER2_AI,Driver2 Allelic Imbalance,STRING,False,Yes
crc_dd_2022,P-0034973,P-0034973-T01-IM6,DRIVER2_CCF,Driver2 CCF,NUMBER,False,0.145
crc_dd_2022,P-0034973,P-0034973-T01-IM6,DRIVER2_CELLULAR_FRACTION,Driver2 Cellular Fraction,NUMBER,False,0.40
crc_dd_2022,P-0034973,P-0034973-T01-IM6,DRIVER2_CLONAL_CALL,Driver2 Clonal Call,STRING,False,Subclonal
crc_dd_2022,P-0034973,P-0034973-T01-IM6,DRIVER2_FACETS_PLOIDY_CALL,Driver2 Facets Ploidy Call,STRING,False,GAIN
crc_dd_2022,P-0034973,P-0034973-T01-IM6,DRIVER2_LCN,Driver2 LCN,STRING,False,1
crc_dd_2022,P-0034973,P-0034973-T01-IM6,DRIVER2_MUTATION,Driver2 Mutation,STRING,False,KRAS p.G12V
crc_dd_2022,P-0034973,P-0034973-T01-IM6,DRIVER2_TCN,Driver2 TCN,STRING,False,3
crc_dd_2022,P-0034973,P-0034973-T01-IM6,FRACTION_GENOME_ALTERED,Fraction Genome Altered,NUMBER,False,0.1877
crc_dd_2022,P-0034973,P-0034973-T01-IM6,GENOMIC_QC,Genomic QC,STRING,False,PASS
crc_dd_2022,P-0034973,P-0034973-T01-IM6,GROUP,Group,STRING,False,Clonal-Subclonal
crc_dd_2022,P-0034973,P-0034973-T01-IM6,HIGHEST_LEVEL_ONCOKB,Highest Level OncoKB,STRING,False,LEVEL_3B
crc_dd_2022,P-0034973,P-0034973-T01-IM6,MSI_SCORE,MSI Score,NUMBER,False,0.22
crc_dd_2022,P-0034973,P-0034973-T01-IM6,MSI_TYPE,MSI Type,STRING,False,Stable
crc_dd_2022,P-0034973,P-0034973-T01-IM6,MUTATION_COUNT,Mutation Count,NUMBER,False,13
crc_dd_2022,P-0034973,P-0034973-T01-IM6,ONCOTREE_CODE,Oncotree Code,STRING,False,COADREAD
crc_dd_2022,P-0034973,P-0034973-T01-IM6,PRIMARY_SITE,Primary Tumor Site,STRING,False,Ascending Colon
crc_dd_2022,P-0034973,P-0034973-T01-IM6,SAMPLE_COVERAGE,Sample coverage,NUMBER,False,471
crc_dd_2022,P-0034973,P-0034973-T01-IM6,SAMPLE_TYPE,Sample Type,STRING,False,Primary
crc_dd_2022,P-0034973,P-0034973-T01-IM6,TUMOR_LOCATION,Tumor Location (Proximal vs. Distal),STRING,False,Proximal
crc_dd_2022,P-0034973,P-0034973-T01-IM6,TUMOR_PURITY,Tumor Purity,NUMBER,False,50
crc_dd_2022,P-0034973,P-0034973-T01-IM6,WGD,WGD,STRING,False,FALSE
crc_dd_2022,P-0035916,P-0035916-T01-IM6,CANCER_TYPE,Cancer Type,STRING,False,Colorectal Cancer
crc_dd_2022,P-0035916,P-0035916-T01-IM6,CANCER_TYPE_DETAILED,Cancer Type Detailed,STRING,False,Colorectal Adenocarcinoma
crc_dd_2022,P-0035916,P-0035916-T01-IM6,CVR_TMB_SCORE,Impact TMB Score,NUMBER,False,65
crc_dd_2022,P-0035916,P-0035916-T01-IM6,DRIVER1_MUTATION,Driver1 Mutation,STRING,False,NRAS p.G12S
crc_dd_2022,P-0035916,P-0035916-T01-IM6,DRIVER2_MUTATION,Driver2 Mutation,STRING,False,BRAF p.V600E
crc_dd_2022,P-0035916,P-0035916-T01-IM6,FRACTION_GENOME_ALTERED,Fraction Genome Altered,NUMBER,False,0.0000
crc_dd_2022,P-0035916,P-0035916-T01-IM6,GENOMIC_QC,Genomic QC,STRING,False,FAIL
crc_dd_2022,P-0035916,P-0035916-T01-IM6,HIGHEST_LEVEL_ONCOKB,Highest Level OncoKB,STRING,False,LEVEL_1
crc_dd_2022,P-0035916,P-0035916-T01-IM6,MSI_SCORE,MSI Score,NUMBER,False,47.8
crc_dd_2022,P-0035916,P-0035916-T01-IM6,MSI_TYPE,MSI Type,STRING,False,Instable
crc_dd_2022,P-0035916,P-0035916-T01-IM6,MUTATION_COUNT,Mutation Count,NUMBER,False,74
crc_dd_2022,P-0035916,P-0035916-T01-IM6,ONCOTREE_CODE,Oncotree Code,STRING,False,COADREAD
crc_dd_2022,P-0035916,P-0035916-T01-IM6,PRIMARY_SITE,Primary Tumor Site,STRING,False,Colon
crc_dd_2022,P-0035916,P-0035916-T01-IM6,SAMPLE_COVERAGE,Sample coverage,NUMBER,False,529
crc_dd_2022,P-0035916,P-0035916-T01-IM6,SAMPLE_TYPE,Sample Type,STRING,False,Primary
crc_dd_2022,P-0035916,P-0035916-T01-IM6,TUMOR_LOCATION,Tumor Location (Proximal vs. Distal),STRING,False,Proximal
crc_dd_2022,P-0035916,P-0035916-T01-IM6,TUMOR_PURITY,Tumor Purity,NUMBER,False,20
crc_dd_2022,P-0036503,P-0036503-T01-IM6,CANCER_TYPE,Cancer Type,STRING,False,Colorectal Cancer
crc_dd_2022,P-0036503,P-0036503-T01-IM6,CANCER_TYPE_DETAILED,Cancer Type Detailed,STRING,False,Colon Adenocarcinoma
crc_dd_2022,P-0036503,P-0036503-T01-IM6,CVR_TMB_SCORE,Impact TMB Score,NUMBER,False,123.8
crc_dd_2022,P-0036503,P-0036503-T01-IM6,DRIVER1_MUTATION,Driver1 Mutation,STRING,False,KRAS p.K117N
crc_dd_2022,P-0036503,P-0036503-T01-IM6,DRIVER2_MUTATION,Driver2 Mutation,STRING,False,KRAS p.V14I
crc_dd_2022,P-0036503,P-0036503-T01-IM6,FRACTION_GENOME_ALTERED,Fraction Genome Altered,NUMBER,False,0.0000
crc_dd_2022,P-0036503,P-0036503-T01-IM6,GENOMIC_QC,Genomic QC,STRING,False,FAIL
crc_dd_2022,P-0036503,P-0036503-T01-IM6,HIGHEST_LEVEL_ONCOKB,Highest Level OncoKB,STRING,False,LEVEL_3B
crc_dd_2022,P-0036503,P-0036503-T01-IM6,MSI_SCORE,MSI Score,NUMBER,False,0.07
crc_dd_2022,P-0036503,P-0036503-T01-IM6,MSI_TYPE,MSI Type,STRING,False,Stable
crc_dd_2022,P-0036503,P-0036503-T01-IM6,MUTATION_COUNT,Mutation Count,NUMBER,False,140
crc_dd_2022,P-0036503,P-0036503-T01-IM6,ONCOTREE_CODE,Oncotree Code,STRING,False,COAD
crc_dd_2022,P-0036503,P-0036503-T01-IM6,PRIMARY_SITE,Primary Tumor Site,STRING,False,Sigmoid Colon
crc_dd_2022,P-0036503,P-0036503-T01-IM6,SAMPLE_COVERAGE,Sample coverage,NUMBER,False,409
crc_dd_2022,P-0036503,P-0036503-T01-IM6,SAMPLE_TYPE,Sample Type,STRING,False,Primary
crc_dd_2022,P-0036503,P-0036503-T01-IM6,TUMOR_LOCATION,Tumor Location (Proximal vs. Distal),STRING,False,Distal
crc_dd_2022,P-0036503,P-0036503-T01-IM6,TUMOR_PURITY,Tumor Purity,NUMBER,False,20
crc_dd_2022,P-0036892,P-0036892-T01-IM6,CANCER_TYPE,Cancer Type,STRING,False,Colorectal Cancer
crc_dd_2022,P-0036892,P-0036892-T01-IM6,CANCER_TYPE_DETAILED,Cancer Type Detailed,STRING,False,Colon Adenocarcinoma
crc_dd_2022,P-0036892,P-0036892-T01-IM6,CVR_TMB_SCORE,Impact TMB Score,NUMBER,False,9.7
crc_dd_2022,P-0036892,P-0036892-T01-IM6,DRIVER1_AI,Driver1 Allelic Imbalance,STRING,False,No
crc_dd_2022,P-0036892,P-0036892-T01-IM6,DRIVER1_CCF,Driver1 CCF,NUMBER,False,0.31
crc_dd_2022,P-0036892,P-0036892-T01-IM6,DRIVER1_CELLULAR_FRACTION,Driver1 Cellular Fraction,NUMBER,False,1.00
crc_dd_2022,P-0036892,P-0036892-T01-IM6,DRIVER1_CLONAL_CALL,Driver1 Clonal Call,STRING,False,Subclonal
crc_dd_2022,P-0036892,P-0036892-T01-IM6,DRIVER1_FACETS_PLOIDY_CALL,Driver1 Facets Ploidy Call,STRING,False,DIPLOID
crc_dd_2022,P-0036892,P-0036892-T01-IM6,DRIVER1_LCN,Driver1 LCN,STRING,False,1
crc_dd_2022,P-0036892,P-0036892-T01-IM6,DRIVER1_MUTATION,Driver1 Mutation,STRING,False,KRAS p.G12V
crc_dd_2022,P-0036892,P-0036892-T01-IM6,DRIVER1_TCN,Driver1 TCN,STRING,False,2
crc_dd_2022,P-0036892,P-0036892-T01-IM6,DRIVER2_AI,Driver2 Allelic Imbalance,STRING,False,No
crc_dd_2022,P-0036892,P-0036892-T01-IM6,DRIVER2_CCF,Driver2 CCF,NUMBER,False,0.17
crc_dd_2022,P-0036892,P-0036892-T01-IM6,DRIVER2_CELLULAR_FRACTION,Driver2 Cellular Fraction,NUMBER,False,1.00
crc_dd_2022,P-0036892,P-0036892-T01-IM6,DRIVER2_CLONAL_CALL,Driver2 Clonal Call,STRING,False,Subclonal
crc_dd_2022,P-0036892,P-0036892-T01-IM6,DRIVER2_FACETS_PLOIDY_CALL,Driver2 Facets Ploidy Call,STRING,False,DIPLOID
crc_dd_2022,P-0036892,P-0036892-T01-IM6,DRIVER2_LCN,Driver2 LCN,STRING,False,1
crc_dd_2022,P-0036892,P-0036892-T01-IM6,DRIVER2_MUTATION,Driver2 Mutation,STRING,False,KRAS p.G12R
crc_dd_2022,P-0036892,P-0036892-T01-IM6,DRIVER2_TCN,Driver2 TCN,STRING,False,2
crc_dd_2022,P-0036892,P-0036892-T01-IM6,FRACTION_GENOME_ALTERED,Fraction Genome Altered,NUMBER,False,0.0722
crc_dd_2022,P-0036892,P-0036892-T01-IM6,GENOMIC_QC,Genomic QC,STRING,False,PASS
crc_dd_2022,P-0036892,P-0036892-T01-IM6,GROUP,Group,STRING,False,Subclonal-Subclonal
crc_dd_2022,P-0036892,P-0036892-T01-IM6,HIGHEST_LEVEL_ONCOKB,Highest Level OncoKB,STRING,False,LEVEL_3B
crc_dd_2022,P-0036892,P-0036892-T01-IM6,MSI_SCORE,MSI Score,NUMBER,False,0.05
crc_dd_2022,P-0036892,P-0036892-T01-IM6,MSI_TYPE,MSI Type,STRING,False,Stable
crc_dd_2022,P-0036892,P-0036892-T01-IM6,MUTATION_COUNT,Mutation Count,NUMBER,False,11
crc_dd_2022,P-0036892,P-0036892-T01-IM6,ONCOTREE_CODE,Oncotree Code,STRING,False,COAD
crc_dd_2022,P-0036892,P-0036892-T01-IM6,PRIMARY_SITE,Primary Tumor Site,STRING,False,Ascending Colon
crc_dd_2022,P-0036892,P-0036892-T01-IM6,SAMPLE_COVERAGE,Sample coverage,NUMBER,False,359
crc_dd_2022,P-0036892,P-0036892-T01-IM6,SAMPLE_TYPE,Sample Type,STRING,False,Primary
crc_dd_2022,P-0036892,P-0036892-T01-IM6,TUMOR_LOCATION,Tumor Location (Proximal vs. Distal),STRING,False,Proximal
crc_dd_2022,P-0036892,P-0036892-T01-IM6,TUMOR_PURITY,Tumor Purity,NUMBER,False,40
crc_dd_2022,P-0036892,P-0036892-T01-IM6,WGD,WGD,STRING,False,FALSE
crc_dd_2022,P-0037410,P-0037410-T01-IM6,CANCER_TYPE,Cancer Type,STRING,False,Colorectal Cancer
crc_dd_2022,P-0037410,P-0037410-T01-IM6,CANCER_TYPE_DETAILED,Cancer Type Detailed,STRING,False,Colon Adenocarcinoma
crc_dd_2022,P-0037410,P-0037410-T01-IM6,CVR_TMB_SCORE,Impact TMB Score,NUMBER,False,102.7
crc_dd_2022,P-0037410,P-0037410-T01-IM6,DRIVER1_CCF,Driver1 CCF,NUMBER,False,0.57
crc_dd_2022,P-0037410,P-0037410-T01-IM6,DRIVER1_CLONAL_CALL,Driver1 Clonal Call,STRING,False,Indeterminate
crc_dd_2022,P-0037410,P-0037410-T01-IM6,DRIVER1_FACETS_PLOIDY_CALL,Driver1 Facets Ploidy Call,STRING,False,DIPLOID or CNLOH
crc_dd_2022,P-0037410,P-0037410-T01-IM6,DRIVER1_MUTATION,Driver1 Mutation,STRING,False,KRAS p.G13D
crc_dd_2022,P-0037410,P-0037410-T01-IM6,DRIVER1_TCN,Driver1 TCN,STRING,False,2
crc_dd_2022,P-0037410,P-0037410-T01-IM6,DRIVER2_CCF,Driver2 CCF,NUMBER,False,0.45
crc_dd_2022,P-0037410,P-0037410-T01-IM6,DRIVER2_CLONAL_CALL,Driver2 Clonal Call,STRING,False,Indeterminate
crc_dd_2022,P-0037410,P-0037410-T01-IM6,DRIVER2_FACETS_PLOIDY_CALL,Driver2 Facets Ploidy Call,STRING,False,DIPLOID or CNLOH
crc_dd_2022,P-0037410,P-0037410-T01-IM6,DRIVER2_MUTATION,Driver2 Mutation,STRING,False,KRAS p.G12D
crc_dd_2022,P-0037410,P-0037410-T01-IM6,DRIVER2_TCN,Driver2 TCN,STRING,False,2
crc_dd_2022,P-0037410,P-0037410-T01-IM6,FRACTION_GENOME_ALTERED,Fraction Genome Altered,NUMBER,False,0.0336
crc_dd_2022,P-0037410,P-0037410-T01-IM6,GENOMIC_QC,Genomic QC,STRING,False,PASS
crc_dd_2022,P-0037410,P-0037410-T01-IM6,GROUP,Group,STRING,False,Indeterminate-Indeterminate
crc_dd_2022,P-0037410,P-0037410-T01-IM6,HIGHEST_LEVEL_ONCOKB,Highest Level OncoKB,STRING,False,LEVEL_3B
crc_dd_2022,P-0037410,P-0037410-T01-IM6,MSI_SCORE,MSI Score,NUMBER,False,43.77
crc_dd_2022,P-0037410,P-0037410-T01-IM6,MSI_TYPE,MSI Type,STRING,False,Instable
crc_dd_2022,P-0037410,P-0037410-T01-IM6,MUTATION_COUNT,Mutation Count,NUMBER,False,117
crc_dd_2022,P-0037410,P-0037410-T01-IM6,ONCOTREE_CODE,Oncotree Code,STRING,False,COAD
crc_dd_2022,P-0037410,P-0037410-T01-IM6,PRIMARY_SITE,Primary Tumor Site,STRING,False,Ascending Colon
crc_dd_2022,P-0037410,P-0037410-T01-IM6,SAMPLE_COVERAGE,Sample coverage,NUMBER,False,498
crc_dd_2022,P-0037410,P-0037410-T01-IM6,SAMPLE_TYPE,Sample Type,STRING,False,Primary
crc_dd_2022,P-0037410,P-0037410-T01-IM6,TUMOR_LOCATION,Tumor Location (Proximal vs. Distal),STRING,False,Proximal
crc_dd_2022,P-0037410,P-0037410-T01-IM6,TUMOR_PURITY,Tumor Purity,NUMBER,False,20
crc_dd_2022,P-0037410,P-0037410-T01-IM6,WGD,WGD,STRING,False,FALSE
crc_dd_2022,P-0037482,P-0037482-T01-IM6,CANCER_TYPE,Cancer Type,STRING,False,Colorectal Cancer
crc_dd_2022,P-0037482,P-0037482-T01-IM6,CANCER_TYPE_DETAILED,Cancer Type Detailed,STRING,False,Colon Adenocarcinoma
crc_dd_2022,P-0037482,P-0037482-T01-IM6,CVR_TMB_SCORE,Impact TMB Score,NUMBER,False,3.5
crc_dd_2022,P-0037482,P-0037482-T01-IM6,DRIVER1_AI,Driver1 Allelic Imbalance,STRING,False,Yes
crc_dd_2022,P-0037482,P-0037482-T01-IM6,DRIVER1_CCF,Driver1 CCF,NUMBER,False,0.84
crc_dd_2022,P-0037482,P-0037482-T01-IM6,DRIVER1_CELLULAR_FRACTION,Driver1 Cellular Fraction,NUMBER,False,0.35
crc_dd_2022,P-0037482,P-0037482-T01-IM6,DRIVER1_CLONAL_CALL,Driver1 Clonal Call,STRING,False,Clonal
crc_dd_2022,P-0037482,P-0037482-T01-IM6,DRIVER1_FACETS_PLOIDY_CALL,Driver1 Facets Ploidy Call,STRING,False,CNLOH AFTER
crc_dd_2022,P-0037482,P-0037482-T01-IM6,DRIVER1_LCN,Driver1 LCN,STRING,False,1
crc_dd_2022,P-0037482,P-0037482-T01-IM6,DRIVER1_MUTATION,Driver1 Mutation,STRING,False,KRAS p.G13D
crc_dd_2022,P-0037482,P-0037482-T01-IM6,DRIVER1_TCN,Driver1 TCN,STRING,False,4
crc_dd_2022,P-0037482,P-0037482-T01-IM6,DRIVER2_AI,Driver2 Allelic Imbalance,STRING,False,Yes
crc_dd_2022,P-0037482,P-0037482-T01-IM6,DRIVER2_CCF,Driver2 CCF,NUMBER,False,0.18
crc_dd_2022,P-0037482,P-0037482-T01-IM6,DRIVER2_CELLULAR_FRACTION,Driver2 Cellular Fraction,NUMBER,False,0.35
crc_dd_2022,P-0037482,P-0037482-T01-IM6,DRIVER2_CLONAL_CALL,Driver2 Clonal Call,STRING,False,Subclonal
crc_dd_2022,P-0037482,P-0037482-T01-IM6,DRIVER2_FACETS_PLOIDY_CALL,Driver2 Facets Ploidy Call,STRING,False,CNLOH AFTER
crc_dd_2022,P-0037482,P-0037482-T01-IM6,DRIVER2_LCN,Driver2 LCN,STRING,False,1
crc_dd_2022,P-0037482,P-0037482-T01-IM6,DRIVER2_MUTATION,Driver2 Mutation,STRING,False,KRAS p.G12D
crc_dd_2022,P-0037482,P-0037482-T01-IM6,DRIVER2_TCN,Driver2 TCN,STRING,False,4
crc_dd_2022,P-0037482,P-0037482-T01-IM6,FRACTION_GENOME_ALTERED,Fraction Genome Altered,NUMBER,False,0.4850
crc_dd_2022,P-0037482,P-0037482-T01-IM6,GENOMIC_QC,Genomic QC,STRING,False,PASS
crc_dd_2022,P-0037482,P-0037482-T01-IM6,GROUP,Group,STRING,False,Clonal-Subclonal
crc_dd_2022,P-0037482,P-0037482-T01-IM6,HIGHEST_LEVEL_ONCOKB,Highest Level OncoKB,STRING,False,LEVEL_4
crc_dd_2022,P-0037482,P-0037482-T01-IM6,MSI_SCORE,MSI Score,NUMBER,False,0.07
crc_dd_2022,P-0037482,P-0037482-T01-IM6,MSI_TYPE,MSI Type,STRING,False,Stable
crc_dd_2022,P-0037482,P-0037482-T01-IM6,MUTATION_COUNT,Mutation Count,NUMBER,False,4
crc_dd_2022,P-0037482,P-0037482-T01-IM6,ONCOTREE_CODE,Oncotree Code,STRING,False,COAD
crc_dd_2022,P-0037482,P-0037482-T01-IM6,PRIMARY_SITE,Primary Tumor Site,STRING,False,Sigmoid Colon
crc_dd_2022,P-0037482,P-0037482-T01-IM6,SAMPLE_COVERAGE,Sample coverage,NUMBER,False,514
crc_dd_2022,P-0037482,P-0037482-T01-IM6,SAMPLE_TYPE,Sample Type,STRING,False,Primary
crc_dd_2022,P-0037482,P-0037482-T01-IM6,TUMOR_LOCATION,Tumor Location (Proximal vs. Distal),STRING,False,Distal
crc_dd_2022,P-0037482,P-0037482-T01-IM6,TUMOR_PURITY,Tumor Purity,NUMBER,False,50
crc_dd_2022,P-0037482,P-0037482-T01-IM6,WGD,WGD,STRING,False,TRUE
crc_dd_2022,P-0037971,P-0037971-T01-IM6,CANCER_TYPE,Cancer Type,STRING,False,Colorectal Cancer
crc_dd_2022,P-0037971,P-0037971-T01-IM6,CANCER_TYPE_DETAILED,Cancer Type Detailed,STRING,False,Colon Adenocarcinoma
crc_dd_2022,P-0037971,P-0037971-T01-IM6,CVR_TMB_SCORE,Impact TMB Score,NUMBER,False,7
crc_dd_2022,P-0037971,P-0037971-T01-IM6,DRIVER1_AI,Driver1 Allelic Imbalance,STRING,False,No
crc_dd_2022,P-0037971,P-0037971-T01-IM6,DRIVER1_CCF,Driver1 CCF,NUMBER,False,1.00
crc_dd_2022,P-0037971,P-0037971-T01-IM6,DRIVER1_CELLULAR_FRACTION,Driver1 Cellular Fraction,NUMBER,False,1.00
crc_dd_2022,P-0037971,P-0037971-T01-IM6,DRIVER1_CLONAL_CALL,Driver1 Clonal Call,STRING,False,Clonal
crc_dd_2022,P-0037971,P-0037971-T01-IM6,DRIVER1_EXPECTED_MUTANT_COPIES,Driver1 Expected Mutant Copies,NUMBER,False,1.22
crc_dd_2022,P-0037971,P-0037971-T01-IM6,DRIVER1_FACETS_PLOIDY_CALL,Driver1 Facets Ploidy Call,STRING,False,DIPLOID
crc_dd_2022,P-0037971,P-0037971-T01-IM6,DRIVER1_LCN,Driver1 LCN,STRING,False,1
crc_dd_2022,P-0037971,P-0037971-T01-IM6,DRIVER1_MUTATION,Driver1 Mutation,STRING,False,NRAS p.G12D
crc_dd_2022,P-0037971,P-0037971-T01-IM6,DRIVER1_TCN,Driver1 TCN,STRING,False,2
crc_dd_2022,P-0037971,P-0037971-T01-IM6,DRIVER2_AI,Driver2 Allelic Imbalance,STRING,False,No
crc_dd_2022,P-0037971,P-0037971-T01-IM6,DRIVER2_CCF,Driver2 CCF,NUMBER,False,0.12
crc_dd_2022,P-0037971,P-0037971-T01-IM6,DRIVER2_CELLULAR_FRACTION,Driver2 Cellular Fraction,NUMBER,False,1.00
crc_dd_2022,P-0037971,P-0037971-T01-IM6,DRIVER2_CLONAL_CALL,Driver2 Clonal Call,STRING,False,Subclonal
crc_dd_2022,P-0037971,P-0037971-T01-IM6,DRIVER2_FACETS_PLOIDY_CALL,Driver2 Facets Ploidy Call,STRING,False,DIPLOID
crc_dd_2022,P-0037971,P-0037971-T01-IM6,DRIVER2_LCN,Driver2 LCN,STRING,False,1
crc_dd_2022,P-0037971,P-0037971-T01-IM6,DRIVER2_MUTATION,Driver2 Mutation,STRING,False,KRAS p.G12D
crc_dd_2022,P-0037971,P-0037971-T01-IM6,DRIVER2_TCN,Driver2 TCN,STRING,False,2
crc_dd_2022,P-0037971,P-0037971-T01-IM6,FRACTION_GENOME_ALTERED,Fraction Genome Altered,NUMBER,False,0.1928
crc_dd_2022,P-0037971,P-0037971-T01-IM6,GENOMIC_QC,Genomic QC,STRING,False,PASS
crc_dd_2022,P-0037971,P-0037971-T01-IM6,GROUP,Group,STRING,False,Clonal-Subclonal
crc_dd_2022,P-0037971,P-0037971-T01-IM6,HIGHEST_LEVEL_ONCOKB,Highest Level OncoKB,STRING,False,LEVEL_3B
crc_dd_2022,P-0037971,P-0037971-T01-IM6,MSI_SCORE,MSI Score,NUMBER,False,0.24
crc_dd_2022,P-0037971,P-0037971-T01-IM6,MSI_TYPE,MSI Type,STRING,False,Stable
crc_dd_2022,P-0037971,P-0037971-T01-IM6,MUTATION_COUNT,Mutation Count,NUMBER,False,8
crc_dd_2022,P-0037971,P-0037971-T01-IM6,ONCOTREE_CODE,Oncotree Code,STRING,False,COAD
crc_dd_2022,P-0037971,P-0037971-T01-IM6,PRIMARY_SITE,Primary Tumor Site,STRING,False,Colon
crc_dd_2022,P-0037971,P-0037971-T01-IM6,SAMPLE_COVERAGE,Sample coverage,NUMBER,False,799
crc_dd_2022,P-0037971,P-0037971-T01-IM6,SAMPLE_TYPE,Sample Type,STRING,False,Primary
crc_dd_2022,P-0037971,P-0037971-T01-IM6,TUMOR_LOCATION,Tumor Location (Proximal vs. Distal),STRING,False,Proximal
crc_dd_2022,P-0037971,P-0037971-T01-IM6,TUMOR_PURITY,Tumor Purity,NUMBER,False,40
crc_dd_2022,P-0037971,P-0037971-T01-IM6,WGD,WGD,STRING,False,FALSE
crc_dd_2022,P-0038290,P-0038290-T01-IM6,CANCER_TYPE,Cancer Type,STRING,False,Colorectal Cancer
crc_dd_2022,P-0038290,P-0038290-T01-IM6,CANCER_TYPE_DETAILED,Cancer Type Detailed,STRING,False,Colon Adenocarcinoma
crc_dd_2022,P-0038290,P-0038290-T01-IM6,CVR_TMB_SCORE,Impact TMB Score,NUMBER,False,5.3
crc_dd_2022,P-0038290,P-0038290-T01-IM6,DRIVER1_AI,Driver1 Allelic Imbalance,STRING,False,No
crc_dd_2022,P-0038290,P-0038290-T01-IM6,DRIVER1_CCF,Driver1 CCF,NUMBER,False,0.35
crc_dd_2022,P-0038290,P-0038290-T01-IM6,DRIVER1_CELLULAR_FRACTION,Driver1 Cellular Fraction,NUMBER,False,1.00
crc_dd_2022,P-0038290,P-0038290-T01-IM6,DRIVER1_CLONAL_CALL,Driver1 Clonal Call,STRING,False,Subclonal
crc_dd_2022,P-0038290,P-0038290-T01-IM6,DRIVER1_FACETS_PLOIDY_CALL,Driver1 Facets Ploidy Call,STRING,False,DIPLOID
crc_dd_2022,P-0038290,P-0038290-T01-IM6,DRIVER1_LCN,Driver1 LCN,STRING,False,1
crc_dd_2022,P-0038290,P-0038290-T01-IM6,DRIVER1_MUTATION,Driver1 Mutation,STRING,False,KRAS p.G12V
crc_dd_2022,P-0038290,P-0038290-T01-IM6,DRIVER1_TCN,Driver1 TCN,STRING,False,2
crc_dd_2022,P-0038290,P-0038290-T01-IM6,DRIVER2_AI,Driver2 Allelic Imbalance,STRING,False,No
crc_dd_2022,P-0038290,P-0038290-T01-IM6,DRIVER2_CCF,Driver2 CCF,NUMBER,False,0.25
crc_dd_2022,P-0038290,P-0038290-T01-IM6,DRIVER2_CELLULAR_FRACTION,Driver2 Cellular Fraction,NUMBER,False,1.00
crc_dd_2022,P-0038290,P-0038290-T01-IM6,DRIVER2_CLONAL_CALL,Driver2 Clonal Call,STRING,False,Subclonal
crc_dd_2022,P-0038290,P-0038290-T01-IM6,DRIVER2_FACETS_PLOIDY_CALL,Driver2 Facets Ploidy Call,STRING,False,DIPLOID
crc_dd_2022,P-0038290,P-0038290-T01-IM6,DRIVER2_LCN,Driver2 LCN,STRING,False,1
crc_dd_2022,P-0038290,P-0038290-T01-IM6,DRIVER2_MUTATION,Driver2 Mutation,STRING,False,KRAS p.G12C
crc_dd_2022,P-0038290,P-0038290-T01-IM6,DRIVER2_TCN,Driver2 TCN,STRING,False,2
crc_dd_2022,P-0038290,P-0038290-T01-IM6,FRACTION_GENOME_ALTERED,Fraction Genome Altered,NUMBER,False,0.0006
crc_dd_2022,P-0038290,P-0038290-T01-IM6,GENOMIC_QC,Genomic QC,STRING,False,PASS
crc_dd_2022,P-0038290,P-0038290-T01-IM6,GROUP,Group,STRING,False,Subclonal-Subclonal
crc_dd_2022,P-0038290,P-0038290-T01-IM6,HIGHEST_LEVEL_ONCOKB,Highest Level OncoKB,STRING,False,LEVEL_3B
crc_dd_2022,P-0038290,P-0038290-T01-IM6,MSI_SCORE,MSI Score,NUMBER,False,0
crc_dd_2022,P-0038290,P-0038290-T01-IM6,MSI_TYPE,MSI Type,STRING,False,Stable
crc_dd_2022,P-0038290,P-0038290-T01-IM6,MUTATION_COUNT,Mutation Count,NUMBER,False,6
crc_dd_2022,P-0038290,P-0038290-T01-IM6,ONCOTREE_CODE,Oncotree Code,STRING,False,COAD
crc_dd_2022,P-0038290,P-0038290-T01-IM6,PRIMARY_SITE,Primary Tumor Site,STRING,False,Rectum
crc_dd_2022,P-0038290,P-0038290-T01-IM6,SAMPLE_COVERAGE,Sample coverage,NUMBER,False,692
crc_dd_2022,P-0038290,P-0038290-T01-IM6,SAMPLE_TYPE,Sample Type,STRING,False,Primary
crc_dd_2022,P-0038290,P-0038290-T01-IM6,TUMOR_LOCATION,Tumor Location (Proximal vs. Distal),STRING,False,Distal
crc_dd_2022,P-0038290,P-0038290-T01-IM6,TUMOR_PURITY,Tumor Purity,NUMBER,False,20
crc_dd_2022,P-0038290,P-0038290-T01-IM6,WGD,WGD,STRING,False,FALSE
crc_dd_2022,P-0038423,P-0038423-T01-IM6,CANCER_TYPE,Cancer Type,STRING,False,Colorectal Cancer
crc_dd_2022,P-0038423,P-0038423-T01-IM6,CANCER_TYPE_DETAILED,Cancer Type Detailed,STRING,False,Colon Adenocarcinoma
crc_dd_2022,P-0038423,P-0038423-T01-IM6,CVR_TMB_SCORE,Impact TMB Score,NUMBER,False,9.7
crc_dd_2022,P-0038423,P-0038423-T01-IM6,DRIVER1_AI,Driver1 Allelic Imbalance,STRING,False,No
crc_dd_2022,P-0038423,P-0038423-T01-IM6,DRIVER1_CCF,Driver1 CCF,NUMBER,False,1.00
crc_dd_2022,P-0038423,P-0038423-T01-IM6,DRIVER1_CELLULAR_FRACTION,Driver1 Cellular Fraction,NUMBER,False,1.00
crc_dd_2022,P-0038423,P-0038423-T01-IM6,DRIVER1_CLONAL_CALL,Driver1 Clonal Call,STRING,False,Clonal
crc_dd_2022,P-0038423,P-0038423-T01-IM6,DRIVER1_EXPECTED_MUTANT_COPIES,Driver1 Expected Mutant Copies,NUMBER,False,1.21
crc_dd_2022,P-0038423,P-0038423-T01-IM6,DRIVER1_FACETS_PLOIDY_CALL,Driver1 Facets Ploidy Call,STRING,False,DIPLOID
crc_dd_2022,P-0038423,P-0038423-T01-IM6,DRIVER1_LCN,Driver1 LCN,STRING,False,1
crc_dd_2022,P-0038423,P-0038423-T01-IM6,DRIVER1_MUTATION,Driver1 Mutation,STRING,False,NRAS p.G13V
crc_dd_2022,P-0038423,P-0038423-T01-IM6,DRIVER1_TCN,Driver1 TCN,STRING,False,2
crc_dd_2022,P-0038423,P-0038423-T01-IM6,DRIVER2_AI,Driver2 Allelic Imbalance,STRING,False,No
crc_dd_2022,P-0038423,P-0038423-T01-IM6,DRIVER2_CCF,Driver2 CCF,NUMBER,False,1.00
crc_dd_2022,P-0038423,P-0038423-T01-IM6,DRIVER2_CELLULAR_FRACTION,Driver2 Cellular Fraction,NUMBER,False,1.00
crc_dd_2022,P-0038423,P-0038423-T01-IM6,DRIVER2_CLONAL_CALL,Driver2 Clonal Call,STRING,False,Clonal
crc_dd_2022,P-0038423,P-0038423-T01-IM6,DRIVER2_EXPECTED_MUTANT_COPIES,Driver2 Expected Mutant Copies,NUMBER,False,1.05
crc_dd_2022,P-0038423,P-0038423-T01-IM6,DRIVER2_FACETS_PLOIDY_CALL,Driver2 Facets Ploidy Call,STRING,False,DIPLOID
crc_dd_2022,P-0038423,P-0038423-T01-IM6,DRIVER2_LCN,Driver2 LCN,STRING,False,1
crc_dd_2022,P-0038423,P-0038423-T01-IM6,DRIVER2_MUTATION,Driver2 Mutation,STRING,False,NRAS p.G12V
crc_dd_2022,P-0038423,P-0038423-T01-IM6,DRIVER2_TCN,Driver2 TCN,STRING,False,2
crc_dd_2022,P-0038423,P-0038423-T01-IM6,FRACTION_GENOME_ALTERED,Fraction Genome Altered,NUMBER,False,0.1673
crc_dd_2022,P-0038423,P-0038423-T01-IM6,GENOMIC_QC,Genomic QC,STRING,False,PASS
crc_dd_2022,P-0038423,P-0038423-T01-IM6,GROUP,Group,STRING,False,Clonal-Clonal
crc_dd_2022,P-0038423,P-0038423-T01-IM6,HIGHEST_LEVEL_ONCOKB,Highest Level OncoKB,STRING,False,LEVEL_3B
crc_dd_2022,P-0038423,P-0038423-T01-IM6,MSI_SCORE,MSI Score,NUMBER,False,0.32
crc_dd_2022,P-0038423,P-0038423-T01-IM6,MSI_TYPE,MSI Type,STRING,False,Stable
crc_dd_2022,P-0038423,P-0038423-T01-IM6,MUTATION_COUNT,Mutation Count,NUMBER,False,11
crc_dd_2022,P-0038423,P-0038423-T01-IM6,ONCOTREE_CODE,Oncotree Code,STRING,False,COAD
crc_dd_2022,P-0038423,P-0038423-T01-IM6,PRIMARY_SITE,Primary Tumor Site,STRING,False,Ascending Colon
crc_dd_2022,P-0038423,P-0038423-T01-IM6,SAMPLE_COVERAGE,Sample coverage,NUMBER,False,773
crc_dd_2022,P-0038423,P-0038423-T01-IM6,SAMPLE_TYPE,Sample Type,STRING,False,Primary
crc_dd_2022,P-0038423,P-0038423-T01-IM6,TUMOR_LOCATION,Tumor Location (Proximal vs. Distal),STRING,False,Proximal
crc_dd_2022,P-0038423,P-0038423-T01-IM6,TUMOR_PURITY,Tumor Purity,NUMBER,False,50
crc_dd_2022,P-0038423,P-0038423-T01-IM6,WGD,WGD,STRING,False,FALSE
crc_dd_2022,P-0038548,P-0038548-T01-IM6,CANCER_TYPE,Cancer Type,STRING,False,Colorectal Cancer
crc_dd_2022,P-0038548,P-0038548-T01-IM6,CANCER_TYPE_DETAILED,Cancer Type Detailed,STRING,False,Rectal Adenocarcinoma
crc_dd_2022,P-0038548,P-0038548-T01-IM6,CVR_TMB_SCORE,Impact TMB Score,NUMBER,False,15.8
crc_dd_2022,P-0038548,P-0038548-T01-IM6,DRIVER1_AI,Driver1 Allelic Imbalance,STRING,False,Yes
crc_dd_2022,P-0038548,P-0038548-T01-IM6,DRIVER1_CCF,Driver1 CCF,NUMBER,False,0.85
crc_dd_2022,P-0038548,P-0038548-T01-IM6,DRIVER1_CELLULAR_FRACTION,Driver1 Cellular Fraction,NUMBER,False,0.25
crc_dd_2022,P-0038548,P-0038548-T01-IM6,DRIVER1_CLONAL_CALL,Driver1 Clonal Call,STRING,False,Clonal
crc_dd_2022,P-0038548,P-0038548-T01-IM6,DRIVER1_FACETS_PLOIDY_CALL,Driver1 Facets Ploidy Call,STRING,False,LOSS AFTER
crc_dd_2022,P-0038548,P-0038548-T01-IM6,DRIVER1_LCN,Driver1 LCN,STRING,False,1
crc_dd_2022,P-0038548,P-0038548-T01-IM6,DRIVER1_MUTATION,Driver1 Mutation,STRING,False,KRAS p.G13D
crc_dd_2022,P-0038548,P-0038548-T01-IM6,DRIVER1_TCN,Driver1 TCN,STRING,False,3
crc_dd_2022,P-0038548,P-0038548-T01-IM6,DRIVER2_AI,Driver2 Allelic Imbalance,STRING,False,Yes
crc_dd_2022,P-0038548,P-0038548-T01-IM6,DRIVER2_CCF,Driver2 CCF,NUMBER,False,0.80
crc_dd_2022,P-0038548,P-0038548-T01-IM6,DRIVER2_CELLULAR_FRACTION,Driver2 Cellular Fraction,NUMBER,False,0.25
crc_dd_2022,P-0038548,P-0038548-T01-IM6,DRIVER2_CLONAL_CALL,Driver2 Clonal Call,STRING,False,Clonal
crc_dd_2022,P-0038548,P-0038548-T01-IM6,DRIVER2_FACETS_PLOIDY_CALL,Driver2 Facets Ploidy Call,STRING,False,LOSS AFTER
crc_dd_2022,P-0038548,P-0038548-T01-IM6,DRIVER2_LCN,Driver2 LCN,STRING,False,1
crc_dd_2022,P-0038548,P-0038548-T01-IM6,DRIVER2_MUTATION,Driver2 Mutation,STRING,False,KRAS p.G12D
crc_dd_2022,P-0038548,P-0038548-T01-IM6,DRIVER2_TCN,Driver2 TCN,STRING,False,3
crc_dd_2022,P-0038548,P-0038548-T01-IM6,FRACTION_GENOME_ALTERED,Fraction Genome Altered,NUMBER,False,0.2841
crc_dd_2022,P-0038548,P-0038548-T01-IM6,GENOMIC_QC,Genomic QC,STRING,False,PASS
crc_dd_2022,P-0038548,P-0038548-T01-IM6,GROUP,Group,STRING,False,Clonal-Clonal
crc_dd_2022,P-0038548,P-0038548-T01-IM6,HIGHEST_LEVEL_ONCOKB,Highest Level OncoKB,STRING,False,LEVEL_4
crc_dd_2022,P-0038548,P-0038548-T01-IM6,MSI_SCORE,MSI Score,NUMBER,False,0.06
crc_dd_2022,P-0038548,P-0038548-T01-IM6,MSI_TYPE,MSI Type,STRING,False,Stable
crc_dd_2022,P-0038548,P-0038548-T01-IM6,MUTATION_COUNT,Mutation Count,NUMBER,False,18
crc_dd_2022,P-0038548,P-0038548-T01-IM6,ONCOTREE_CODE,Oncotree Code,STRING,False,READ
crc_dd_2022,P-0038548,P-0038548-T01-IM6,PRIMARY_SITE,Primary Tumor Site,STRING,False,Rectum
crc_dd_2022,P-0038548,P-0038548-T01-IM6,SAMPLE_COVERAGE,Sample coverage,NUMBER,False,594
crc_dd_2022,P-0038548,P-0038548-T01-IM6,SAMPLE_TYPE,Sample Type,STRING,False,Primary
crc_dd_2022,P-0038548,P-0038548-T01-IM6,TUMOR_LOCATION,Tumor Location (Proximal vs. Distal),STRING,False,Distal
crc_dd_2022,P-0038548,P-0038548-T01-IM6,TUMOR_PURITY,Tumor Purity,NUMBER,False,30
crc_dd_2022,P-0038548,P-0038548-T01-IM6,WGD,WGD,STRING,False,TRUE
crc_dd_2022,P-0040460,P-0040460-T01-IM6,CANCER_TYPE,Cancer Type,STRING,False,Colorectal Cancer
crc_dd_2022,P-0040460,P-0040460-T01-IM6,CANCER_TYPE_DETAILED,Cancer Type Detailed,STRING,False,Colon Adenocarcinoma
crc_dd_2022,P-0040460,P-0040460-T01-IM6,CVR_TMB_SCORE,Impact TMB Score,NUMBER,False,6.1
crc_dd_2022,P-0040460,P-0040460-T01-IM6,DRIVER1_AI,Driver1 Allelic Imbalance,STRING,False,Yes
crc_dd_2022,P-0040460,P-0040460-T01-IM6,DRIVER1_CCF,Driver1 CCF,NUMBER,False,1.00
crc_dd_2022,P-0040460,P-0040460-T01-IM6,DRIVER1_CELLULAR_FRACTION,Driver1 Cellular Fraction,NUMBER,False,0.38
crc_dd_2022,P-0040460,P-0040460-T01-IM6,DRIVER1_CLONAL_CALL,Driver1 Clonal Call,STRING,False,Clonal
crc_dd_2022,P-0040460,P-0040460-T01-IM6,DRIVER1_EXPECTED_MUTANT_COPIES,Driver1 Expected Mutant Copies,NUMBER,False,2.36
crc_dd_2022,P-0040460,P-0040460-T01-IM6,DRIVER1_FACETS_PLOIDY_CALL,Driver1 Facets Ploidy Call,STRING,False,CNLOH
crc_dd_2022,P-0040460,P-0040460-T01-IM6,DRIVER1_LCN,Driver1 LCN,STRING,False,0
crc_dd_2022,P-0040460,P-0040460-T01-IM6,DRIVER1_MUTATION,Driver1 Mutation,STRING,False,KRAS p.G13D
crc_dd_2022,P-0040460,P-0040460-T01-IM6,DRIVER1_TCN,Driver1 TCN,STRING,False,2
crc_dd_2022,P-0040460,P-0040460-T01-IM6,DRIVER2_AI,Driver2 Allelic Imbalance,STRING,False,Yes
crc_dd_2022,P-0040460,P-0040460-T01-IM6,DRIVER2_CCF,Driver2 CCF,NUMBER,False,0.11
crc_dd_2022,P-0040460,P-0040460-T01-IM6,DRIVER2_CELLULAR_FRACTION,Driver2 Cellular Fraction,NUMBER,False,0.38
crc_dd_2022,P-0040460,P-0040460-T01-IM6,DRIVER2_CLONAL_CALL,Driver2 Clonal Call,STRING,False,Subclonal
crc_dd_2022,P-0040460,P-0040460-T01-IM6,DRIVER2_FACETS_PLOIDY_CALL,Driver2 Facets Ploidy Call,STRING,False,CNLOH
crc_dd_2022,P-0040460,P-0040460-T01-IM6,DRIVER2_LCN,Driver2 LCN,STRING,False,0
crc_dd_2022,P-0040460,P-0040460-T01-IM6,DRIVER2_MUTATION,Driver2 Mutation,STRING,False,KRAS p.G12C
crc_dd_2022,P-0040460,P-0040460-T01-IM6,DRIVER2_TCN,Driver2 TCN,STRING,False,2
crc_dd_2022,P-0040460,P-0040460-T01-IM6,FRACTION_GENOME_ALTERED,Fraction Genome Altered,NUMBER,False,0.1429
crc_dd_2022,P-0040460,P-0040460-T01-IM6,GENOMIC_QC,Genomic QC,STRING,False,PASS
crc_dd_2022,P-0040460,P-0040460-T01-IM6,GROUP,Group,STRING,False,Clonal-Subclonal
crc_dd_2022,P-0040460,P-0040460-T01-IM6,HIGHEST_LEVEL_ONCOKB,Highest Level OncoKB,STRING,False,LEVEL_3B
crc_dd_2022,P-0040460,P-0040460-T01-IM6,MSI_SCORE,MSI Score,NUMBER,False,0
crc_dd_2022,P-0040460,P-0040460-T01-IM6,MSI_TYPE,MSI Type,STRING,False,Stable
crc_dd_2022,P-0040460,P-0040460-T01-IM6,MUTATION_COUNT,Mutation Count,NUMBER,False,7
crc_dd_2022,P-0040460,P-0040460-T01-IM6,ONCOTREE_CODE,Oncotree Code,STRING,False,COAD
crc_dd_2022,P-0040460,P-0040460-T01-IM6,PRIMARY_SITE,Primary Tumor Site,STRING,False,Colon
crc_dd_2022,P-0040460,P-0040460-T01-IM6,SAMPLE_COVERAGE,Sample coverage,NUMBER,False,690
crc_dd_2022,P-0040460,P-0040460-T01-IM6,SAMPLE_TYPE,Sample Type,STRING,False,Primary
crc_dd_2022,P-0040460,P-0040460-T01-IM6,TUMOR_LOCATION,Tumor Location (Proximal vs. Distal),STRING,False,Proximal
crc_dd_2022,P-0040460,P-0040460-T01-IM6,TUMOR_PURITY,Tumor Purity,NUMBER,False,20
crc_dd_2022,P-0040460,P-0040460-T01-IM6,WGD,WGD,STRING,False,FALSE
crc_dd_2022,P-0040508,P-0040508-T01-IM6,CANCER_TYPE,Cancer Type,STRING,False,Colorectal Cancer
crc_dd_2022,P-0040508,P-0040508-T01-IM6,CANCER_TYPE_DETAILED,Cancer Type Detailed,STRING,False,Rectal Adenocarcinoma
crc_dd_2022,P-0040508,P-0040508-T01-IM6,CVR_TMB_SCORE,Impact TMB Score,NUMBER,False,9.7
crc_dd_2022,P-0040508,P-0040508-T01-IM6,DRIVER1_AI,Driver1 Allelic Imbalance,STRING,False,No
crc_dd_2022,P-0040508,P-0040508-T01-IM6,DRIVER1_CCF,Driver1 CCF,NUMBER,False,0.86
crc_dd_2022,P-0040508,P-0040508-T01-IM6,DRIVER1_CELLULAR_FRACTION,Driver1 Cellular Fraction,NUMBER,False,1.00
crc_dd_2022,P-0040508,P-0040508-T01-IM6,DRIVER1_CLONAL_CALL,Driver1 Clonal Call,STRING,False,Clonal
crc_dd_2022,P-0040508,P-0040508-T01-IM6,DRIVER1_EXPECTED_MUTANT_COPIES,Driver1 Expected Mutant Copies,NUMBER,False,0.86
crc_dd_2022,P-0040508,P-0040508-T01-IM6,DRIVER1_FACETS_PLOIDY_CALL,Driver1 Facets Ploidy Call,STRING,False,DIPLOID
crc_dd_2022,P-0040508,P-0040508-T01-IM6,DRIVER1_LCN,Driver1 LCN,STRING,False,1
crc_dd_2022,P-0040508,P-0040508-T01-IM6,DRIVER1_MUTATION,Driver1 Mutation,STRING,False,KRAS p.G12V
crc_dd_2022,P-0040508,P-0040508-T01-IM6,DRIVER1_TCN,Driver1 TCN,STRING,False,2
crc_dd_2022,P-0040508,P-0040508-T01-IM6,DRIVER2_AI,Driver2 Allelic Imbalance,STRING,False,No
crc_dd_2022,P-0040508,P-0040508-T01-IM6,DRIVER2_CCF,Driver2 CCF,NUMBER,False,0.52
crc_dd_2022,P-0040508,P-0040508-T01-IM6,DRIVER2_CELLULAR_FRACTION,Driver2 Cellular Fraction,NUMBER,False,1.00
crc_dd_2022,P-0040508,P-0040508-T01-IM6,DRIVER2_CLONAL_CALL,Driver2 Clonal Call,STRING,False,Subclonal
crc_dd_2022,P-0040508,P-0040508-T01-IM6,DRIVER2_FACETS_PLOIDY_CALL,Driver2 Facets Ploidy Call,STRING,False,DIPLOID
crc_dd_2022,P-0040508,P-0040508-T01-IM6,DRIVER2_LCN,Driver2 LCN,STRING,False,1
crc_dd_2022,P-0040508,P-0040508-T01-IM6,DRIVER2_MUTATION,Driver2 Mutation,STRING,False,KRAS p.A146T
crc_dd_2022,P-0040508,P-0040508-T01-IM6,DRIVER2_TCN,Driver2 TCN,STRING,False,2
crc_dd_2022,P-0040508,P-0040508-T01-IM6,FRACTION_GENOME_ALTERED,Fraction Genome Altered,NUMBER,False,0.1246
crc_dd_2022,P-0040508,P-0040508-T01-IM6,GENOMIC_QC,Genomic QC,STRING,False,PASS
crc_dd_2022,P-0040508,P-0040508-T01-IM6,GROUP,Group,STRING,False,Subclonal-Clonal
crc_dd_2022,P-0040508,P-0040508-T01-IM6,HIGHEST_LEVEL_ONCOKB,Highest Level OncoKB,STRING,False,LEVEL_4
crc_dd_2022,P-0040508,P-0040508-T01-IM6,MSI_SCORE,MSI Score,NUMBER,False,0.05
crc_dd_2022,P-0040508,P-0040508-T01-IM6,MSI_TYPE,MSI Type,STRING,False,Stable
crc_dd_2022,P-0040508,P-0040508-T01-IM6,MUTATION_COUNT,Mutation Count,NUMBER,False,11
crc_dd_2022,P-0040508,P-0040508-T01-IM6,ONCOTREE_CODE,Oncotree Code,STRING,False,READ
crc_dd_2022,P-0040508,P-0040508-T01-IM6,PRIMARY_SITE,Primary Tumor Site,STRING,False,Rectum
crc_dd_2022,P-0040508,P-0040508-T01-IM6,SAMPLE_COVERAGE,Sample coverage,NUMBER,False,647
crc_dd_2022,P-0040508,P-0040508-T01-IM6,SAMPLE_TYPE,Sample Type,STRING,False,Primary
crc_dd_2022,P-0040508,P-0040508-T01-IM6,TUMOR_LOCATION,Tumor Location (Proximal vs. Distal),STRING,False,Distal
crc_dd_2022,P-0040508,P-0040508-T01-IM6,TUMOR_PURITY,Tumor Purity,NUMBER,False,30
crc_dd_2022,P-0040508,P-0040508-T01-IM6,WGD,WGD,STRING,False,FALSE
crc_dd_2022,P-0040977,P-0040977-T01-IM6,CANCER_TYPE,Cancer Type,STRING,False,Colorectal Cancer
crc_dd_2022,P-0040977,P-0040977-T01-IM6,CANCER_TYPE_DETAILED,Cancer Type Detailed,STRING,False,Rectal Adenocarcinoma
crc_dd_2022,P-0040977,P-0040977-T01-IM6,CVR_TMB_SCORE,Impact TMB Score,NUMBER,False,11.4
crc_dd_2022,P-0040977,P-0040977-T01-IM6,DRIVER1_AI,Driver1 Allelic Imbalance,STRING,False,No
crc_dd_2022,P-0040977,P-0040977-T01-IM6,DRIVER1_CCF,Driver1 CCF,NUMBER,False,1
crc_dd_2022,P-0040977,P-0040977-T01-IM6,DRIVER1_CELLULAR_FRACTION,Driver1 Cellular Fraction,NUMBER,False,1.00
crc_dd_2022,P-0040977,P-0040977-T01-IM6,DRIVER1_CLONAL_CALL,Driver1 Clonal Call,STRING,False,Clonal
crc_dd_2022,P-0040977,P-0040977-T01-IM6,DRIVER1_EXPECTED_MUTANT_COPIES,Driver1 Expected Mutant Copies,NUMBER,False,1.20
crc_dd_2022,P-0040977,P-0040977-T01-IM6,DRIVER1_FACETS_PLOIDY_CALL,Driver1 Facets Ploidy Call,STRING,False,DIPLOID
crc_dd_2022,P-0040977,P-0040977-T01-IM6,DRIVER1_LCN,Driver1 LCN,STRING,False,1
crc_dd_2022,P-0040977,P-0040977-T01-IM6,DRIVER1_MUTATION,Driver1 Mutation,STRING,False,KRAS p.G12S
crc_dd_2022,P-0040977,P-0040977-T01-IM6,DRIVER1_TCN,Driver1 TCN,STRING,False,2
crc_dd_2022,P-0040977,P-0040977-T01-IM6,DRIVER2_AI,Driver2 Allelic Imbalance,STRING,False,No
crc_dd_2022,P-0040977,P-0040977-T01-IM6,DRIVER2_CCF,Driver2 CCF,NUMBER,False,0.47
crc_dd_2022,P-0040977,P-0040977-T01-IM6,DRIVER2_CELLULAR_FRACTION,Driver2 Cellular Fraction,NUMBER,False,1.00
crc_dd_2022,P-0040977,P-0040977-T01-IM6,DRIVER2_CLONAL_CALL,Driver2 Clonal Call,STRING,False,Subclonal
crc_dd_2022,P-0040977,P-0040977-T01-IM6,DRIVER2_FACETS_PLOIDY_CALL,Driver2 Facets Ploidy Call,STRING,False,DIPLOID
crc_dd_2022,P-0040977,P-0040977-T01-IM6,DRIVER2_LCN,Driver2 LCN,STRING,False,1
crc_dd_2022,P-0040977,P-0040977-T01-IM6,DRIVER2_MUTATION,Driver2 Mutation,STRING,False,KRAS p.G12D
crc_dd_2022,P-0040977,P-0040977-T01-IM6,DRIVER2_TCN,Driver2 TCN,STRING,False,2
crc_dd_2022,P-0040977,P-0040977-T01-IM6,FRACTION_GENOME_ALTERED,Fraction Genome Altered,NUMBER,False,0.0137
crc_dd_2022,P-0040977,P-0040977-T01-IM6,GENOMIC_QC,Genomic QC,STRING,False,PASS
crc_dd_2022,P-0040977,P-0040977-T01-IM6,GROUP,Group,STRING,False,Subclonal-Clonal
crc_dd_2022,P-0040977,P-0040977-T01-IM6,HIGHEST_LEVEL_ONCOKB,Highest Level OncoKB,STRING,False,LEVEL_4
crc_dd_2022,P-0040977,P-0040977-T01-IM6,MSI_SCORE,MSI Score,NUMBER,False,0
crc_dd_2022,P-0040977,P-0040977-T01-IM6,MSI_TYPE,MSI Type,STRING,False,Stable
crc_dd_2022,P-0040977,P-0040977-T01-IM6,MUTATION_COUNT,Mutation Count,NUMBER,False,13
crc_dd_2022,P-0040977,P-0040977-T01-IM6,ONCOTREE_CODE,Oncotree Code,STRING,False,READ
crc_dd_2022,P-0040977,P-0040977-T01-IM6,PRIMARY_SITE,Primary Tumor Site,STRING,False,Rectum
crc_dd_2022,P-0040977,P-0040977-T01-IM6,SAMPLE_COVERAGE,Sample coverage,NUMBER,False,666
crc_dd_2022,P-0040977,P-0040977-T01-IM6,SAMPLE_TYPE,Sample Type,STRING,False,Primary
crc_dd_2022,P-0040977,P-0040977-T01-IM6,TUMOR_LOCATION,Tumor Location (Proximal vs. Distal),STRING,False,Distal
crc_dd_2022,P-0040977,P-0040977-T01-IM6,TUMOR_PURITY,Tumor Purity,NUMBER,False,20
crc_dd_2022,P-0040977,P-0040977-T01-IM6,WGD,WGD,STRING,False,FALSE
crc_dd_2022,P-0041323,P-0041323-T01-IM6,CANCER_TYPE,Cancer Type,STRING,False,Colorectal Cancer
crc_dd_2022,P-0041323,P-0041323-T01-IM6,CANCER_TYPE_DETAILED,Cancer Type Detailed,STRING,False,Colon Adenocarcinoma
crc_dd_2022,P-0041323,P-0041323-T01-IM6,CVR_TMB_SCORE,Impact TMB Score,NUMBER,False,7
crc_dd_2022,P-0041323,P-0041323-T01-IM6,DRIVER1_AI,Driver1 Allelic Imbalance,STRING,False,No
crc_dd_2022,P-0041323,P-0041323-T01-IM6,DRIVER1_CCF,Driver1 CCF,NUMBER,False,0.60
crc_dd_2022,P-0041323,P-0041323-T01-IM6,DRIVER1_CELLULAR_FRACTION,Driver1 Cellular Fraction,NUMBER,False,1.00
crc_dd_2022,P-0041323,P-0041323-T01-IM6,DRIVER1_CLONAL_CALL,Driver1 Clonal Call,STRING,False,Subclonal
crc_dd_2022,P-0041323,P-0041323-T01-IM6,DRIVER1_FACETS_PLOIDY_CALL,Driver1 Facets Ploidy Call,STRING,False,DIPLOID
crc_dd_2022,P-0041323,P-0041323-T01-IM6,DRIVER1_LCN,Driver1 LCN,STRING,False,1
crc_dd_2022,P-0041323,P-0041323-T01-IM6,DRIVER1_MUTATION,Driver1 Mutation,STRING,False,KRAS p.A146T
crc_dd_2022,P-0041323,P-0041323-T01-IM6,DRIVER1_TCN,Driver1 TCN,STRING,False,2
crc_dd_2022,P-0041323,P-0041323-T01-IM6,DRIVER2_AI,Driver2 Allelic Imbalance,STRING,False,No
crc_dd_2022,P-0041323,P-0041323-T01-IM6,DRIVER2_CCF,Driver2 CCF,NUMBER,False,0.26
crc_dd_2022,P-0041323,P-0041323-T01-IM6,DRIVER2_CELLULAR_FRACTION,Driver2 Cellular Fraction,NUMBER,False,1.00
crc_dd_2022,P-0041323,P-0041323-T01-IM6,DRIVER2_CLONAL_CALL,Driver2 Clonal Call,STRING,False,Subclonal
crc_dd_2022,P-0041323,P-0041323-T01-IM6,DRIVER2_FACETS_PLOIDY_CALL,Driver2 Facets Ploidy Call,STRING,False,DIPLOID
crc_dd_2022,P-0041323,P-0041323-T01-IM6,DRIVER2_LCN,Driver2 LCN,STRING,False,1
crc_dd_2022,P-0041323,P-0041323-T01-IM6,DRIVER2_MUTATION,Driver2 Mutation,STRING,False,NRAS p.Q61K
crc_dd_2022,P-0041323,P-0041323-T01-IM6,DRIVER2_TCN,Driver2 TCN,STRING,False,2
crc_dd_2022,P-0041323,P-0041323-T01-IM6,FRACTION_GENOME_ALTERED,Fraction Genome Altered,NUMBER,False,0.0513
crc_dd_2022,P-0041323,P-0041323-T01-IM6,GENOMIC_QC,Genomic QC,STRING,False,PASS
crc_dd_2022,P-0041323,P-0041323-T01-IM6,GROUP,Group,STRING,False,Subclonal-Subclonal
crc_dd_2022,P-0041323,P-0041323-T01-IM6,HIGHEST_LEVEL_ONCOKB,Highest Level OncoKB,STRING,False,LEVEL_3B
crc_dd_2022,P-0041323,P-0041323-T01-IM6,MSI_SCORE,MSI Score,NUMBER,False,0
crc_dd_2022,P-0041323,P-0041323-T01-IM6,MSI_TYPE,MSI Type,STRING,False,Stable
crc_dd_2022,P-0041323,P-0041323-T01-IM6,MUTATION_COUNT,Mutation Count,NUMBER,False,8
crc_dd_2022,P-0041323,P-0041323-T01-IM6,ONCOTREE_CODE,Oncotree Code,STRING,False,COAD
crc_dd_2022,P-0041323,P-0041323-T01-IM6,PRIMARY_SITE,Primary Tumor Site,STRING,False,Cecum
crc_dd_2022,P-0041323,P-0041323-T01-IM6,SAMPLE_COVERAGE,Sample coverage,NUMBER,False,502
crc_dd_2022,P-0041323,P-0041323-T01-IM6,SAMPLE_TYPE,Sample Type,STRING,False,Primary
crc_dd_2022,P-0041323,P-0041323-T01-IM6,TUMOR_LOCATION,Tumor Location (Proximal vs. Distal),STRING,False,Proximal
crc_dd_2022,P-0041323,P-0041323-T01-IM6,TUMOR_PURITY,Tumor Purity,NUMBER,False,60
crc_dd_2022,P-0041323,P-0041323-T01-IM6,WGD,WGD,STRING,False,FALSE
crc_dd_2022,P-0043371,P-0043371-T01-IM6,CANCER_TYPE,Cancer Type,STRING,False,Colorectal Cancer
crc_dd_2022,P-0043371,P-0043371-T01-IM6,CANCER_TYPE_DETAILED,Cancer Type Detailed,STRING,False,Colon Adenocarcinoma
crc_dd_2022,P-0043371,P-0043371-T01-IM6,CVR_TMB_SCORE,Impact TMB Score,NUMBER,False,10.5
crc_dd_2022,P-0043371,P-0043371-T01-IM6,DRIVER1_AI,Driver1 Allelic Imbalance,STRING,False,Yes
crc_dd_2022,P-0043371,P-0043371-T01-IM6,DRIVER1_CCF,Driver1 CCF,NUMBER,False,1.00
crc_dd_2022,P-0043371,P-0043371-T01-IM6,DRIVER1_CELLULAR_FRACTION,Driver1 Cellular Fraction,NUMBER,False,0.45
crc_dd_2022,P-0043371,P-0043371-T01-IM6,DRIVER1_CLONAL_CALL,Driver1 Clonal Call,STRING,False,Clonal
crc_dd_2022,P-0043371,P-0043371-T01-IM6,DRIVER1_EXPECTED_MUTANT_COPIES,Driver1 Expected Mutant Copies,NUMBER,False,1.26
crc_dd_2022,P-0043371,P-0043371-T01-IM6,DRIVER1_FACETS_PLOIDY_CALL,Driver1 Facets Ploidy Call,STRING,False,LOSS AFTER
crc_dd_2022,P-0043371,P-0043371-T01-IM6,DRIVER1_LCN,Driver1 LCN,STRING,False,1
crc_dd_2022,P-0043371,P-0043371-T01-IM6,DRIVER1_MUTATION,Driver1 Mutation,STRING,False,NRAS p.G13V
crc_dd_2022,P-0043371,P-0043371-T01-IM6,DRIVER1_TCN,Driver1 TCN,STRING,False,3
crc_dd_2022,P-0043371,P-0043371-T01-IM6,DRIVER2_AI,Driver2 Allelic Imbalance,STRING,False,Yes
crc_dd_2022,P-0043371,P-0043371-T01-IM6,DRIVER2_CCF,Driver2 CCF,NUMBER,False,0.78
crc_dd_2022,P-0043371,P-0043371-T01-IM6,DRIVER2_CELLULAR_FRACTION,Driver2 Cellular Fraction,NUMBER,False,0.53
crc_dd_2022,P-0043371,P-0043371-T01-IM6,DRIVER2_CLONAL_CALL,Driver2 Clonal Call,STRING,False,Subclonal
crc_dd_2022,P-0043371,P-0043371-T01-IM6,DRIVER2_FACETS_PLOIDY_CALL,Driver2 Facets Ploidy Call,STRING,False,LOSS AFTER
crc_dd_2022,P-0043371,P-0043371-T01-IM6,DRIVER2_LCN,Driver2 LCN,STRING,False,1
crc_dd_2022,P-0043371,P-0043371-T01-IM6,DRIVER2_MUTATION,Driver2 Mutation,STRING,False,KRAS p.G12D
crc_dd_2022,P-0043371,P-0043371-T01-IM6,DRIVER2_TCN,Driver2 TCN,STRING,False,3
crc_dd_2022,P-0043371,P-0043371-T01-IM6,FRACTION_GENOME_ALTERED,Fraction Genome Altered,NUMBER,False,0.1389
crc_dd_2022,P-0043371,P-0043371-T01-IM6,GENOMIC_QC,Genomic QC,STRING,False,PASS
crc_dd_2022,P-0043371,P-0043371-T01-IM6,GROUP,Group,STRING,False,Clonal-Subclonal
crc_dd_2022,P-0043371,P-0043371-T01-IM6,HIGHEST_LEVEL_ONCOKB,Highest Level OncoKB,STRING,False,LEVEL_3B
crc_dd_2022,P-0043371,P-0043371-T01-IM6,MSI_SCORE,MSI Score,NUMBER,False,0.39
crc_dd_2022,P-0043371,P-0043371-T01-IM6,MSI_TYPE,MSI Type,STRING,False,Stable
crc_dd_2022,P-0043371,P-0043371-T01-IM6,MUTATION_COUNT,Mutation Count,NUMBER,False,12
crc_dd_2022,P-0043371,P-0043371-T01-IM6,ONCOTREE_CODE,Oncotree Code,STRING,False,COAD
crc_dd_2022,P-0043371,P-0043371-T01-IM6,PRIMARY_SITE,Primary Tumor Site,STRING,False,Ascending Colon
crc_dd_2022,P-0043371,P-0043371-T01-IM6,SAMPLE_COVERAGE,Sample coverage,NUMBER,False,712
crc_dd_2022,P-0043371,P-0043371-T01-IM6,SAMPLE_TYPE,Sample Type,STRING,False,Primary
crc_dd_2022,P-0043371,P-0043371-T01-IM6,TUMOR_LOCATION,Tumor Location (Proximal vs. Distal),STRING,False,Proximal
crc_dd_2022,P-0043371,P-0043371-T01-IM6,TUMOR_PURITY,Tumor Purity,NUMBER,False,60
crc_dd_2022,P-0043371,P-0043371-T01-IM6,WGD,WGD,STRING,False,TRUE
crc_dd_2022,P-0039163,P-0039163-T03-IM6,CANCER_TYPE,Cancer Type,STRING,False,Colorectal Cancer
crc_dd_2022,P-0039163,P-0039163-T03-IM6,CANCER_TYPE_DETAILED,Cancer Type Detailed,STRING,False,Colon Adenocarcinoma
crc_dd_2022,P-0039163,P-0039163-T03-IM6,CVR_TMB_SCORE,Impact TMB Score,NUMBER,False,23.7
crc_dd_2022,P-0039163,P-0039163-T03-IM6,DRIVER1_AI,Driver1 Allelic Imbalance,STRING,False,Yes
crc_dd_2022,P-0039163,P-0039163-T03-IM6,DRIVER1_CCF,Driver1 CCF,NUMBER,False,0.94
crc_dd_2022,P-0039163,P-0039163-T03-IM6,DRIVER1_CELLULAR_FRACTION,Driver1 Cellular Fraction,NUMBER,False,0.38
crc_dd_2022,P-0039163,P-0039163-T03-IM6,DRIVER1_CLONAL_CALL,Driver1 Clonal Call,STRING,False,Clonal
crc_dd_2022,P-0039163,P-0039163-T03-IM6,DRIVER1_EXPECTED_MUTANT_COPIES,Driver1 Expected Mutant Copies,NUMBER,False,1.87
crc_dd_2022,P-0039163,P-0039163-T03-IM6,DRIVER1_FACETS_PLOIDY_CALL,Driver1 Facets Ploidy Call,STRING,False,GAIN
crc_dd_2022,P-0039163,P-0039163-T03-IM6,DRIVER1_LCN,Driver1 LCN,STRING,False,1
crc_dd_2022,P-0039163,P-0039163-T03-IM6,DRIVER1_MUTATION,Driver1 Mutation,STRING,False,KRAS p.G12D
crc_dd_2022,P-0039163,P-0039163-T03-IM6,DRIVER1_TCN,Driver1 TCN,STRING,False,3
crc_dd_2022,P-0039163,P-0039163-T03-IM6,DRIVER2_AI,Driver2 Allelic Imbalance,STRING,False,Yes
crc_dd_2022,P-0039163,P-0039163-T03-IM6,DRIVER2_CCF,Driver2 CCF,NUMBER,False,0.26
crc_dd_2022,P-0039163,P-0039163-T03-IM6,DRIVER2_CELLULAR_FRACTION,Driver2 Cellular Fraction,NUMBER,False,0.38
crc_dd_2022,P-0039163,P-0039163-T03-IM6,DRIVER2_CLONAL_CALL,Driver2 Clonal Call,STRING,False,Subclonal
crc_dd_2022,P-0039163,P-0039163-T03-IM6,DRIVER2_FACETS_PLOIDY_CALL,Driver2 Facets Ploidy Call,STRING,False,GAIN
crc_dd_2022,P-0039163,P-0039163-T03-IM6,DRIVER2_LCN,Driver2 LCN,STRING,False,1
crc_dd_2022,P-0039163,P-0039163-T03-IM6,DRIVER2_MUTATION,Driver2 Mutation,STRING,False,KRAS p.K117N
crc_dd_2022,P-0039163,P-0039163-T03-IM6,DRIVER2_TCN,Driver2 TCN,STRING,False,3
crc_dd_2022,P-0039163,P-0039163-T03-IM6,FRACTION_GENOME_ALTERED,Fraction Genome Altered,NUMBER,False,0.1201
crc_dd_2022,P-0039163,P-0039163-T03-IM6,GENOMIC_QC,Genomic QC,STRING,False,PASS
crc_dd_2022,P-0039163,P-0039163-T03-IM6,GROUP,Group,STRING,False,Subclonal-Clonal
crc_dd_2022,P-0039163,P-0039163-T03-IM6,HIGHEST_LEVEL_ONCOKB,Highest Level OncoKB,STRING,False,LEVEL_4
crc_dd_2022,P-0039163,P-0039163-T03-IM6,MSI_SCORE,MSI Score,NUMBER,False,0.42
crc_dd_2022,P-0039163,P-0039163-T03-IM6,MSI_TYPE,MSI Type,STRING,False,Stable
crc_dd_2022,P-0039163,P-0039163-T03-IM6,MUTATION_COUNT,Mutation Count,NUMBER,False,27
crc_dd_2022,P-0039163,P-0039163-T03-IM6,ONCOTREE_CODE,Oncotree Code,STRING,False,COAD
crc_dd_2022,P-0039163,P-0039163-T03-IM6,PRIMARY_SITE,Primary Tumor Site,STRING,False,Descending
crc_dd_2022,P-0039163,P-0039163-T03-IM6,SAMPLE_COVERAGE,Sample coverage,NUMBER,False,673
crc_dd_2022,P-0039163,P-0039163-T03-IM6,SAMPLE_TYPE,Sample Type,STRING,False,Primary
crc_dd_2022,P-0039163,P-0039163-T03-IM6,TUMOR_LOCATION,Tumor Location (Proximal vs. Distal),STRING,False,Distal
crc_dd_2022,P-0039163,P-0039163-T03-IM6,TUMOR_PURITY,Tumor Purity,NUMBER,False,30
crc_dd_2022,P-0039163,P-0039163-T03-IM6,WGD,WGD,STRING,False,FALSE
crc_dd_2022,P-0043580,P-0043580-T01-IM6,CANCER_TYPE,Cancer Type,STRING,False,Colorectal Cancer
crc_dd_2022,P-0043580,P-0043580-T01-IM6,CANCER_TYPE_DETAILED,Cancer Type Detailed,STRING,False,Colon Adenocarcinoma
crc_dd_2022,P-0043580,P-0043580-T01-IM6,CVR_TMB_SCORE,Impact TMB Score,NUMBER,False,14.9
crc_dd_2022,P-0043580,P-0043580-T01-IM6,DRIVER1_AI,Driver1 Allelic Imbalance,STRING,False,Yes
crc_dd_2022,P-0043580,P-0043580-T01-IM6,DRIVER1_CCF,Driver1 CCF,NUMBER,False,0.88
crc_dd_2022,P-0043580,P-0043580-T01-IM6,DRIVER1_CELLULAR_FRACTION,Driver1 Cellular Fraction,NUMBER,False,0.05
crc_dd_2022,P-0043580,P-0043580-T01-IM6,DRIVER1_CLONAL_CALL,Driver1 Clonal Call,STRING,False,Indeterminate
crc_dd_2022,P-0043580,P-0043580-T01-IM6,DRIVER1_EXPECTED_MUTANT_COPIES,Driver1 Expected Mutant Copies,NUMBER,False,3.51
crc_dd_2022,P-0043580,P-0043580-T01-IM6,DRIVER1_FACETS_PLOIDY_CALL,Driver1 Facets Ploidy Call,STRING,False,GAIN
crc_dd_2022,P-0043580,P-0043580-T01-IM6,DRIVER1_LCN,Driver1 LCN,STRING,False,1
crc_dd_2022,P-0043580,P-0043580-T01-IM6,DRIVER1_MUTATION,Driver1 Mutation,STRING,False,KRAS p.G13D
crc_dd_2022,P-0043580,P-0043580-T01-IM6,DRIVER1_TCN,Driver1 TCN,STRING,False,3
crc_dd_2022,P-0043580,P-0043580-T01-IM6,DRIVER2_AI,Driver2 Allelic Imbalance,STRING,False,Yes
crc_dd_2022,P-0043580,P-0043580-T01-IM6,DRIVER2_CCF,Driver2 CCF,NUMBER,False,0.30
crc_dd_2022,P-0043580,P-0043580-T01-IM6,DRIVER2_CELLULAR_FRACTION,Driver2 Cellular Fraction,NUMBER,False,0.05
crc_dd_2022,P-0043580,P-0043580-T01-IM6,DRIVER2_CLONAL_CALL,Driver2 Clonal Call,STRING,False,Indeterminate
crc_dd_2022,P-0043580,P-0043580-T01-IM6,DRIVER2_FACETS_PLOIDY_CALL,Driver2 Facets Ploidy Call,STRING,False,GAIN
crc_dd_2022,P-0043580,P-0043580-T01-IM6,DRIVER2_LCN,Driver2 LCN,STRING,False,1
crc_dd_2022,P-0043580,P-0043580-T01-IM6,DRIVER2_MUTATION,Driver2 Mutation,STRING,False,KRAS p.V14I
crc_dd_2022,P-0043580,P-0043580-T01-IM6,DRIVER2_TCN,Driver2 TCN,STRING,False,3
crc_dd_2022,P-0043580,P-0043580-T01-IM6,FRACTION_GENOME_ALTERED,Fraction Genome Altered,NUMBER,False,0.0029
crc_dd_2022,P-0043580,P-0043580-T01-IM6,GENOMIC_QC,Genomic QC,STRING,False,PASS
crc_dd_2022,P-0043580,P-0043580-T01-IM6,GROUP,Group,STRING,False,Indeterminate-Indeterminate
crc_dd_2022,P-0043580,P-0043580-T01-IM6,HIGHEST_LEVEL_ONCOKB,Highest Level OncoKB,STRING,False,LEVEL_4
crc_dd_2022,P-0043580,P-0043580-T01-IM6,MSI_SCORE,MSI Score,NUMBER,False,0
crc_dd_2022,P-0043580,P-0043580-T01-IM6,MSI_TYPE,MSI Type,STRING,False,Stable
crc_dd_2022,P-0043580,P-0043580-T01-IM6,MUTATION_COUNT,Mutation Count,NUMBER,False,17
crc_dd_2022,P-0043580,P-0043580-T01-IM6,ONCOTREE_CODE,Oncotree Code,STRING,False,COAD
crc_dd_2022,P-0043580,P-0043580-T01-IM6,PRIMARY_SITE,Primary Tumor Site,STRING,False,Ascending Colon
crc_dd_2022,P-0043580,P-0043580-T01-IM6,SAMPLE_COVERAGE,Sample coverage,NUMBER,False,514
crc_dd_2022,P-0043580,P-0043580-T01-IM6,SAMPLE_TYPE,Sample Type,STRING,False,Primary
crc_dd_2022,P-0043580,P-0043580-T01-IM6,TUMOR_LOCATION,Tumor Location (Proximal vs. Distal),STRING,False,Proximal
crc_dd_2022,P-0043580,P-0043580-T01-IM6,TUMOR_PURITY,Tumor Purity,NUMBER,False,50
crc_dd_2022,P-0043580,P-0043580-T01-IM6,WGD,WGD,STRING,False,FALSE
crc_dd_2022,P-0043718,P-0043718-T01-IM6,CANCER_TYPE,Cancer Type,STRING,False,Colorectal Cancer
crc_dd_2022,P-0043718,P-0043718-T01-IM6,CANCER_TYPE_DETAILED,Cancer Type Detailed,STRING,False,Rectal Adenocarcinoma
crc_dd_2022,P-0043718,P-0043718-T01-IM6,CVR_TMB_SCORE,Impact TMB Score,NUMBER,False,14.9
crc_dd_2022,P-0043718,P-0043718-T01-IM6,DRIVER1_AI,Driver1 Allelic Imbalance,STRING,False,No
crc_dd_2022,P-0043718,P-0043718-T01-IM6,DRIVER1_CCF,Driver1 CCF,NUMBER,False,0.65
crc_dd_2022,P-0043718,P-0043718-T01-IM6,DRIVER1_CELLULAR_FRACTION,Driver1 Cellular Fraction,NUMBER,False,1.00
crc_dd_2022,P-0043718,P-0043718-T01-IM6,DRIVER1_CLONAL_CALL,Driver1 Clonal Call,STRING,False,Subclonal
crc_dd_2022,P-0043718,P-0043718-T01-IM6,DRIVER1_FACETS_PLOIDY_CALL,Driver1 Facets Ploidy Call,STRING,False,DIPLOID
crc_dd_2022,P-0043718,P-0043718-T01-IM6,DRIVER1_LCN,Driver1 LCN,STRING,False,1
crc_dd_2022,P-0043718,P-0043718-T01-IM6,DRIVER1_MUTATION,Driver1 Mutation,STRING,False,KRAS p.G13D
crc_dd_2022,P-0043718,P-0043718-T01-IM6,DRIVER1_TCN,Driver1 TCN,STRING,False,2
crc_dd_2022,P-0043718,P-0043718-T01-IM6,DRIVER2_AI,Driver2 Allelic Imbalance,STRING,False,No
crc_dd_2022,P-0043718,P-0043718-T01-IM6,DRIVER2_CCF,Driver2 CCF,NUMBER,False,0.29
crc_dd_2022,P-0043718,P-0043718-T01-IM6,DRIVER2_CELLULAR_FRACTION,Driver2 Cellular Fraction,NUMBER,False,1.00
crc_dd_2022,P-0043718,P-0043718-T01-IM6,DRIVER2_CLONAL_CALL,Driver2 Clonal Call,STRING,False,Subclonal
crc_dd_2022,P-0043718,P-0043718-T01-IM6,DRIVER2_FACETS_PLOIDY_CALL,Driver2 Facets Ploidy Call,STRING,False,DIPLOID
crc_dd_2022,P-0043718,P-0043718-T01-IM6,DRIVER2_LCN,Driver2 LCN,STRING,False,1
crc_dd_2022,P-0043718,P-0043718-T01-IM6,DRIVER2_MUTATION,Driver2 Mutation,STRING,False,KRAS p.G12S
crc_dd_2022,P-0043718,P-0043718-T01-IM6,DRIVER2_TCN,Driver2 TCN,STRING,False,2
crc_dd_2022,P-0043718,P-0043718-T01-IM6,FRACTION_GENOME_ALTERED,Fraction Genome Altered,NUMBER,False,0.0019
crc_dd_2022,P-0043718,P-0043718-T01-IM6,GENOMIC_QC,Genomic QC,STRING,False,PASS
crc_dd_2022,P-0043718,P-0043718-T01-IM6,GROUP,Group,STRING,False,Subclonal-Subclonal
crc_dd_2022,P-0043718,P-0043718-T01-IM6,HIGHEST_LEVEL_ONCOKB,Highest Level OncoKB,STRING,False,LEVEL_4
crc_dd_2022,P-0043718,P-0043718-T01-IM6,MSI_SCORE,MSI Score,NUMBER,False,0
crc_dd_2022,P-0043718,P-0043718-T01-IM6,MSI_TYPE,MSI Type,STRING,False,Stable
crc_dd_2022,P-0043718,P-0043718-T01-IM6,MUTATION_COUNT,Mutation Count,NUMBER,False,16
crc_dd_2022,P-0043718,P-0043718-T01-IM6,ONCOTREE_CODE,Oncotree Code,STRING,False,READ
crc_dd_2022,P-0043718,P-0043718-T01-IM6,PRIMARY_SITE,Primary Tumor Site,STRING,False,Rectum
crc_dd_2022,P-0043718,P-0043718-T01-IM6,SAMPLE_COVERAGE,Sample coverage,NUMBER,False,439
crc_dd_2022,P-0043718,P-0043718-T01-IM6,SAMPLE_TYPE,Sample Type,STRING,False,Primary
crc_dd_2022,P-0043718,P-0043718-T01-IM6,TUMOR_LOCATION,Tumor Location (Proximal vs. Distal),STRING,False,Distal
crc_dd_2022,P-0043718,P-0043718-T01-IM6,TUMOR_PURITY,Tumor Purity,NUMBER,False,10
crc_dd_2022,P-0043718,P-0043718-T01-IM6,WGD,WGD,STRING,False,FALSE
crc_dd_2022,P-0044184,P-0044184-T01-IM6,CANCER_TYPE,Cancer Type,STRING,False,Colorectal Cancer
crc_dd_2022,P-0044184,P-0044184-T01-IM6,CANCER_TYPE_DETAILED,Cancer Type Detailed,STRING,False,Colon Adenocarcinoma
crc_dd_2022,P-0044184,P-0044184-T01-IM6,CVR_TMB_SCORE,Impact TMB Score,NUMBER,False,65.8
crc_dd_2022,P-0044184,P-0044184-T01-IM6,DRIVER1_AI,Driver1 Allelic Imbalance,STRING,False,No
crc_dd_2022,P-0044184,P-0044184-T01-IM6,DRIVER1_CCF,Driver1 CCF,NUMBER,False,0.30
crc_dd_2022,P-0044184,P-0044184-T01-IM6,DRIVER1_CELLULAR_FRACTION,Driver1 Cellular Fraction,NUMBER,False,1.00
crc_dd_2022,P-0044184,P-0044184-T01-IM6,DRIVER1_CLONAL_CALL,Driver1 Clonal Call,STRING,False,Subclonal
crc_dd_2022,P-0044184,P-0044184-T01-IM6,DRIVER1_FACETS_PLOIDY_CALL,Driver1 Facets Ploidy Call,STRING,False,DIPLOID
crc_dd_2022,P-0044184,P-0044184-T01-IM6,DRIVER1_LCN,Driver1 LCN,STRING,False,1
crc_dd_2022,P-0044184,P-0044184-T01-IM6,DRIVER1_MUTATION,Driver1 Mutation,STRING,False,KRAS p.A146T
crc_dd_2022,P-0044184,P-0044184-T01-IM6,DRIVER1_TCN,Driver1 TCN,STRING,False,2
crc_dd_2022,P-0044184,P-0044184-T01-IM6,DRIVER2_AI,Driver2 Allelic Imbalance,STRING,False,No
crc_dd_2022,P-0044184,P-0044184-T01-IM6,DRIVER2_CCF,Driver2 CCF,NUMBER,False,0.14
crc_dd_2022,P-0044184,P-0044184-T01-IM6,DRIVER2_CELLULAR_FRACTION,Driver2 Cellular Fraction,NUMBER,False,1.00
crc_dd_2022,P-0044184,P-0044184-T01-IM6,DRIVER2_CLONAL_CALL,Driver2 Clonal Call,STRING,False,Subclonal
crc_dd_2022,P-0044184,P-0044184-T01-IM6,DRIVER2_FACETS_PLOIDY_CALL,Driver2 Facets Ploidy Call,STRING,False,DIPLOID
crc_dd_2022,P-0044184,P-0044184-T01-IM6,DRIVER2_LCN,Driver2 LCN,STRING,False,1
crc_dd_2022,P-0044184,P-0044184-T01-IM6,DRIVER2_MUTATION,Driver2 Mutation,STRING,False,KRAS p.K117N
crc_dd_2022,P-0044184,P-0044184-T01-IM6,DRIVER2_TCN,Driver2 TCN,STRING,False,2
crc_dd_2022,P-0044184,P-0044184-T01-IM6,FRACTION_GENOME_ALTERED,Fraction Genome Altered,NUMBER,False,0.0019
crc_dd_2022,P-0044184,P-0044184-T01-IM6,GENOMIC_QC,Genomic QC,STRING,False,PASS
crc_dd_2022,P-0044184,P-0044184-T01-IM6,GROUP,Group,STRING,False,Subclonal-Subclonal
crc_dd_2022,P-0044184,P-0044184-T01-IM6,HIGHEST_LEVEL_ONCOKB,Highest Level OncoKB,STRING,False,LEVEL_3B
crc_dd_2022,P-0044184,P-0044184-T01-IM6,MSI_SCORE,MSI Score,NUMBER,False,21.87
crc_dd_2022,P-0044184,P-0044184-T01-IM6,MSI_TYPE,MSI Type,STRING,False,Instable
crc_dd_2022,P-0044184,P-0044184-T01-IM6,MUTATION_COUNT,Mutation Count,NUMBER,False,75
crc_dd_2022,P-0044184,P-0044184-T01-IM6,ONCOTREE_CODE,Oncotree Code,STRING,False,COAD
crc_dd_2022,P-0044184,P-0044184-T01-IM6,PRIMARY_SITE,Primary Tumor Site,STRING,False,Colon
crc_dd_2022,P-0044184,P-0044184-T01-IM6,SAMPLE_COVERAGE,Sample coverage,NUMBER,False,731
crc_dd_2022,P-0044184,P-0044184-T01-IM6,SAMPLE_TYPE,Sample Type,STRING,False,Primary
crc_dd_2022,P-0044184,P-0044184-T01-IM6,TUMOR_LOCATION,Tumor Location (Proximal vs. Distal),STRING,False,Proximal
crc_dd_2022,P-0044184,P-0044184-T01-IM6,TUMOR_PURITY,Tumor Purity,NUMBER,False,20
crc_dd_2022,P-0044184,P-0044184-T01-IM6,WGD,WGD,STRING,False,FALSE
crc_dd_2022,P-0047886,P-0047886-T01-IM6,CANCER_TYPE,Cancer Type,STRING,False,Colorectal Cancer
crc_dd_2022,P-0047886,P-0047886-T01-IM6,CANCER_TYPE_DETAILED,Cancer Type Detailed,STRING,False,Rectal Adenocarcinoma
crc_dd_2022,P-0047886,P-0047886-T01-IM6,CVR_TMB_SCORE,Impact TMB Score,NUMBER,False,65
crc_dd_2022,P-0047886,P-0047886-T01-IM6,DRIVER1_AI,Driver1 Allelic Imbalance,STRING,False,No
crc_dd_2022,P-0047886,P-0047886-T01-IM6,DRIVER1_CCF,Driver1 CCF,NUMBER,False,0.77
crc_dd_2022,P-0047886,P-0047886-T01-IM6,DRIVER1_CELLULAR_FRACTION,Driver1 Cellular Fraction,NUMBER,False,1.00
crc_dd_2022,P-0047886,P-0047886-T01-IM6,DRIVER1_CLONAL_CALL,Driver1 Clonal Call,STRING,False,Subclonal
crc_dd_2022,P-0047886,P-0047886-T01-IM6,DRIVER1_FACETS_PLOIDY_CALL,Driver1 Facets Ploidy Call,STRING,False,DIPLOID
crc_dd_2022,P-0047886,P-0047886-T01-IM6,DRIVER1_LCN,Driver1 LCN,STRING,False,1
crc_dd_2022,P-0047886,P-0047886-T01-IM6,DRIVER1_MUTATION,Driver1 Mutation,STRING,False,KRAS p.G12D
crc_dd_2022,P-0047886,P-0047886-T01-IM6,DRIVER1_TCN,Driver1 TCN,STRING,False,2
crc_dd_2022,P-0047886,P-0047886-T01-IM6,DRIVER2_AI,Driver2 Allelic Imbalance,STRING,False,No
crc_dd_2022,P-0047886,P-0047886-T01-IM6,DRIVER2_CCF,Driver2 CCF,NUMBER,False,0.21
crc_dd_2022,P-0047886,P-0047886-T01-IM6,DRIVER2_CELLULAR_FRACTION,Driver2 Cellular Fraction,NUMBER,False,1.00
crc_dd_2022,P-0047886,P-0047886-T01-IM6,DRIVER2_CLONAL_CALL,Driver2 Clonal Call,STRING,False,Subclonal
crc_dd_2022,P-0047886,P-0047886-T01-IM6,DRIVER2_FACETS_PLOIDY_CALL,Driver2 Facets Ploidy Call,STRING,False,DIPLOID
crc_dd_2022,P-0047886,P-0047886-T01-IM6,DRIVER2_LCN,Driver2 LCN,STRING,False,1
crc_dd_2022,P-0047886,P-0047886-T01-IM6,DRIVER2_MUTATION,Driver2 Mutation,STRING,False,KRAS p.G13D
crc_dd_2022,P-0047886,P-0047886-T01-IM6,DRIVER2_TCN,Driver2 TCN,STRING,False,2
crc_dd_2022,P-0047886,P-0047886-T01-IM6,FRACTION_GENOME_ALTERED,Fraction Genome Altered,NUMBER,False,0.0250
crc_dd_2022,P-0047886,P-0047886-T01-IM6,GENOMIC_QC,Genomic QC,STRING,False,PASS
crc_dd_2022,P-0047886,P-0047886-T01-IM6,GROUP,Group,STRING,False,Subclonal-Subclonal
crc_dd_2022,P-0047886,P-0047886-T01-IM6,HIGHEST_LEVEL_ONCOKB,Highest Level OncoKB,STRING,False,LEVEL_3B
crc_dd_2022,P-0047886,P-0047886-T01-IM6,MSI_SCORE,MSI Score,NUMBER,False,40.57
crc_dd_2022,P-0047886,P-0047886-T01-IM6,MSI_TYPE,MSI Type,STRING,False,Instable
crc_dd_2022,P-0047886,P-0047886-T01-IM6,MUTATION_COUNT,Mutation Count,NUMBER,False,74
crc_dd_2022,P-0047886,P-0047886-T01-IM6,ONCOTREE_CODE,Oncotree Code,STRING,False,READ
crc_dd_2022,P-0047886,P-0047886-T01-IM6,PRIMARY_SITE,Primary Tumor Site,STRING,False,Rectum
crc_dd_2022,P-0047886,P-0047886-T01-IM6,SAMPLE_COVERAGE,Sample coverage,NUMBER,False,626
crc_dd_2022,P-0047886,P-0047886-T01-IM6,SAMPLE_TYPE,Sample Type,STRING,False,Primary
crc_dd_2022,P-0047886,P-0047886-T01-IM6,TUMOR_LOCATION,Tumor Location (Proximal vs. Distal),STRING,False,Distal
crc_dd_2022,P-0047886,P-0047886-T01-IM6,TUMOR_PURITY,Tumor Purity,NUMBER,False,10
crc_dd_2022,P-0047886,P-0047886-T01-IM6,WGD,WGD,STRING,False,FALSE
crc_dd_2022,P-0048081,P-0048081-T01-IM6,CANCER_TYPE,Cancer Type,STRING,False,Colorectal Cancer
crc_dd_2022,P-0048081,P-0048081-T01-IM6,CANCER_TYPE_DETAILED,Cancer Type Detailed,STRING,False,Colon Adenocarcinoma
crc_dd_2022,P-0048081,P-0048081-T01-IM6,CVR_TMB_SCORE,Impact TMB Score,NUMBER,False,19.3
crc_dd_2022,P-0048081,P-0048081-T01-IM6,DRIVER1_AI,Driver1 Allelic Imbalance,STRING,False,No
crc_dd_2022,P-0048081,P-0048081-T01-IM6,DRIVER1_CCF,Driver1 CCF,NUMBER,False,0.93
crc_dd_2022,P-0048081,P-0048081-T01-IM6,DRIVER1_CELLULAR_FRACTION,Driver1 Cellular Fraction,NUMBER,False,1.00
crc_dd_2022,P-0048081,P-0048081-T01-IM6,DRIVER1_CLONAL_CALL,Driver1 Clonal Call,STRING,False,Clonal
crc_dd_2022,P-0048081,P-0048081-T01-IM6,DRIVER1_EXPECTED_MUTANT_COPIES,Driver1 Expected Mutant Copies,NUMBER,False,0.93
crc_dd_2022,P-0048081,P-0048081-T01-IM6,DRIVER1_FACETS_PLOIDY_CALL,Driver1 Facets Ploidy Call,STRING,False,DIPLOID
crc_dd_2022,P-0048081,P-0048081-T01-IM6,DRIVER1_LCN,Driver1 LCN,STRING,False,1
crc_dd_2022,P-0048081,P-0048081-T01-IM6,DRIVER1_MUTATION,Driver1 Mutation,STRING,False,KRAS p.Q61H
crc_dd_2022,P-0048081,P-0048081-T01-IM6,DRIVER1_TCN,Driver1 TCN,STRING,False,2
crc_dd_2022,P-0048081,P-0048081-T01-IM6,DRIVER2_AI,Driver2 Allelic Imbalance,STRING,False,No
crc_dd_2022,P-0048081,P-0048081-T01-IM6,DRIVER2_CCF,Driver2 CCF,NUMBER,False,0.26
crc_dd_2022,P-0048081,P-0048081-T01-IM6,DRIVER2_CELLULAR_FRACTION,Driver2 Cellular Fraction,NUMBER,False,1.00
crc_dd_2022,P-0048081,P-0048081-T01-IM6,DRIVER2_CLONAL_CALL,Driver2 Clonal Call,STRING,False,Subclonal
crc_dd_2022,P-0048081,P-0048081-T01-IM6,DRIVER2_FACETS_PLOIDY_CALL,Driver2 Facets Ploidy Call,STRING,False,DIPLOID
crc_dd_2022,P-0048081,P-0048081-T01-IM6,DRIVER2_LCN,Driver2 LCN,STRING,False,1
crc_dd_2022,P-0048081,P-0048081-T01-IM6,DRIVER2_MUTATION,Driver2 Mutation,STRING,False,KRAS p.G13D
crc_dd_2022,P-0048081,P-0048081-T01-IM6,DRIVER2_TCN,Driver2 TCN,STRING,False,2
crc_dd_2022,P-0048081,P-0048081-T01-IM6,FRACTION_GENOME_ALTERED,Fraction Genome Altered,NUMBER,False,0.0938
crc_dd_2022,P-0048081,P-0048081-T01-IM6,GENOMIC_QC,Genomic QC,STRING,False,PASS
crc_dd_2022,P-0048081,P-0048081-T01-IM6,GROUP,Group,STRING,False,Clonal-Subclonal
crc_dd_2022,P-0048081,P-0048081-T01-IM6,HIGHEST_LEVEL_ONCOKB,Highest Level OncoKB,STRING,False,LEVEL_3B
crc_dd_2022,P-0048081,P-0048081-T01-IM6,MSI_SCORE,MSI Score,NUMBER,False,0.13
crc_dd_2022,P-0048081,P-0048081-T01-IM6,MSI_TYPE,MSI Type,STRING,False,Stable
crc_dd_2022,P-0048081,P-0048081-T01-IM6,MUTATION_COUNT,Mutation Count,NUMBER,False,22
crc_dd_2022,P-0048081,P-0048081-T01-IM6,ONCOTREE_CODE,Oncotree Code,STRING,False,COAD
crc_dd_2022,P-0048081,P-0048081-T01-IM6,PRIMARY_SITE,Primary Tumor Site,STRING,False,Colon
crc_dd_2022,P-0048081,P-0048081-T01-IM6,SAMPLE_COVERAGE,Sample coverage,NUMBER,False,615
crc_dd_2022,P-0048081,P-0048081-T01-IM6,SAMPLE_TYPE,Sample Type,STRING,False,Primary
crc_dd_2022,P-0048081,P-0048081-T01-IM6,TUMOR_LOCATION,Tumor Location (Proximal vs. Distal),STRING,False,Proximal
crc_dd_2022,P-0048081,P-0048081-T01-IM6,TUMOR_PURITY,Tumor Purity,NUMBER,False,40
crc_dd_2022,P-0048081,P-0048081-T01-IM6,WGD,WGD,STRING,False,FALSE
crc_dd_2022,P-0048091,P-0048091-T01-IM6,CANCER_TYPE,Cancer Type,STRING,False,Colorectal Cancer
crc_dd_2022,P-0048091,P-0048091-T01-IM6,CANCER_TYPE_DETAILED,Cancer Type Detailed,STRING,False,Colon Adenocarcinoma
crc_dd_2022,P-0048091,P-0048091-T01-IM6,CVR_TMB_SCORE,Impact TMB Score,NUMBER,False,4.4
crc_dd_2022,P-0048091,P-0048091-T01-IM6,DRIVER1_AI,Driver1 Allelic Imbalance,STRING,False,Yes
crc_dd_2022,P-0048091,P-0048091-T01-IM6,DRIVER1_CCF,Driver1 CCF,NUMBER,False,0.89
crc_dd_2022,P-0048091,P-0048091-T01-IM6,DRIVER1_CELLULAR_FRACTION,Driver1 Cellular Fraction,NUMBER,False,0.53
crc_dd_2022,P-0048091,P-0048091-T01-IM6,DRIVER1_CLONAL_CALL,Driver1 Clonal Call,STRING,False,Clonal
crc_dd_2022,P-0048091,P-0048091-T01-IM6,DRIVER1_FACETS_PLOIDY_CALL,Driver1 Facets Ploidy Call,STRING,False,LOSS BEFORE
crc_dd_2022,P-0048091,P-0048091-T01-IM6,DRIVER1_LCN,Driver1 LCN,STRING,False,0
crc_dd_2022,P-0048091,P-0048091-T01-IM6,DRIVER1_MUTATION,Driver1 Mutation,STRING,False,NRAS p.G12D
crc_dd_2022,P-0048091,P-0048091-T01-IM6,DRIVER1_TCN,Driver1 TCN,STRING,False,2
crc_dd_2022,P-0048091,P-0048091-T01-IM6,DRIVER2_AI,Driver2 Allelic Imbalance,STRING,False,No
crc_dd_2022,P-0048091,P-0048091-T01-IM6,DRIVER2_CCF,Driver2 CCF,NUMBER,False,0.17
crc_dd_2022,P-0048091,P-0048091-T01-IM6,DRIVER2_CELLULAR_FRACTION,Driver2 Cellular Fraction,NUMBER,False,0.51
crc_dd_2022,P-0048091,P-0048091-T01-IM6,DRIVER2_CLONAL_CALL,Driver2 Clonal Call,STRING,False,Subclonal
crc_dd_2022,P-0048091,P-0048091-T01-IM6,DRIVER2_FACETS_PLOIDY_CALL,Driver2 Facets Ploidy Call,STRING,False,TETRAPLOID
crc_dd_2022,P-0048091,P-0048091-T01-IM6,DRIVER2_LCN,Driver2 LCN,STRING,False,2
crc_dd_2022,P-0048091,P-0048091-T01-IM6,DRIVER2_MUTATION,Driver2 Mutation,STRING,False,KRAS p.G12V
crc_dd_2022,P-0048091,P-0048091-T01-IM6,DRIVER2_TCN,Driver2 TCN,STRING,False,4
crc_dd_2022,P-0048091,P-0048091-T01-IM6,FRACTION_GENOME_ALTERED,Fraction Genome Altered,NUMBER,False,0.4363
crc_dd_2022,P-0048091,P-0048091-T01-IM6,GENOMIC_QC,Genomic QC,STRING,False,PASS
crc_dd_2022,P-0048091,P-0048091-T01-IM6,GROUP,Group,STRING,False,Clonal-Subclonal
crc_dd_2022,P-0048091,P-0048091-T01-IM6,HIGHEST_LEVEL_ONCOKB,Highest Level OncoKB,STRING,False,LEVEL_3B
crc_dd_2022,P-0048091,P-0048091-T01-IM6,MSI_SCORE,MSI Score,NUMBER,False,0.89
crc_dd_2022,P-0048091,P-0048091-T01-IM6,MSI_TYPE,MSI Type,STRING,False,Stable
crc_dd_2022,P-0048091,P-0048091-T01-IM6,MUTATION_COUNT,Mutation Count,NUMBER,False,5
crc_dd_2022,P-0048091,P-0048091-T01-IM6,ONCOTREE_CODE,Oncotree Code,STRING,False,COAD
crc_dd_2022,P-0048091,P-0048091-T01-IM6,PRIMARY_SITE,Primary Tumor Site,STRING,False,Sigmoid Colon
crc_dd_2022,P-0048091,P-0048091-T01-IM6,SAMPLE_COVERAGE,Sample coverage,NUMBER,False,510
crc_dd_2022,P-0048091,P-0048091-T01-IM6,SAMPLE_TYPE,Sample Type,STRING,False,Primary
crc_dd_2022,P-0048091,P-0048091-T01-IM6,TUMOR_LOCATION,Tumor Location (Proximal vs. Distal),STRING,False,Distal
crc_dd_2022,P-0048091,P-0048091-T01-IM6,TUMOR_PURITY,Tumor Purity,NUMBER,False,30
crc_dd_2022,P-0048091,P-0048091-T01-IM6,WGD,WGD,STRING,False,TRUE
crc_dd_2022,P-0048215,P-0048215-T01-IM6,CANCER_TYPE,Cancer Type,STRING,False,Colorectal Cancer
crc_dd_2022,P-0048215,P-0048215-T01-IM6,CANCER_TYPE_DETAILED,Cancer Type Detailed,STRING,False,Rectal Adenocarcinoma
crc_dd_2022,P-0048215,P-0048215-T01-IM6,CVR_TMB_SCORE,Impact TMB Score,NUMBER,False,415.2
crc_dd_2022,P-0048215,P-0048215-T01-IM6,DRIVER1_AI,Driver1 Allelic Imbalance,STRING,False,No
crc_dd_2022,P-0048215,P-0048215-T01-IM6,DRIVER1_CCF,Driver1 CCF,NUMBER,False,0.97
crc_dd_2022,P-0048215,P-0048215-T01-IM6,DRIVER1_CELLULAR_FRACTION,Driver1 Cellular Fraction,NUMBER,False,1.00
crc_dd_2022,P-0048215,P-0048215-T01-IM6,DRIVER1_CLONAL_CALL,Driver1 Clonal Call,STRING,False,Clonal
crc_dd_2022,P-0048215,P-0048215-T01-IM6,DRIVER1_EXPECTED_MUTANT_COPIES,Driver1 Expected Mutant Copies,NUMBER,False,0.97
crc_dd_2022,P-0048215,P-0048215-T01-IM6,DRIVER1_FACETS_PLOIDY_CALL,Driver1 Facets Ploidy Call,STRING,False,DIPLOID
crc_dd_2022,P-0048215,P-0048215-T01-IM6,DRIVER1_LCN,Driver1 LCN,STRING,False,1
crc_dd_2022,P-0048215,P-0048215-T01-IM6,DRIVER1_MUTATION,Driver1 Mutation,STRING,False,KRAS p.A59T
crc_dd_2022,P-0048215,P-0048215-T01-IM6,DRIVER1_TCN,Driver1 TCN,STRING,False,2
crc_dd_2022,P-0048215,P-0048215-T01-IM6,DRIVER2_AI,Driver2 Allelic Imbalance,STRING,False,No
crc_dd_2022,P-0048215,P-0048215-T01-IM6,DRIVER2_CCF,Driver2 CCF,NUMBER,False,0.50
crc_dd_2022,P-0048215,P-0048215-T01-IM6,DRIVER2_CELLULAR_FRACTION,Driver2 Cellular Fraction,NUMBER,False,1.00
crc_dd_2022,P-0048215,P-0048215-T01-IM6,DRIVER2_CLONAL_CALL,Driver2 Clonal Call,STRING,False,Subclonal
crc_dd_2022,P-0048215,P-0048215-T01-IM6,DRIVER2_FACETS_PLOIDY_CALL,Driver2 Facets Ploidy Call,STRING,False,DIPLOID
crc_dd_2022,P-0048215,P-0048215-T01-IM6,DRIVER2_LCN,Driver2 LCN,STRING,False,1
crc_dd_2022,P-0048215,P-0048215-T01-IM6,DRIVER2_MUTATION,Driver2 Mutation,STRING,False,KRAS p.G13D
crc_dd_2022,P-0048215,P-0048215-T01-IM6,DRIVER2_TCN,Driver2 TCN,STRING,False,2
crc_dd_2022,P-0048215,P-0048215-T01-IM6,FRACTION_GENOME_ALTERED,Fraction Genome Altered,NUMBER,False,0.0184
crc_dd_2022,P-0048215,P-0048215-T01-IM6,GENOMIC_QC,Genomic QC,STRING,False,PASS
crc_dd_2022,P-0048215,P-0048215-T01-IM6,GROUP,Group,STRING,False,Clonal-Subclonal
crc_dd_2022,P-0048215,P-0048215-T01-IM6,HIGHEST_LEVEL_ONCOKB,Highest Level OncoKB,STRING,False,LEVEL_3B
crc_dd_2022,P-0048215,P-0048215-T01-IM6,MSI_SCORE,MSI Score,NUMBER,False,0.06
crc_dd_2022,P-0048215,P-0048215-T01-IM6,MSI_TYPE,MSI Type,STRING,False,Stable
crc_dd_2022,P-0048215,P-0048215-T01-IM6,MUTATION_COUNT,Mutation Count,NUMBER,False,472
crc_dd_2022,P-0048215,P-0048215-T01-IM6,ONCOTREE_CODE,Oncotree Code,STRING,False,READ
crc_dd_2022,P-0048215,P-0048215-T01-IM6,PRIMARY_SITE,Primary Tumor Site,STRING,False,Rectum
crc_dd_2022,P-0048215,P-0048215-T01-IM6,SAMPLE_COVERAGE,Sample coverage,NUMBER,False,723
crc_dd_2022,P-0048215,P-0048215-T01-IM6,SAMPLE_TYPE,Sample Type,STRING,False,Primary
crc_dd_2022,P-0048215,P-0048215-T01-IM6,TUMOR_LOCATION,Tumor Location (Proximal vs. Distal),STRING,False,Distal
crc_dd_2022,P-0048215,P-0048215-T01-IM6,TUMOR_PURITY,Tumor Purity,NUMBER,False,30
crc_dd_2022,P-0048215,P-0048215-T01-IM6,WGD,WGD,STRING,False,FALSE
crc_dd_2022,P-0053162,P-0053162-T01-IM6,CANCER_TYPE,Cancer Type,STRING,False,Colorectal Cancer
crc_dd_2022,P-0053162,P-0053162-T01-IM6,CANCER_TYPE_DETAILED,Cancer Type Detailed,STRING,False,Colon Adenocarcinoma
crc_dd_2022,P-0053162,P-0053162-T01-IM6,CVR_TMB_SCORE,Impact TMB Score,NUMBER,False,11.4
crc_dd_2022,P-0053162,P-0053162-T01-IM6,DRIVER1_AI,Driver1 Allelic Imbalance,STRING,False,No
crc_dd_2022,P-0053162,P-0053162-T01-IM6,DRIVER1_CCF,Driver1 CCF,NUMBER,False,0.81
crc_dd_2022,P-0053162,P-0053162-T01-IM6,DRIVER1_CELLULAR_FRACTION,Driver1 Cellular Fraction,NUMBER,False,1.00
crc_dd_2022,P-0053162,P-0053162-T01-IM6,DRIVER1_CLONAL_CALL,Driver1 Clonal Call,STRING,False,Clonal
crc_dd_2022,P-0053162,P-0053162-T01-IM6,DRIVER1_EXPECTED_MUTANT_COPIES,Driver1 Expected Mutant Copies,NUMBER,False,0.81
crc_dd_2022,P-0053162,P-0053162-T01-IM6,DRIVER1_FACETS_PLOIDY_CALL,Driver1 Facets Ploidy Call,STRING,False,DIPLOID
crc_dd_2022,P-0053162,P-0053162-T01-IM6,DRIVER1_LCN,Driver1 LCN,STRING,False,1
crc_dd_2022,P-0053162,P-0053162-T01-IM6,DRIVER1_MUTATION,Driver1 Mutation,STRING,False,KRAS p.G12D
crc_dd_2022,P-0053162,P-0053162-T01-IM6,DRIVER1_TCN,Driver1 TCN,STRING,False,2
crc_dd_2022,P-0053162,P-0053162-T01-IM6,DRIVER2_AI,Driver2 Allelic Imbalance,STRING,False,No
crc_dd_2022,P-0053162,P-0053162-T01-IM6,DRIVER2_CCF,Driver2 CCF,NUMBER,False,0.23
crc_dd_2022,P-0053162,P-0053162-T01-IM6,DRIVER2_CELLULAR_FRACTION,Driver2 Cellular Fraction,NUMBER,False,1.00
crc_dd_2022,P-0053162,P-0053162-T01-IM6,DRIVER2_CLONAL_CALL,Driver2 Clonal Call,STRING,False,Subclonal
crc_dd_2022,P-0053162,P-0053162-T01-IM6,DRIVER2_FACETS_PLOIDY_CALL,Driver2 Facets Ploidy Call,STRING,False,DIPLOID
crc_dd_2022,P-0053162,P-0053162-T01-IM6,DRIVER2_LCN,Driver2 LCN,STRING,False,1
crc_dd_2022,P-0053162,P-0053162-T01-IM6,DRIVER2_MUTATION,Driver2 Mutation,STRING,False,KRAS p.G12V
crc_dd_2022,P-0053162,P-0053162-T01-IM6,DRIVER2_TCN,Driver2 TCN,STRING,False,2
crc_dd_2022,P-0053162,P-0053162-T01-IM6,FRACTION_GENOME_ALTERED,Fraction Genome Altered,NUMBER,False,0.1076
crc_dd_2022,P-0053162,P-0053162-T01-IM6,GENOMIC_QC,Genomic QC,STRING,False,PASS
crc_dd_2022,P-0053162,P-0053162-T01-IM6,GROUP,Group,STRING,False,Clonal-Subclonal
crc_dd_2022,P-0053162,P-0053162-T01-IM6,HIGHEST_LEVEL_ONCOKB,Highest Level OncoKB,STRING,False,LEVEL_4
crc_dd_2022,P-0053162,P-0053162-T01-IM6,MSI_SCORE,MSI Score,NUMBER,False,0.11
crc_dd_2022,P-0053162,P-0053162-T01-IM6,MSI_TYPE,MSI Type,STRING,False,Stable
crc_dd_2022,P-0053162,P-0053162-T01-IM6,MUTATION_COUNT,Mutation Count,NUMBER,False,13
crc_dd_2022,P-0053162,P-0053162-T01-IM6,ONCOTREE_CODE,Oncotree Code,STRING,False,COAD
crc_dd_2022,P-0053162,P-0053162-T01-IM6,PRIMARY_SITE,Primary Tumor Site,STRING,False,Cecum
crc_dd_2022,P-0053162,P-0053162-T01-IM6,SAMPLE_COVERAGE,Sample coverage,NUMBER,False,400
crc_dd_2022,P-0053162,P-0053162-T01-IM6,SAMPLE_TYPE,Sample Type,STRING,False,Primary
crc_dd_2022,P-0053162,P-0053162-T01-IM6,TUMOR_LOCATION,Tumor Location (Proximal vs. Distal),STRING,False,Proximal
crc_dd_2022,P-0053162,P-0053162-T01-IM6,TUMOR_PURITY,Tumor Purity,NUMBER,False,30
crc_dd_2022,P-0053162,P-0053162-T01-IM6,WGD,WGD,STRING,False,FALSE
crc_dd_2022,P-0039691,P-0039691-T01-IM6,CANCER_TYPE,Cancer Type,STRING,False,Colorectal Cancer
crc_dd_2022,P-0039691,P-0039691-T01-IM6,CANCER_TYPE_DETAILED,Cancer Type Detailed,STRING,False,Colon Adenocarcinoma In Situ
crc_dd_2022,P-0039691,P-0039691-T01-IM6,CVR_TMB_SCORE,Impact TMB Score,NUMBER,False,12.3
crc_dd_2022,P-0039691,P-0039691-T01-IM6,DRIVER1_CLONAL_CALL,Driver1 Clonal Call,STRING,False,Indeterminate
crc_dd_2022,P-0039691,P-0039691-T01-IM6,DRIVER1_MUTATION,Driver1 Mutation,STRING,False,KRAS p.G13D
crc_dd_2022,P-0039691,P-0039691-T01-IM6,DRIVER2_CLONAL_CALL,Driver2 Clonal Call,STRING,False,Indeterminate
crc_dd_2022,P-0039691,P-0039691-T01-IM6,DRIVER2_MUTATION,Driver2 Mutation,STRING,False,KRAS p.G12A
crc_dd_2022,P-0039691,P-0039691-T01-IM6,FRACTION_GENOME_ALTERED,Fraction Genome Altered,NUMBER,False,0.1791
crc_dd_2022,P-0039691,P-0039691-T01-IM6,GENOMIC_QC,Genomic QC,STRING,False,PASS
crc_dd_2022,P-0039691,P-0039691-T01-IM6,GROUP,Group,STRING,False,Indeterminate-Indeterminate
crc_dd_2022,P-0039691,P-0039691-T01-IM6,HIGHEST_LEVEL_ONCOKB,Highest Level OncoKB,STRING,False,LEVEL_4
crc_dd_2022,P-0039691,P-0039691-T01-IM6,MSI_SCORE,MSI Score,NUMBER,False,0.13
crc_dd_2022,P-0039691,P-0039691-T01-IM6,MSI_TYPE,MSI Type,STRING,False,Stable
crc_dd_2022,P-0039691,P-0039691-T01-IM6,MUTATION_COUNT,Mutation Count,NUMBER,False,14
crc_dd_2022,P-0039691,P-0039691-T01-IM6,ONCOTREE_CODE,Oncotree Code,STRING,False,CAIS
crc_dd_2022,P-0039691,P-0039691-T01-IM6,PRIMARY_SITE,Primary Tumor Site,STRING,False,Rectum
crc_dd_2022,P-0039691,P-0039691-T01-IM6,SAMPLE_COVERAGE,Sample coverage,NUMBER,False,464
crc_dd_2022,P-0039691,P-0039691-T01-IM6,SAMPLE_TYPE,Sample Type,STRING,False,Primary
crc_dd_2022,P-0039691,P-0039691-T01-IM6,TUMOR_LOCATION,Tumor Location (Proximal vs. Distal),STRING,False,Distal
crc_dd_2022,P-0039691,P-0039691-T01-IM6,TUMOR_PURITY,Tumor Purity,NUMBER,False,50
crc_dd_2022,P-0039691,P-0039691-T01-IM6,WGD,WGD,STRING,False,FALSE
crc_dd_2022,P-0061563,P-0061563-T01-IM7,CANCER_TYPE,Cancer Type,STRING,False,Colorectal Cancer
crc_dd_2022,P-0061563,P-0061563-T01-IM7,CANCER_TYPE_DETAILED,Cancer Type Detailed,STRING,False,Colon Adenocarcinoma
crc_dd_2022,P-0061563,P-0061563-T01-IM7,CVR_TMB_SCORE,Impact TMB Score,NUMBER,False,6.6
crc_dd_2022,P-0061563,P-0061563-T01-IM7,DRIVER1_AI,Driver1 Allelic Imbalance,STRING,False,No
crc_dd_2022,P-0061563,P-0061563-T01-IM7,DRIVER1_CCF,Driver1 CCF,NUMBER,False,1.00
crc_dd_2022,P-0061563,P-0061563-T01-IM7,DRIVER1_CELLULAR_FRACTION,Driver1 Cellular Fraction,NUMBER,False,1.00
crc_dd_2022,P-0061563,P-0061563-T01-IM7,DRIVER1_CLONAL_CALL,Driver1 Clonal Call,STRING,False,Clonal
crc_dd_2022,P-0061563,P-0061563-T01-IM7,DRIVER1_EXPECTED_MUTANT_COPIES,Driver1 Expected Mutant Copies,NUMBER,False,1.01
crc_dd_2022,P-0061563,P-0061563-T01-IM7,DRIVER1_FACETS_PLOIDY_CALL,Driver1 Facets Ploidy Call,STRING,False,DIPLOID
crc_dd_2022,P-0061563,P-0061563-T01-IM7,DRIVER1_LCN,Driver1 LCN,STRING,False,1
crc_dd_2022,P-0061563,P-0061563-T01-IM7,DRIVER1_MUTATION,Driver1 Mutation,STRING,False,KRAS p.G12D
crc_dd_2022,P-0061563,P-0061563-T01-IM7,DRIVER1_TCN,Driver1 TCN,STRING,False,2
crc_dd_2022,P-0061563,P-0061563-T01-IM7,DRIVER2_AI,Driver2 Allelic Imbalance,STRING,False,Yes
crc_dd_2022,P-0061563,P-0061563-T01-IM7,DRIVER2_CCF,Driver2 CCF,NUMBER,False,0.69
crc_dd_2022,P-0061563,P-0061563-T01-IM7,DRIVER2_CELLULAR_FRACTION,Driver2 Cellular Fraction,NUMBER,False,0.23
crc_dd_2022,P-0061563,P-0061563-T01-IM7,DRIVER2_CLONAL_CALL,Driver2 Clonal Call,STRING,False,Indeterminate
crc_dd_2022,P-0061563,P-0061563-T01-IM7,DRIVER2_FACETS_PLOIDY_CALL,Driver2 Facets Ploidy Call,STRING,False,HETLOSS
crc_dd_2022,P-0061563,P-0061563-T01-IM7,DRIVER2_LCN,Driver2 LCN,STRING,False,0
crc_dd_2022,P-0061563,P-0061563-T01-IM7,DRIVER2_MUTATION,Driver2 Mutation,STRING,False,NRAS p.G13V
crc_dd_2022,P-0061563,P-0061563-T01-IM7,DRIVER2_TCN,Driver2 TCN,STRING,False,1
crc_dd_2022,P-0061563,P-0061563-T01-IM7,FRACTION_GENOME_ALTERED,Fraction Genome Altered,NUMBER,False,0.2023
crc_dd_2022,P-0061563,P-0061563-T01-IM7,GENOMIC_QC,Genomic QC,STRING,False,PASS
crc_dd_2022,P-0061563,P-0061563-T01-IM7,GROUP,Group,STRING,False,Indeterminate-Clonal
crc_dd_2022,P-0061563,P-0061563-T01-IM7,METASTATIC_SITE,Metastatic Site,STRING,False,Liver
crc_dd_2022,P-0061563,P-0061563-T01-IM7,MSI_SCORE,MSI Score,NUMBER,False,3.53
crc_dd_2022,P-0061563,P-0061563-T01-IM7,MSI_TYPE,MSI Type,STRING,False,Stable
crc_dd_2022,P-0061563,P-0061563-T01-IM7,MUTATION_COUNT,Mutation Count,NUMBER,False,8
crc_dd_2022,P-0061563,P-0061563-T01-IM7,ONCOTREE_CODE,Oncotree Code,STRING,False,COAD
crc_dd_2022,P-0061563,P-0061563-T01-IM7,PRIMARY_SITE,Primary Tumor Site,STRING,False,Ascending Colon
crc_dd_2022,P-0061563,P-0061563-T01-IM7,SAMPLE_COVERAGE,Sample coverage,NUMBER,False,315
crc_dd_2022,P-0061563,P-0061563-T01-IM7,SAMPLE_TYPE,Sample Type,STRING,False,Metastasis
crc_dd_2022,P-0061563,P-0061563-T01-IM7,TUMOR_LOCATION,Tumor Location (Proximal vs. Distal),STRING,False,Proximal
crc_dd_2022,P-0061563,P-0061563-T01-IM7,TUMOR_PURITY,Tumor Purity,NUMBER,False,50
crc_dd_2022,P-0061563,P-0061563-T01-IM7,WGD,WGD,STRING,False,FALSE
crc_dd_2022,C_XPMDEU,s_C_XPMDEU_P001_d,CANCER_TYPE,Cancer Type,STRING,False,Colorectal Cancer
crc_dd_2022,C_XPMDEU,s_C_XPMDEU_P001_d,CANCER_TYPE_DETAILED,Cancer Type Detailed,STRING,False,Colon Adenocarcinoma
crc_dd_2022,C_XPMDEU,s_C_XPMDEU_P001_d,CVR_TMB_SCORE,Impact TMB Score,NUMBER,False,3E-12
crc_dd_2022,C_XPMDEU,s_C_XPMDEU_P001_d,DRIVER1_AI,Driver1 Allelic Imbalance,STRING,False,No
crc_dd_2022,C_XPMDEU,s_C_XPMDEU_P001_d,DRIVER1_CCF,Driver1 CCF,NUMBER,False,0.921
crc_dd_2022,C_XPMDEU,s_C_XPMDEU_P001_d,DRIVER1_CELLULAR_FRACTION,Driver1 Cellular Fraction,NUMBER,False,1.00
crc_dd_2022,C_XPMDEU,s_C_XPMDEU_P001_d,DRIVER1_CLONAL_CALL,Driver1 Clonal Call,STRING,False,Clonal
crc_dd_2022,C_XPMDEU,s_C_XPMDEU_P001_d,DRIVER1_EXPECTED_MUTANT_COPIES,Driver1 Expected Mutant Copies,NUMBER,False,0.92
crc_dd_2022,C_XPMDEU,s_C_XPMDEU_P001_d,DRIVER1_FACETS_PLOIDY_CALL,Driver1 Facets Ploidy Call,STRING,False,DOUBLE LOSS AFTER
crc_dd_2022,C_XPMDEU,s_C_XPMDEU_P001_d,DRIVER1_LCN,Driver1 LCN,STRING,False,1
crc_dd_2022,C_XPMDEU,s_C_XPMDEU_P001_d,DRIVER1_MUTATION,Driver1 Mutation,STRING,False,NRAS p.G12V
crc_dd_2022,C_XPMDEU,s_C_XPMDEU_P001_d,DRIVER1_TCN,Driver1 TCN,STRING,False,2
crc_dd_2022,C_XPMDEU,s_C_XPMDEU_P001_d,DRIVER2_AI,Driver2 Allelic Imbalance,STRING,False,Yes
crc_dd_2022,C_XPMDEU,s_C_XPMDEU_P001_d,DRIVER2_CCF,Driver2 CCF,NUMBER,False,0.77
crc_dd_2022,C_XPMDEU,s_C_XPMDEU_P001_d,DRIVER2_CELLULAR_FRACTION,Driver2 Cellular Fraction,NUMBER,False,0.26
crc_dd_2022,C_XPMDEU,s_C_XPMDEU_P001_d,DRIVER2_CLONAL_CALL,Driver2 Clonal Call,STRING,False,Indeterminate
crc_dd_2022,C_XPMDEU,s_C_XPMDEU_P001_d,DRIVER2_FACETS_PLOIDY_CALL,Driver2 Facets Ploidy Call,STRING,False,LOSS AFTER
crc_dd_2022,C_XPMDEU,s_C_XPMDEU_P001_d,DRIVER2_LCN,Driver2 LCN,STRING,False,1
crc_dd_2022,C_XPMDEU,s_C_XPMDEU_P001_d,DRIVER2_MUTATION,Driver2 Mutation,STRING,False,KRAS p.G12D
crc_dd_2022,C_XPMDEU,s_C_XPMDEU_P001_d,DRIVER2_TCN,Driver2 TCN,STRING,False,3
crc_dd_2022,C_XPMDEU,s_C_XPMDEU_P001_d,FRACTION_GENOME_ALTERED,Fraction Genome Altered,NUMBER,False,0.3144
crc_dd_2022,C_XPMDEU,s_C_XPMDEU_P001_d,GENOMIC_QC,Genomic QC,STRING,False,PASS
crc_dd_2022,C_XPMDEU,s_C_XPMDEU_P001_d,GROUP,Group,STRING,False,Clonal-Indeterminate
crc_dd_2022,C_XPMDEU,s_C_XPMDEU_P001_d,METASTATIC_SITE,Metastatic Site,STRING,False,Liver
crc_dd_2022,C_XPMDEU,s_C_XPMDEU_P001_d,MSI_TYPE,MSI Type,STRING,False,Stable
crc_dd_2022,C_XPMDEU,s_C_XPMDEU_P001_d,MUTATION_COUNT,Mutation Count,NUMBER,False,11
crc_dd_2022,C_XPMDEU,s_C_XPMDEU_P001_d,ONCOTREE_CODE,Oncotree Code,STRING,False,COAD
crc_dd_2022,C_XPMDEU,s_C_XPMDEU_P001_d,PRIMARY_SITE,Primary Tumor Site,STRING,False,Descending
crc_dd_2022,C_XPMDEU,s_C_XPMDEU_P001_d,SAMPLE_TYPE,Sample Type,STRING,False,Metastasis
crc_dd_2022,C_XPMDEU,s_C_XPMDEU_P001_d,TUMOR_LOCATION,Tumor Location (Proximal vs. Distal),STRING,False,Distal
crc_dd_2022,C_XPMDEU,s_C_XPMDEU_P001_d,WGD,WGD,STRING,False,TRUE
